[2026-04-22 17:05:22,151] INFO greenlens.ml_engine: PCRSPredictor loaded model version v1.0.0
[2026-04-22 17:05:23,030] DEBUG greenlens.worldbank_climate: WB CKP API pr/AND returned 404
[2026-04-22 17:05:23,030] DEBUG greenlens.worldbank_climate: WB flood fallback AND \u2192 0.400
[2026-04-22 17:05:23,096] DEBUG greenlens.worldbank_climate: WB CKP API tas/AND returned 404
[2026-04-22 17:05:23,096] DEBUG greenlens.worldbank_climate: WB heat fallback AND \u2192 0.450
[2026-04-22 17:05:23,124] INFO greenlens.ml_engine: Predicted bond AND_Sustainabili_2021: score=31.8 [Medium-Low]
[2026-04-22 17:05:23,737] DEBUG greenlens.worldbank_climate: WB CKP API pr/AND returned 404
[2026-04-22 17:05:23,738] DEBUG greenlens.worldbank_climate: WB flood fallback AND \u2192 0.400
[2026-04-22 17:05:23,843] DEBUG greenlens.worldbank_climate: WB CKP API tas/AND returned 404
[2026-04-22 17:05:23,843] DEBUG greenlens.worldbank_climate: WB heat fallback AND \u2192 0.450
[2026-04-22 17:05:23,857] INFO greenlens.ml_engine: Predicted bond AND_Sustainabili_2022: score=31.8 [Medium-Low]
[2026-04-22 17:05:24,560] DEBUG greenlens.worldbank_climate: WB CKP API pr/ARG returned 404
[2026-04-22 17:05:24,561] DEBUG greenlens.worldbank_climate: WB flood fallback ARG \u2192 0.520
[2026-04-22 17:05:24,660] DEBUG greenlens.worldbank_climate: WB CKP API tas/ARG returned 404
[2026-04-22 17:05:24,661] DEBUG greenlens.worldbank_climate: WB heat fallback ARG \u2192 0.500
[2026-04-22 17:05:24,686] INFO greenlens.ml_engine: Predicted bond ARG_Green_Bonds_2017: score=38.6 [Medium-Low]
[2026-04-22 17:05:25,479] DEBUG greenlens.worldbank_climate: WB CKP API pr/ARG returned 404
[2026-04-22 17:05:25,479] DEBUG greenlens.worldbank_climate: WB flood fallback ARG \u2192 0.520
[2026-04-22 17:05:25,581] DEBUG greenlens.worldbank_climate: WB CKP API tas/ARG returned 404
[2026-04-22 17:05:25,581] DEBUG greenlens.worldbank_climate: WB heat fallback ARG \u2192 0.500
[2026-04-22 17:05:25,600] INFO greenlens.ml_engine: Predicted bond ARG_Green_Bonds_2020: score=38.6 [Medium-Low]
[2026-04-22 17:05:26,351] DEBUG greenlens.worldbank_climate: WB CKP API pr/ARG returned 404
[2026-04-22 17:05:26,352] DEBUG greenlens.worldbank_climate: WB flood fallback ARG \u2192 0.520
[2026-04-22 17:05:26,504] DEBUG greenlens.worldbank_climate: WB CKP API tas/ARG returned 404
[2026-04-22 17:05:26,504] DEBUG greenlens.worldbank_climate: WB heat fallback ARG \u2192 0.500
[2026-04-22 17:05:26,529] INFO greenlens.ml_engine: Predicted bond ARG_Green_Bonds_2021: score=38.6 [Medium-Low]
[2026-04-22 17:05:27,227] DEBUG greenlens.worldbank_climate: WB CKP API pr/ARG returned 404
[2026-04-22 17:05:27,227] DEBUG greenlens.worldbank_climate: WB flood fallback ARG \u2192 0.520
[2026-04-22 17:05:27,322] DEBUG greenlens.worldbank_climate: WB CKP API tas/ARG returned 404
[2026-04-22 17:05:27,322] DEBUG greenlens.worldbank_climate: WB heat fallback ARG \u2192 0.500
[2026-04-22 17:05:27,351] INFO greenlens.ml_engine: Predicted bond ARG_Green_Bonds_2022: score=38.6 [Medium-Low]
[2026-04-22 17:05:28,039] DEBUG greenlens.worldbank_climate: WB CKP API pr/ARG returned 404
[2026-04-22 17:05:28,039] DEBUG greenlens.worldbank_climate: WB flood fallback ARG \u2192 0.520
[2026-04-22 17:05:28,142] DEBUG greenlens.worldbank_climate: WB CKP API tas/ARG returned 404
[2026-04-22 17:05:28,142] DEBUG greenlens.worldbank_climate: WB heat fallback ARG \u2192 0.500
[2026-04-22 17:05:28,167] INFO greenlens.ml_engine: Predicted bond ARG_Green_Bonds_2023: score=38.6 [Medium-Low]
[2026-04-22 17:05:28,859] DEBUG greenlens.worldbank_climate: WB CKP API pr/ARG returned 404
[2026-04-22 17:05:28,859] DEBUG greenlens.worldbank_climate: WB flood fallback ARG \u2192 0.520
[2026-04-22 17:05:28,932] DEBUG greenlens.worldbank_climate: WB CKP API tas/ARG returned 404
[2026-04-22 17:05:28,932] DEBUG greenlens.worldbank_climate: WB heat fallback ARG \u2192 0.500
[2026-04-22 17:05:28,959] INFO greenlens.ml_engine: Predicted bond ARG_Green_Bonds_2024: score=38.6 [Medium-Low]
[2026-04-22 17:05:29,476] DEBUG greenlens.worldbank_climate: WB CKP API pr/ARG returned 404
[2026-04-22 17:05:29,476] DEBUG greenlens.worldbank_climate: WB flood fallback ARG \u2192 0.520
[2026-04-22 17:05:29,575] DEBUG greenlens.worldbank_climate: WB CKP API tas/ARG returned 404
[2026-04-22 17:05:29,575] DEBUG greenlens.worldbank_climate: WB heat fallback ARG \u2192 0.500
[2026-04-22 17:05:29,590] INFO greenlens.ml_engine: Predicted bond ARG_Social_Bond_2017: score=38.6 [Medium-Low]
[2026-04-22 17:05:30,165] DEBUG greenlens.worldbank_climate: WB CKP API pr/ARG returned 404
[2026-04-22 17:05:30,165] DEBUG greenlens.worldbank_climate: WB flood fallback ARG \u2192 0.520
[2026-04-22 17:05:30,293] DEBUG greenlens.worldbank_climate: WB CKP API tas/ARG returned 404
[2026-04-22 17:05:30,293] DEBUG greenlens.worldbank_climate: WB heat fallback ARG \u2192 0.500
[2026-04-22 17:05:30,314] INFO greenlens.ml_engine: Predicted bond ARG_Social_Bond_2021: score=38.6 [Medium-Low]
[2026-04-22 17:05:30,871] DEBUG greenlens.worldbank_climate: WB CKP API pr/ARG returned 404
[2026-04-22 17:05:30,871] DEBUG greenlens.worldbank_climate: WB flood fallback ARG \u2192 0.520
[2026-04-22 17:05:31,009] DEBUG greenlens.worldbank_climate: WB CKP API tas/ARG returned 404
[2026-04-22 17:05:31,009] DEBUG greenlens.worldbank_climate: WB heat fallback ARG \u2192 0.500
[2026-04-22 17:05:31,032] INFO greenlens.ml_engine: Predicted bond ARG_Social_Bond_2022: score=38.6 [Medium-Low]
[2026-04-22 17:05:31,725] DEBUG greenlens.worldbank_climate: WB CKP API pr/ARG returned 404
[2026-04-22 17:05:31,725] DEBUG greenlens.worldbank_climate: WB flood fallback ARG \u2192 0.520
[2026-04-22 17:05:31,828] DEBUG greenlens.worldbank_climate: WB CKP API tas/ARG returned 404
[2026-04-22 17:05:31,828] DEBUG greenlens.worldbank_climate: WB heat fallback ARG \u2192 0.500
[2026-04-22 17:05:31,844] INFO greenlens.ml_engine: Predicted bond ARG_Social_Bond_2023: score=38.6 [Medium-Low]
[2026-04-22 17:05:32,647] DEBUG greenlens.worldbank_climate: WB CKP API pr/ARG returned 404
[2026-04-22 17:05:32,647] DEBUG greenlens.worldbank_climate: WB flood fallback ARG \u2192 0.520
[2026-04-22 17:05:32,738] DEBUG greenlens.worldbank_climate: WB CKP API tas/ARG returned 404
[2026-04-22 17:05:32,738] DEBUG greenlens.worldbank_climate: WB heat fallback ARG \u2192 0.500
[2026-04-22 17:05:32,762] INFO greenlens.ml_engine: Predicted bond ARG_Sustainabili_2022: score=38.6 [Medium-Low]
[2026-04-22 17:05:33,466] DEBUG greenlens.worldbank_climate: WB CKP API pr/ARG returned 404
[2026-04-22 17:05:33,466] DEBUG greenlens.worldbank_climate: WB flood fallback ARG \u2192 0.520
[2026-04-22 17:05:33,576] DEBUG greenlens.worldbank_climate: WB CKP API tas/ARG returned 404
[2026-04-22 17:05:33,576] DEBUG greenlens.worldbank_climate: WB heat fallback ARG \u2192 0.500
[2026-04-22 17:05:33,596] INFO greenlens.ml_engine: Predicted bond ARG_Sustainabili_2023: score=38.6 [Medium-Low]
[2026-04-22 17:05:34,153] DEBUG greenlens.worldbank_climate: WB CKP API pr/ARG returned 404
[2026-04-22 17:05:34,153] DEBUG greenlens.worldbank_climate: WB flood fallback ARG \u2192 0.520
[2026-04-22 17:05:34,287] DEBUG greenlens.worldbank_climate: WB CKP API tas/ARG returned 404
[2026-04-22 17:05:34,287] DEBUG greenlens.worldbank_climate: WB heat fallback ARG \u2192 0.500
[2026-04-22 17:05:34,307] INFO greenlens.ml_engine: Predicted bond ARG_Sustainabili_2024: score=38.6 [Medium-Low]
[2026-04-22 17:05:34,957] DEBUG greenlens.worldbank_climate: WB CKP API pr/ARG returned 404
[2026-04-22 17:05:34,957] DEBUG greenlens.worldbank_climate: WB flood fallback ARG \u2192 0.520
[2026-04-22 17:05:35,022] DEBUG greenlens.worldbank_climate: WB CKP API tas/ARG returned 404
[2026-04-22 17:05:35,023] DEBUG greenlens.worldbank_climate: WB heat fallback ARG \u2192 0.500
[2026-04-22 17:05:35,045] INFO greenlens.ml_engine: Predicted bond ARG_Linked_Bond_2021: score=38.6 [Medium-Low]
[2026-04-22 17:05:35,821] DEBUG greenlens.worldbank_climate: WB CKP API pr/ARG returned 404
[2026-04-22 17:05:35,821] DEBUG greenlens.worldbank_climate: WB flood fallback ARG \u2192 0.520
[2026-04-22 17:05:35,923] DEBUG greenlens.worldbank_climate: WB CKP API tas/ARG returned 404
[2026-04-22 17:05:35,924] DEBUG greenlens.worldbank_climate: WB heat fallback ARG \u2192 0.500
[2026-04-22 17:05:35,943] INFO greenlens.ml_engine: Predicted bond ARG_Linked_Bond_2022: score=38.6 [Medium-Low]
[2026-04-22 17:05:36,639] DEBUG greenlens.worldbank_climate: WB CKP API pr/ARG returned 404
[2026-04-22 17:05:36,639] DEBUG greenlens.worldbank_climate: WB flood fallback ARG \u2192 0.520
[2026-04-22 17:05:36,752] DEBUG greenlens.worldbank_climate: WB CKP API tas/ARG returned 404
[2026-04-22 17:05:36,752] DEBUG greenlens.worldbank_climate: WB heat fallback ARG \u2192 0.500
[2026-04-22 17:05:36,768] INFO greenlens.ml_engine: Predicted bond ARG_Linked_Bond_2023: score=38.6 [Medium-Low]
[2026-04-22 17:05:37,398] DEBUG greenlens.worldbank_climate: WB CKP API pr/ARG returned 404
[2026-04-22 17:05:37,398] DEBUG greenlens.worldbank_climate: WB flood fallback ARG \u2192 0.520
[2026-04-22 17:05:37,468] DEBUG greenlens.worldbank_climate: WB CKP API tas/ARG returned 404
[2026-04-22 17:05:37,468] DEBUG greenlens.worldbank_climate: WB heat fallback ARG \u2192 0.500
[2026-04-22 17:05:37,484] INFO greenlens.ml_engine: Predicted bond ARG_Linked_Bond_2024: score=38.6 [Medium-Low]
[2026-04-22 17:05:38,076] DEBUG greenlens.worldbank_climate: WB CKP API pr/AUS returned 404
[2026-04-22 17:05:38,076] DEBUG greenlens.worldbank_climate: WB flood fallback AUS \u2192 0.450
[2026-04-22 17:05:38,140] DEBUG greenlens.worldbank_climate: WB CKP API tas/AUS returned 404
[2026-04-22 17:05:38,140] DEBUG greenlens.worldbank_climate: WB heat fallback AUS \u2192 0.650
[2026-04-22 17:05:38,163] INFO greenlens.ml_engine: Predicted bond AUS_Green_Bonds_2014: score=40.7 [Medium-Low]
[2026-04-22 17:05:38,896] DEBUG greenlens.worldbank_climate: WB CKP API pr/AUS returned 404
[2026-04-22 17:05:38,896] DEBUG greenlens.worldbank_climate: WB flood fallback AUS \u2192 0.450
[2026-04-22 17:05:38,995] DEBUG greenlens.worldbank_climate: WB CKP API tas/AUS returned 404
[2026-04-22 17:05:38,995] DEBUG greenlens.worldbank_climate: WB heat fallback AUS \u2192 0.650
[2026-04-22 17:05:39,012] INFO greenlens.ml_engine: Predicted bond AUS_Green_Bonds_2015: score=40.7 [Medium-Low]
[2026-04-22 17:05:39,712] DEBUG greenlens.worldbank_climate: WB CKP API pr/AUS returned 404
[2026-04-22 17:05:39,712] DEBUG greenlens.worldbank_climate: WB flood fallback AUS \u2192 0.450
[2026-04-22 17:05:39,814] DEBUG greenlens.worldbank_climate: WB CKP API tas/AUS returned 404
[2026-04-22 17:05:39,814] DEBUG greenlens.worldbank_climate: WB heat fallback AUS \u2192 0.650
[2026-04-22 17:05:39,829] INFO greenlens.ml_engine: Predicted bond AUS_Green_Bonds_2016: score=40.7 [Medium-Low]
[2026-04-22 17:05:40,430] DEBUG greenlens.worldbank_climate: WB CKP API pr/AUS returned 404
[2026-04-22 17:05:40,430] DEBUG greenlens.worldbank_climate: WB flood fallback AUS \u2192 0.450
[2026-04-22 17:05:40,532] DEBUG greenlens.worldbank_climate: WB CKP API tas/AUS returned 404
[2026-04-22 17:05:40,532] DEBUG greenlens.worldbank_climate: WB heat fallback AUS \u2192 0.650
[2026-04-22 17:05:40,547] INFO greenlens.ml_engine: Predicted bond AUS_Green_Bonds_2017: score=40.7 [Medium-Low]
[2026-04-22 17:05:41,148] DEBUG greenlens.worldbank_climate: WB CKP API pr/AUS returned 404
[2026-04-22 17:05:41,148] DEBUG greenlens.worldbank_climate: WB flood fallback AUS \u2192 0.450
[2026-04-22 17:05:41,249] DEBUG greenlens.worldbank_climate: WB CKP API tas/AUS returned 404
[2026-04-22 17:05:41,249] DEBUG greenlens.worldbank_climate: WB heat fallback AUS \u2192 0.650
[2026-04-22 17:05:41,268] INFO greenlens.ml_engine: Predicted bond AUS_Green_Bonds_2018: score=40.7 [Medium-Low]
[2026-04-22 17:05:41,966] DEBUG greenlens.worldbank_climate: WB CKP API pr/AUS returned 404
[2026-04-22 17:05:41,966] DEBUG greenlens.worldbank_climate: WB flood fallback AUS \u2192 0.450
[2026-04-22 17:05:42,068] DEBUG greenlens.worldbank_climate: WB CKP API tas/AUS returned 404
[2026-04-22 17:05:42,068] DEBUG greenlens.worldbank_climate: WB heat fallback AUS \u2192 0.650
[2026-04-22 17:05:42,091] INFO greenlens.ml_engine: Predicted bond AUS_Green_Bonds_2019: score=40.7 [Medium-Low]
[2026-04-22 17:05:42,683] DEBUG greenlens.worldbank_climate: WB CKP API pr/AUS returned 404
[2026-04-22 17:05:42,683] DEBUG greenlens.worldbank_climate: WB flood fallback AUS \u2192 0.450
[2026-04-22 17:05:42,763] DEBUG greenlens.worldbank_climate: WB CKP API tas/AUS returned 404
[2026-04-22 17:05:42,763] DEBUG greenlens.worldbank_climate: WB heat fallback AUS \u2192 0.650
[2026-04-22 17:05:42,781] INFO greenlens.ml_engine: Predicted bond AUS_Green_Bonds_2020: score=40.7 [Medium-Low]
[2026-04-22 17:05:43,400] DEBUG greenlens.worldbank_climate: WB CKP API pr/AUS returned 404
[2026-04-22 17:05:43,401] DEBUG greenlens.worldbank_climate: WB flood fallback AUS \u2192 0.450
[2026-04-22 17:05:43,500] DEBUG greenlens.worldbank_climate: WB CKP API tas/AUS returned 404
[2026-04-22 17:05:43,501] DEBUG greenlens.worldbank_climate: WB heat fallback AUS \u2192 0.650
[2026-04-22 17:05:43,520] INFO greenlens.ml_engine: Predicted bond AUS_Green_Bonds_2021: score=40.7 [Medium-Low]
[2026-04-22 17:05:44,218] DEBUG greenlens.worldbank_climate: WB CKP API pr/AUS returned 404
[2026-04-22 17:05:44,218] DEBUG greenlens.worldbank_climate: WB flood fallback AUS \u2192 0.450
[2026-04-22 17:05:44,322] DEBUG greenlens.worldbank_climate: WB CKP API tas/AUS returned 404
[2026-04-22 17:05:44,322] DEBUG greenlens.worldbank_climate: WB heat fallback AUS \u2192 0.650
[2026-04-22 17:05:44,343] INFO greenlens.ml_engine: Predicted bond AUS_Green_Bonds_2022: score=40.7 [Medium-Low]
[2026-04-22 17:05:44,936] DEBUG greenlens.worldbank_climate: WB CKP API pr/AUS returned 404
[2026-04-22 17:05:44,936] DEBUG greenlens.worldbank_climate: WB flood fallback AUS \u2192 0.450
[2026-04-22 17:05:45,037] DEBUG greenlens.worldbank_climate: WB CKP API tas/AUS returned 404
[2026-04-22 17:05:45,037] DEBUG greenlens.worldbank_climate: WB heat fallback AUS \u2192 0.650
[2026-04-22 17:05:45,059] INFO greenlens.ml_engine: Predicted bond AUS_Green_Bonds_2023: score=40.7 [Medium-Low]
[2026-04-22 17:05:45,755] DEBUG greenlens.worldbank_climate: WB CKP API pr/AUS returned 404
[2026-04-22 17:05:45,755] DEBUG greenlens.worldbank_climate: WB flood fallback AUS \u2192 0.450
[2026-04-22 17:05:45,826] DEBUG greenlens.worldbank_climate: WB CKP API tas/AUS returned 404
[2026-04-22 17:05:45,826] DEBUG greenlens.worldbank_climate: WB heat fallback AUS \u2192 0.650
[2026-04-22 17:05:45,848] INFO greenlens.ml_engine: Predicted bond AUS_Green_Bonds_2024: score=40.7 [Medium-Low]
[2026-04-22 17:05:46,573] DEBUG greenlens.worldbank_climate: WB CKP API pr/AUS returned 404
[2026-04-22 17:05:46,574] DEBUG greenlens.worldbank_climate: WB flood fallback AUS \u2192 0.450
[2026-04-22 17:05:46,676] DEBUG greenlens.worldbank_climate: WB CKP API tas/AUS returned 404
[2026-04-22 17:05:46,676] DEBUG greenlens.worldbank_climate: WB heat fallback AUS \u2192 0.650
[2026-04-22 17:05:46,702] INFO greenlens.ml_engine: Predicted bond AUS_Social_Bond_2017: score=40.7 [Medium-Low]
[2026-04-22 17:05:47,291] DEBUG greenlens.worldbank_climate: WB CKP API pr/AUS returned 404
[2026-04-22 17:05:47,291] DEBUG greenlens.worldbank_climate: WB flood fallback AUS \u2192 0.450
[2026-04-22 17:05:47,394] DEBUG greenlens.worldbank_climate: WB CKP API tas/AUS returned 404
[2026-04-22 17:05:47,394] DEBUG greenlens.worldbank_climate: WB heat fallback AUS \u2192 0.650
[2026-04-22 17:05:47,412] INFO greenlens.ml_engine: Predicted bond AUS_Social_Bond_2019: score=40.7 [Medium-Low]
[2026-04-22 17:05:48,008] DEBUG greenlens.worldbank_climate: WB CKP API pr/AUS returned 404
[2026-04-22 17:05:48,008] DEBUG greenlens.worldbank_climate: WB flood fallback AUS \u2192 0.450
[2026-04-22 17:05:48,109] DEBUG greenlens.worldbank_climate: WB CKP API tas/AUS returned 404
[2026-04-22 17:05:48,109] DEBUG greenlens.worldbank_climate: WB heat fallback AUS \u2192 0.650
[2026-04-22 17:05:48,129] INFO greenlens.ml_engine: Predicted bond AUS_Social_Bond_2020: score=40.7 [Medium-Low]
[2026-04-22 17:05:48,725] DEBUG greenlens.worldbank_climate: WB CKP API pr/AUS returned 404
[2026-04-22 17:05:48,725] DEBUG greenlens.worldbank_climate: WB flood fallback AUS \u2192 0.450
[2026-04-22 17:05:48,784] DEBUG greenlens.worldbank_climate: WB CKP API tas/AUS returned 404
[2026-04-22 17:05:48,784] DEBUG greenlens.worldbank_climate: WB heat fallback AUS \u2192 0.650
[2026-04-22 17:05:48,809] INFO greenlens.ml_engine: Predicted bond AUS_Social_Bond_2021: score=40.7 [Medium-Low]
[2026-04-22 17:05:49,440] DEBUG greenlens.worldbank_climate: WB CKP API pr/AUS returned 404
[2026-04-22 17:05:49,441] DEBUG greenlens.worldbank_climate: WB flood fallback AUS \u2192 0.450
[2026-04-22 17:05:49,544] DEBUG greenlens.worldbank_climate: WB CKP API tas/AUS returned 404
[2026-04-22 17:05:49,544] DEBUG greenlens.worldbank_climate: WB heat fallback AUS \u2192 0.650
[2026-04-22 17:05:49,564] INFO greenlens.ml_engine: Predicted bond AUS_Sustainabili_2017: score=40.7 [Medium-Low]
[2026-04-22 17:05:50,151] DEBUG greenlens.worldbank_climate: WB CKP API pr/AUS returned 404
[2026-04-22 17:05:50,152] DEBUG greenlens.worldbank_climate: WB flood fallback AUS \u2192 0.450
[2026-04-22 17:05:50,261] DEBUG greenlens.worldbank_climate: WB CKP API tas/AUS returned 404
[2026-04-22 17:05:50,261] DEBUG greenlens.worldbank_climate: WB heat fallback AUS \u2192 0.650
[2026-04-22 17:05:50,287] INFO greenlens.ml_engine: Predicted bond AUS_Sustainabili_2018: score=40.7 [Medium-Low]
[2026-04-22 17:05:50,875] DEBUG greenlens.worldbank_climate: WB CKP API pr/AUS returned 404
[2026-04-22 17:05:50,875] DEBUG greenlens.worldbank_climate: WB flood fallback AUS \u2192 0.450
[2026-04-22 17:05:50,988] DEBUG greenlens.worldbank_climate: WB CKP API tas/AUS returned 404
[2026-04-22 17:05:50,988] DEBUG greenlens.worldbank_climate: WB heat fallback AUS \u2192 0.650
[2026-04-22 17:05:51,014] INFO greenlens.ml_engine: Predicted bond AUS_Sustainabili_2019: score=40.7 [Medium-Low]
[2026-04-22 17:05:51,696] DEBUG greenlens.worldbank_climate: WB CKP API pr/AUS returned 404
[2026-04-22 17:05:51,696] DEBUG greenlens.worldbank_climate: WB flood fallback AUS \u2192 0.450
[2026-04-22 17:05:51,795] DEBUG greenlens.worldbank_climate: WB CKP API tas/AUS returned 404
[2026-04-22 17:05:51,795] DEBUG greenlens.worldbank_climate: WB heat fallback AUS \u2192 0.650
[2026-04-22 17:05:51,820] INFO greenlens.ml_engine: Predicted bond AUS_Sustainabili_2020: score=40.7 [Medium-Low]
[2026-04-22 17:05:52,615] DEBUG greenlens.worldbank_climate: WB CKP API pr/AUS returned 404
[2026-04-22 17:05:52,615] DEBUG greenlens.worldbank_climate: WB flood fallback AUS \u2192 0.450
[2026-04-22 17:05:52,717] DEBUG greenlens.worldbank_climate: WB CKP API tas/AUS returned 404
[2026-04-22 17:05:52,718] DEBUG greenlens.worldbank_climate: WB heat fallback AUS \u2192 0.650
[2026-04-22 17:05:52,731] INFO greenlens.ml_engine: Predicted bond AUS_Sustainabili_2021: score=40.7 [Medium-Low]
[2026-04-22 17:05:53,331] DEBUG greenlens.worldbank_climate: WB CKP API pr/AUS returned 404
[2026-04-22 17:05:53,331] DEBUG greenlens.worldbank_climate: WB flood fallback AUS \u2192 0.450
[2026-04-22 17:05:53,397] DEBUG greenlens.worldbank_climate: WB CKP API tas/AUS returned 404
[2026-04-22 17:05:53,398] DEBUG greenlens.worldbank_climate: WB heat fallback AUS \u2192 0.650
[2026-04-22 17:05:53,419] INFO greenlens.ml_engine: Predicted bond AUS_Sustainabili_2022: score=40.7 [Medium-Low]
[2026-04-22 17:05:54,047] DEBUG greenlens.worldbank_climate: WB CKP API pr/AUS returned 404
[2026-04-22 17:05:54,048] DEBUG greenlens.worldbank_climate: WB flood fallback AUS \u2192 0.450
[2026-04-22 17:05:54,150] DEBUG greenlens.worldbank_climate: WB CKP API tas/AUS returned 404
[2026-04-22 17:05:54,150] DEBUG greenlens.worldbank_climate: WB heat fallback AUS \u2192 0.650
[2026-04-22 17:05:54,169] INFO greenlens.ml_engine: Predicted bond AUS_Sustainabili_2023: score=40.7 [Medium-Low]
[2026-04-22 17:05:54,766] DEBUG greenlens.worldbank_climate: WB CKP API pr/AUS returned 404
[2026-04-22 17:05:54,766] DEBUG greenlens.worldbank_climate: WB flood fallback AUS \u2192 0.450
[2026-04-22 17:05:54,843] DEBUG greenlens.worldbank_climate: WB CKP API tas/AUS returned 404
[2026-04-22 17:05:54,844] DEBUG greenlens.worldbank_climate: WB heat fallback AUS \u2192 0.650
[2026-04-22 17:05:54,860] INFO greenlens.ml_engine: Predicted bond AUS_Sustainabili_2024: score=40.7 [Medium-Low]
[2026-04-22 17:05:55,584] DEBUG greenlens.worldbank_climate: WB CKP API pr/AUS returned 404
[2026-04-22 17:05:55,584] DEBUG greenlens.worldbank_climate: WB flood fallback AUS \u2192 0.450
[2026-04-22 17:05:55,686] DEBUG greenlens.worldbank_climate: WB CKP API tas/AUS returned 404
[2026-04-22 17:05:55,686] DEBUG greenlens.worldbank_climate: WB heat fallback AUS \u2192 0.650
[2026-04-22 17:05:55,711] INFO greenlens.ml_engine: Predicted bond AUS_Linked_Bond_2021: score=40.7 [Medium-Low]
[2026-04-22 17:05:56,302] DEBUG greenlens.worldbank_climate: WB CKP API pr/AUS returned 404
[2026-04-22 17:05:56,302] DEBUG greenlens.worldbank_climate: WB flood fallback AUS \u2192 0.450
[2026-04-22 17:05:56,375] DEBUG greenlens.worldbank_climate: WB CKP API tas/AUS returned 404
[2026-04-22 17:05:56,375] DEBUG greenlens.worldbank_climate: WB heat fallback AUS \u2192 0.650
[2026-04-22 17:05:56,392] INFO greenlens.ml_engine: Predicted bond AUS_Linked_Bond_2022: score=40.7 [Medium-Low]
[2026-04-22 17:05:57,091] DEBUG greenlens.worldbank_climate: WB CKP API pr/AUS returned 404
[2026-04-22 17:05:57,091] DEBUG greenlens.worldbank_climate: WB flood fallback AUS \u2192 0.450
[2026-04-22 17:05:57,166] DEBUG greenlens.worldbank_climate: WB CKP API tas/AUS returned 404
[2026-04-22 17:05:57,166] DEBUG greenlens.worldbank_climate: WB heat fallback AUS \u2192 0.650
[2026-04-22 17:05:57,185] INFO greenlens.ml_engine: Predicted bond AUS_Linked_Bond_2023: score=40.7 [Medium-Low]
[2026-04-22 17:05:57,746] DEBUG greenlens.worldbank_climate: WB CKP API pr/AUT returned 404
[2026-04-22 17:05:57,747] DEBUG greenlens.worldbank_climate: WB flood fallback AUT \u2192 0.350
[2026-04-22 17:05:57,941] DEBUG greenlens.worldbank_climate: WB CKP API tas/AUT returned 404
[2026-04-22 17:05:57,941] DEBUG greenlens.worldbank_climate: WB heat fallback AUT \u2192 0.300
[2026-04-22 17:05:57,956] INFO greenlens.ml_engine: Predicted bond AUT_Green_Bonds_2014: score=24.5 [Medium-Low]
[2026-04-22 17:05:58,656] DEBUG greenlens.worldbank_climate: WB CKP API pr/AUT returned 404
[2026-04-22 17:05:58,656] DEBUG greenlens.worldbank_climate: WB flood fallback AUT \u2192 0.350
[2026-04-22 17:05:58,765] DEBUG greenlens.worldbank_climate: WB CKP API tas/AUT returned 404
[2026-04-22 17:05:58,765] DEBUG greenlens.worldbank_climate: WB heat fallback AUT \u2192 0.300
[2026-04-22 17:05:58,782] INFO greenlens.ml_engine: Predicted bond AUT_Green_Bonds_2015: score=24.5 [Medium-Low]
[2026-04-22 17:05:59,373] DEBUG greenlens.worldbank_climate: WB CKP API pr/AUT returned 404
[2026-04-22 17:05:59,373] DEBUG greenlens.worldbank_climate: WB flood fallback AUT \u2192 0.350
[2026-04-22 17:05:59,476] DEBUG greenlens.worldbank_climate: WB CKP API tas/AUT returned 404
[2026-04-22 17:05:59,477] DEBUG greenlens.worldbank_climate: WB heat fallback AUT \u2192 0.300
[2026-04-22 17:05:59,528] INFO greenlens.ml_engine: Predicted bond AUT_Green_Bonds_2016: score=24.5 [Medium-Low]
[2026-04-22 17:06:00,150] DEBUG greenlens.worldbank_climate: WB CKP API pr/AUT returned 404
[2026-04-22 17:06:00,150] DEBUG greenlens.worldbank_climate: WB flood fallback AUT \u2192 0.350
[2026-04-22 17:06:00,219] DEBUG greenlens.worldbank_climate: WB CKP API tas/AUT returned 404
[2026-04-22 17:06:00,220] DEBUG greenlens.worldbank_climate: WB heat fallback AUT \u2192 0.300
[2026-04-22 17:06:00,246] INFO greenlens.ml_engine: Predicted bond AUT_Green_Bonds_2017: score=24.5 [Medium-Low]
[2026-04-22 17:06:00,844] DEBUG greenlens.worldbank_climate: WB CKP API pr/AUT returned 404
[2026-04-22 17:06:00,844] DEBUG greenlens.worldbank_climate: WB flood fallback AUT \u2192 0.350
[2026-04-22 17:06:00,925] DEBUG greenlens.worldbank_climate: WB CKP API tas/AUT returned 404
[2026-04-22 17:06:00,925] DEBUG greenlens.worldbank_climate: WB heat fallback AUT \u2192 0.300
[2026-04-22 17:06:00,946] INFO greenlens.ml_engine: Predicted bond AUT_Green_Bonds_2018: score=24.5 [Medium-Low]
[2026-04-22 17:06:01,526] DEBUG greenlens.worldbank_climate: WB CKP API pr/AUT returned 404
[2026-04-22 17:06:01,526] DEBUG greenlens.worldbank_climate: WB flood fallback AUT \u2192 0.350
[2026-04-22 17:06:01,592] DEBUG greenlens.worldbank_climate: WB CKP API tas/AUT returned 404
[2026-04-22 17:06:01,592] DEBUG greenlens.worldbank_climate: WB heat fallback AUT \u2192 0.300
[2026-04-22 17:06:01,607] INFO greenlens.ml_engine: Predicted bond AUT_Green_Bonds_2019: score=24.5 [Medium-Low]
[2026-04-22 17:06:02,240] DEBUG greenlens.worldbank_climate: WB CKP API pr/AUT returned 404
[2026-04-22 17:06:02,240] DEBUG greenlens.worldbank_climate: WB flood fallback AUT \u2192 0.350
[2026-04-22 17:06:02,341] DEBUG greenlens.worldbank_climate: WB CKP API tas/AUT returned 404
[2026-04-22 17:06:02,342] DEBUG greenlens.worldbank_climate: WB heat fallback AUT \u2192 0.300
[2026-04-22 17:06:02,362] INFO greenlens.ml_engine: Predicted bond AUT_Green_Bonds_2020: score=24.5 [Medium-Low]
[2026-04-22 17:06:02,915] DEBUG greenlens.worldbank_climate: WB CKP API pr/AUT returned 404
[2026-04-22 17:06:02,916] DEBUG greenlens.worldbank_climate: WB flood fallback AUT \u2192 0.350
[2026-04-22 17:06:03,060] DEBUG greenlens.worldbank_climate: WB CKP API tas/AUT returned 404
[2026-04-22 17:06:03,060] DEBUG greenlens.worldbank_climate: WB heat fallback AUT \u2192 0.300
[2026-04-22 17:06:03,081] INFO greenlens.ml_engine: Predicted bond AUT_Green_Bonds_2021: score=24.5 [Medium-Low]
[2026-04-22 17:06:03,675] DEBUG greenlens.worldbank_climate: WB CKP API pr/AUT returned 404
[2026-04-22 17:06:03,675] DEBUG greenlens.worldbank_climate: WB flood fallback AUT \u2192 0.350
[2026-04-22 17:06:03,778] DEBUG greenlens.worldbank_climate: WB CKP API tas/AUT returned 404
[2026-04-22 17:06:03,778] DEBUG greenlens.worldbank_climate: WB heat fallback AUT \u2192 0.300
[2026-04-22 17:06:03,792] INFO greenlens.ml_engine: Predicted bond AUT_Green_Bonds_2022: score=24.5 [Medium-Low]
[2026-04-22 17:06:04,390] DEBUG greenlens.worldbank_climate: WB CKP API pr/AUT returned 404
[2026-04-22 17:06:04,390] DEBUG greenlens.worldbank_climate: WB flood fallback AUT \u2192 0.350
[2026-04-22 17:06:04,493] DEBUG greenlens.worldbank_climate: WB CKP API tas/AUT returned 404
[2026-04-22 17:06:04,494] DEBUG greenlens.worldbank_climate: WB heat fallback AUT \u2192 0.300
[2026-04-22 17:06:04,513] INFO greenlens.ml_engine: Predicted bond AUT_Green_Bonds_2023: score=24.5 [Medium-Low]
[2026-04-22 17:06:05,106] DEBUG greenlens.worldbank_climate: WB CKP API pr/AUT returned 404
[2026-04-22 17:06:05,106] DEBUG greenlens.worldbank_climate: WB flood fallback AUT \u2192 0.350
[2026-04-22 17:06:05,209] DEBUG greenlens.worldbank_climate: WB CKP API tas/AUT returned 404
[2026-04-22 17:06:05,210] DEBUG greenlens.worldbank_climate: WB heat fallback AUT \u2192 0.300
[2026-04-22 17:06:05,234] INFO greenlens.ml_engine: Predicted bond AUT_Green_Bonds_2024: score=24.5 [Medium-Low]
[2026-04-22 17:06:05,824] DEBUG greenlens.worldbank_climate: WB CKP API pr/AUT returned 404
[2026-04-22 17:06:05,824] DEBUG greenlens.worldbank_climate: WB flood fallback AUT \u2192 0.350
[2026-04-22 17:06:05,900] DEBUG greenlens.worldbank_climate: WB CKP API tas/AUT returned 404
[2026-04-22 17:06:05,900] DEBUG greenlens.worldbank_climate: WB heat fallback AUT \u2192 0.300
[2026-04-22 17:06:05,915] INFO greenlens.ml_engine: Predicted bond AUT_Social_Bond_2017: score=24.5 [Medium-Low]
[2026-04-22 17:06:06,466] DEBUG greenlens.worldbank_climate: WB CKP API pr/AUT returned 404
[2026-04-22 17:06:06,466] DEBUG greenlens.worldbank_climate: WB flood fallback AUT \u2192 0.350
[2026-04-22 17:06:06,541] DEBUG greenlens.worldbank_climate: WB CKP API tas/AUT returned 404
[2026-04-22 17:06:06,541] DEBUG greenlens.worldbank_climate: WB heat fallback AUT \u2192 0.300
[2026-04-22 17:06:06,558] INFO greenlens.ml_engine: Predicted bond AUT_Social_Bond_2020: score=24.5 [Medium-Low]
[2026-04-22 17:06:07,259] DEBUG greenlens.worldbank_climate: WB CKP API pr/AUT returned 404
[2026-04-22 17:06:07,259] DEBUG greenlens.worldbank_climate: WB flood fallback AUT \u2192 0.350
[2026-04-22 17:06:07,364] DEBUG greenlens.worldbank_climate: WB CKP API tas/AUT returned 404
[2026-04-22 17:06:07,364] DEBUG greenlens.worldbank_climate: WB heat fallback AUT \u2192 0.300
[2026-04-22 17:06:07,384] INFO greenlens.ml_engine: Predicted bond AUT_Social_Bond_2021: score=24.5 [Medium-Low]
[2026-04-22 17:06:08,170] DEBUG greenlens.worldbank_climate: WB CKP API pr/AUT returned 404
[2026-04-22 17:06:08,171] DEBUG greenlens.worldbank_climate: WB flood fallback AUT \u2192 0.350
[2026-04-22 17:06:08,282] DEBUG greenlens.worldbank_climate: WB CKP API tas/AUT returned 404
[2026-04-22 17:06:08,282] DEBUG greenlens.worldbank_climate: WB heat fallback AUT \u2192 0.300
[2026-04-22 17:06:08,301] INFO greenlens.ml_engine: Predicted bond AUT_Sustainabili_2019: score=24.5 [Medium-Low]
[2026-04-22 17:06:08,997] DEBUG greenlens.worldbank_climate: WB CKP API pr/AUT returned 404
[2026-04-22 17:06:08,998] DEBUG greenlens.worldbank_climate: WB flood fallback AUT \u2192 0.350
[2026-04-22 17:06:09,100] DEBUG greenlens.worldbank_climate: WB CKP API tas/AUT returned 404
[2026-04-22 17:06:09,101] DEBUG greenlens.worldbank_climate: WB heat fallback AUT \u2192 0.300
[2026-04-22 17:06:09,121] INFO greenlens.ml_engine: Predicted bond AUT_Sustainabili_2021: score=24.5 [Medium-Low]
[2026-04-22 17:06:09,818] DEBUG greenlens.worldbank_climate: WB CKP API pr/AUT returned 404
[2026-04-22 17:06:09,818] DEBUG greenlens.worldbank_climate: WB flood fallback AUT \u2192 0.350
[2026-04-22 17:06:09,920] DEBUG greenlens.worldbank_climate: WB CKP API tas/AUT returned 404
[2026-04-22 17:06:09,920] DEBUG greenlens.worldbank_climate: WB heat fallback AUT \u2192 0.300
[2026-04-22 17:06:09,945] INFO greenlens.ml_engine: Predicted bond AUT_Sustainabili_2022: score=24.5 [Medium-Low]
[2026-04-22 17:06:10,637] DEBUG greenlens.worldbank_climate: WB CKP API pr/AUT returned 404
[2026-04-22 17:06:10,637] DEBUG greenlens.worldbank_climate: WB flood fallback AUT \u2192 0.350
[2026-04-22 17:06:10,740] DEBUG greenlens.worldbank_climate: WB CKP API tas/AUT returned 404
[2026-04-22 17:06:10,740] DEBUG greenlens.worldbank_climate: WB heat fallback AUT \u2192 0.300
[2026-04-22 17:06:10,759] INFO greenlens.ml_engine: Predicted bond AUT_Sustainabili_2023: score=24.5 [Medium-Low]
[2026-04-22 17:06:11,389] DEBUG greenlens.worldbank_climate: WB CKP API pr/AUT returned 404
[2026-04-22 17:06:11,389] DEBUG greenlens.worldbank_climate: WB flood fallback AUT \u2192 0.350
[2026-04-22 17:06:11,457] DEBUG greenlens.worldbank_climate: WB CKP API tas/AUT returned 404
[2026-04-22 17:06:11,457] DEBUG greenlens.worldbank_climate: WB heat fallback AUT \u2192 0.300
[2026-04-22 17:06:11,472] INFO greenlens.ml_engine: Predicted bond AUT_Sustainabili_2024: score=24.5 [Medium-Low]
[2026-04-22 17:06:12,034] DEBUG greenlens.worldbank_climate: WB CKP API pr/AUT returned 404
[2026-04-22 17:06:12,034] DEBUG greenlens.worldbank_climate: WB flood fallback AUT \u2192 0.350
[2026-04-22 17:06:12,173] DEBUG greenlens.worldbank_climate: WB CKP API tas/AUT returned 404
[2026-04-22 17:06:12,173] DEBUG greenlens.worldbank_climate: WB heat fallback AUT \u2192 0.300
[2026-04-22 17:06:12,190] INFO greenlens.ml_engine: Predicted bond AUT_Linked_Bond_2020: score=24.5 [Medium-Low]
[2026-04-22 17:06:12,790] DEBUG greenlens.worldbank_climate: WB CKP API pr/AUT returned 404
[2026-04-22 17:06:12,790] DEBUG greenlens.worldbank_climate: WB flood fallback AUT \u2192 0.350
[2026-04-22 17:06:12,854] DEBUG greenlens.worldbank_climate: WB CKP API tas/AUT returned 404
[2026-04-22 17:06:12,854] DEBUG greenlens.worldbank_climate: WB heat fallback AUT \u2192 0.300
[2026-04-22 17:06:12,875] INFO greenlens.ml_engine: Predicted bond AUT_Linked_Bond_2021: score=24.5 [Medium-Low]
[2026-04-22 17:06:13,456] DEBUG greenlens.worldbank_climate: WB CKP API pr/AUT returned 404
[2026-04-22 17:06:13,456] DEBUG greenlens.worldbank_climate: WB flood fallback AUT \u2192 0.350
[2026-04-22 17:06:13,528] DEBUG greenlens.worldbank_climate: WB CKP API tas/AUT returned 404
[2026-04-22 17:06:13,528] DEBUG greenlens.worldbank_climate: WB heat fallback AUT \u2192 0.300
[2026-04-22 17:06:13,544] INFO greenlens.ml_engine: Predicted bond AUT_Linked_Bond_2023: score=24.5 [Medium-Low]
[2026-04-22 17:06:14,016] DEBUG greenlens.worldbank_climate: WB CKP API pr/BGD returned 404
[2026-04-22 17:06:14,016] DEBUG greenlens.worldbank_climate: WB flood fallback BGD \u2192 0.900
[2026-04-22 17:06:14,117] DEBUG greenlens.worldbank_climate: WB CKP API tas/BGD returned 404
[2026-04-22 17:06:14,118] DEBUG greenlens.worldbank_climate: WB heat fallback BGD \u2192 0.850
[2026-04-22 17:06:14,133] INFO greenlens.ml_engine: Predicted bond BGD_Green_Bonds_2021: score=67.5 [High]
[2026-04-22 17:06:14,733] DEBUG greenlens.worldbank_climate: WB CKP API pr/BLR returned 404
[2026-04-22 17:06:14,733] DEBUG greenlens.worldbank_climate: WB flood fallback BLR \u2192 0.400
[2026-04-22 17:06:14,807] DEBUG greenlens.worldbank_climate: WB CKP API tas/BLR returned 404
[2026-04-22 17:06:14,807] DEBUG greenlens.worldbank_climate: WB heat fallback BLR \u2192 0.450
[2026-04-22 17:06:14,847] INFO greenlens.ml_engine: Predicted bond BLR_Green_Bonds_2022: score=31.8 [Medium-Low]
[2026-04-22 17:06:15,385] DEBUG greenlens.worldbank_climate: WB CKP API pr/BEL returned 404
[2026-04-22 17:06:15,386] DEBUG greenlens.worldbank_climate: WB flood fallback BEL \u2192 0.400
[2026-04-22 17:06:15,450] DEBUG greenlens.worldbank_climate: WB CKP API tas/BEL returned 404
[2026-04-22 17:06:15,450] DEBUG greenlens.worldbank_climate: WB heat fallback BEL \u2192 0.240
[2026-04-22 17:06:15,464] INFO greenlens.ml_engine: Predicted bond BEL_Green_Bonds_2018: score=26.0 [Medium-Low]
[2026-04-22 17:06:16,074] DEBUG greenlens.worldbank_climate: WB CKP API pr/BEL returned 404
[2026-04-22 17:06:16,074] DEBUG greenlens.worldbank_climate: WB flood fallback BEL \u2192 0.400
[2026-04-22 17:06:16,176] DEBUG greenlens.worldbank_climate: WB CKP API tas/BEL returned 404
[2026-04-22 17:06:16,176] DEBUG greenlens.worldbank_climate: WB heat fallback BEL \u2192 0.240
[2026-04-22 17:06:16,205] INFO greenlens.ml_engine: Predicted bond BEL_Green_Bonds_2020: score=26.0 [Medium-Low]
[2026-04-22 17:06:16,895] DEBUG greenlens.worldbank_climate: WB CKP API pr/BEL returned 404
[2026-04-22 17:06:16,896] DEBUG greenlens.worldbank_climate: WB flood fallback BEL \u2192 0.400
[2026-04-22 17:06:16,985] DEBUG greenlens.worldbank_climate: WB CKP API tas/BEL returned 404
[2026-04-22 17:06:16,985] DEBUG greenlens.worldbank_climate: WB heat fallback BEL \u2192 0.240
[2026-04-22 17:06:17,012] INFO greenlens.ml_engine: Predicted bond BEL_Green_Bonds_2021: score=26.0 [Medium-Low]
[2026-04-22 17:06:17,578] DEBUG greenlens.worldbank_climate: WB CKP API pr/BEL returned 404
[2026-04-22 17:06:17,578] DEBUG greenlens.worldbank_climate: WB flood fallback BEL \u2192 0.400
[2026-04-22 17:06:17,646] DEBUG greenlens.worldbank_climate: WB CKP API tas/BEL returned 404
[2026-04-22 17:06:17,646] DEBUG greenlens.worldbank_climate: WB heat fallback BEL \u2192 0.240
[2026-04-22 17:06:17,663] INFO greenlens.ml_engine: Predicted bond BEL_Green_Bonds_2022: score=26.0 [Medium-Low]
[2026-04-22 17:06:18,271] DEBUG greenlens.worldbank_climate: WB CKP API pr/BEL returned 404
[2026-04-22 17:06:18,271] DEBUG greenlens.worldbank_climate: WB flood fallback BEL \u2192 0.400
[2026-04-22 17:06:18,346] DEBUG greenlens.worldbank_climate: WB CKP API tas/BEL returned 404
[2026-04-22 17:06:18,347] DEBUG greenlens.worldbank_climate: WB heat fallback BEL \u2192 0.240
[2026-04-22 17:06:18,365] INFO greenlens.ml_engine: Predicted bond BEL_Green_Bonds_2023: score=26.0 [Medium-Low]
[2026-04-22 17:06:18,960] DEBUG greenlens.worldbank_climate: WB CKP API pr/BEL returned 404
[2026-04-22 17:06:18,960] DEBUG greenlens.worldbank_climate: WB flood fallback BEL \u2192 0.400
[2026-04-22 17:06:19,033] DEBUG greenlens.worldbank_climate: WB CKP API tas/BEL returned 404
[2026-04-22 17:06:19,033] DEBUG greenlens.worldbank_climate: WB heat fallback BEL \u2192 0.240
[2026-04-22 17:06:19,046] INFO greenlens.ml_engine: Predicted bond BEL_Green_Bonds_2024: score=26.0 [Medium-Low]
[2026-04-22 17:06:19,605] DEBUG greenlens.worldbank_climate: WB CKP API pr/BEL returned 404
[2026-04-22 17:06:19,605] DEBUG greenlens.worldbank_climate: WB flood fallback BEL \u2192 0.400
[2026-04-22 17:06:19,749] DEBUG greenlens.worldbank_climate: WB CKP API tas/BEL returned 404
[2026-04-22 17:06:19,750] DEBUG greenlens.worldbank_climate: WB heat fallback BEL \u2192 0.240
[2026-04-22 17:06:19,775] INFO greenlens.ml_engine: Predicted bond BEL_Social_Bond_2020: score=26.0 [Medium-Low]
[2026-04-22 17:06:20,318] DEBUG greenlens.worldbank_climate: WB CKP API pr/BEL returned 404
[2026-04-22 17:06:20,319] DEBUG greenlens.worldbank_climate: WB flood fallback BEL \u2192 0.400
[2026-04-22 17:06:20,468] DEBUG greenlens.worldbank_climate: WB CKP API tas/BEL returned 404
[2026-04-22 17:06:20,469] DEBUG greenlens.worldbank_climate: WB heat fallback BEL \u2192 0.240
[2026-04-22 17:06:20,490] INFO greenlens.ml_engine: Predicted bond BEL_Social_Bond_2021: score=26.0 [Medium-Low]
[2026-04-22 17:06:21,081] DEBUG greenlens.worldbank_climate: WB CKP API pr/BEL returned 404
[2026-04-22 17:06:21,081] DEBUG greenlens.worldbank_climate: WB flood fallback BEL \u2192 0.400
[2026-04-22 17:06:21,185] DEBUG greenlens.worldbank_climate: WB CKP API tas/BEL returned 404
[2026-04-22 17:06:21,185] DEBUG greenlens.worldbank_climate: WB heat fallback BEL \u2192 0.240
[2026-04-22 17:06:21,205] INFO greenlens.ml_engine: Predicted bond BEL_Social_Bond_2022: score=26.0 [Medium-Low]
[2026-04-22 17:06:21,797] DEBUG greenlens.worldbank_climate: WB CKP API pr/BEL returned 404
[2026-04-22 17:06:21,797] DEBUG greenlens.worldbank_climate: WB flood fallback BEL \u2192 0.400
[2026-04-22 17:06:21,901] DEBUG greenlens.worldbank_climate: WB CKP API tas/BEL returned 404
[2026-04-22 17:06:21,902] DEBUG greenlens.worldbank_climate: WB heat fallback BEL \u2192 0.240
[2026-04-22 17:06:21,917] INFO greenlens.ml_engine: Predicted bond BEL_Social_Bond_2023: score=26.0 [Medium-Low]
[2026-04-22 17:06:22,583] DEBUG greenlens.worldbank_climate: WB CKP API pr/BEL returned 404
[2026-04-22 17:06:22,583] DEBUG greenlens.worldbank_climate: WB flood fallback BEL \u2192 0.400
[2026-04-22 17:06:22,647] DEBUG greenlens.worldbank_climate: WB CKP API tas/BEL returned 404
[2026-04-22 17:06:22,647] DEBUG greenlens.worldbank_climate: WB heat fallback BEL \u2192 0.240
[2026-04-22 17:06:22,663] INFO greenlens.ml_engine: Predicted bond BEL_Social_Bond_2024: score=26.0 [Medium-Low]
[2026-04-22 17:06:23,192] DEBUG greenlens.worldbank_climate: WB CKP API pr/BEL returned 404
[2026-04-22 17:06:23,192] DEBUG greenlens.worldbank_climate: WB flood fallback BEL \u2192 0.400
[2026-04-22 17:06:23,334] DEBUG greenlens.worldbank_climate: WB CKP API tas/BEL returned 404
[2026-04-22 17:06:23,334] DEBUG greenlens.worldbank_climate: WB heat fallback BEL \u2192 0.240
[2026-04-22 17:06:23,357] INFO greenlens.ml_engine: Predicted bond BEL_Sustainabili_2016: score=26.0 [Medium-Low]
[2026-04-22 17:06:24,154] DEBUG greenlens.worldbank_climate: WB CKP API pr/BEL returned 404
[2026-04-22 17:06:24,154] DEBUG greenlens.worldbank_climate: WB flood fallback BEL \u2192 0.400
[2026-04-22 17:06:24,255] DEBUG greenlens.worldbank_climate: WB CKP API tas/BEL returned 404
[2026-04-22 17:06:24,255] DEBUG greenlens.worldbank_climate: WB heat fallback BEL \u2192 0.240
[2026-04-22 17:06:24,274] INFO greenlens.ml_engine: Predicted bond BEL_Sustainabili_2018: score=26.0 [Medium-Low]
[2026-04-22 17:06:25,129] DEBUG greenlens.worldbank_climate: WB CKP API pr/BEL returned 404
[2026-04-22 17:06:25,129] DEBUG greenlens.worldbank_climate: WB flood fallback BEL \u2192 0.400
[2026-04-22 17:06:25,215] DEBUG greenlens.worldbank_climate: WB CKP API tas/BEL returned 404
[2026-04-22 17:06:25,215] DEBUG greenlens.worldbank_climate: WB heat fallback BEL \u2192 0.240
[2026-04-22 17:06:25,234] INFO greenlens.ml_engine: Predicted bond BEL_Sustainabili_2019: score=26.0 [Medium-Low]
[2026-04-22 17:06:25,792] DEBUG greenlens.worldbank_climate: WB CKP API pr/BEL returned 404
[2026-04-22 17:06:25,792] DEBUG greenlens.worldbank_climate: WB flood fallback BEL \u2192 0.400
[2026-04-22 17:06:25,894] DEBUG greenlens.worldbank_climate: WB CKP API tas/BEL returned 404
[2026-04-22 17:06:25,895] DEBUG greenlens.worldbank_climate: WB heat fallback BEL \u2192 0.240
[2026-04-22 17:06:25,918] INFO greenlens.ml_engine: Predicted bond BEL_Sustainabili_2020: score=26.0 [Medium-Low]
[2026-04-22 17:06:26,489] DEBUG greenlens.worldbank_climate: WB CKP API pr/BEL returned 404
[2026-04-22 17:06:26,490] DEBUG greenlens.worldbank_climate: WB flood fallback BEL \u2192 0.400
[2026-04-22 17:06:26,555] DEBUG greenlens.worldbank_climate: WB CKP API tas/BEL returned 404
[2026-04-22 17:06:26,556] DEBUG greenlens.worldbank_climate: WB heat fallback BEL \u2192 0.240
[2026-04-22 17:06:26,580] INFO greenlens.ml_engine: Predicted bond BEL_Sustainabili_2021: score=26.0 [Medium-Low]
[2026-04-22 17:06:27,225] DEBUG greenlens.worldbank_climate: WB CKP API pr/BEL returned 404
[2026-04-22 17:06:27,225] DEBUG greenlens.worldbank_climate: WB flood fallback BEL \u2192 0.400
[2026-04-22 17:06:27,290] DEBUG greenlens.worldbank_climate: WB CKP API tas/BEL returned 404
[2026-04-22 17:06:27,290] DEBUG greenlens.worldbank_climate: WB heat fallback BEL \u2192 0.240
[2026-04-22 17:06:27,310] INFO greenlens.ml_engine: Predicted bond BEL_Sustainabili_2022: score=26.0 [Medium-Low]
[2026-04-22 17:06:28,005] DEBUG greenlens.worldbank_climate: WB CKP API pr/BEL returned 404
[2026-04-22 17:06:28,005] DEBUG greenlens.worldbank_climate: WB flood fallback BEL \u2192 0.400
[2026-04-22 17:06:28,147] DEBUG greenlens.worldbank_climate: WB CKP API tas/BEL returned 404
[2026-04-22 17:06:28,147] DEBUG greenlens.worldbank_climate: WB heat fallback BEL \u2192 0.240
[2026-04-22 17:06:28,170] INFO greenlens.ml_engine: Predicted bond BEL_Sustainabili_2023: score=26.0 [Medium-Low]
[2026-04-22 17:06:28,716] DEBUG greenlens.worldbank_climate: WB CKP API pr/BEL returned 404
[2026-04-22 17:06:28,716] DEBUG greenlens.worldbank_climate: WB flood fallback BEL \u2192 0.400
[2026-04-22 17:06:28,821] DEBUG greenlens.worldbank_climate: WB CKP API tas/BEL returned 404
[2026-04-22 17:06:28,821] DEBUG greenlens.worldbank_climate: WB heat fallback BEL \u2192 0.240
[2026-04-22 17:06:28,841] INFO greenlens.ml_engine: Predicted bond BEL_Sustainabili_2024: score=26.0 [Medium-Low]
[2026-04-22 17:06:29,480] DEBUG greenlens.worldbank_climate: WB CKP API pr/BEN returned 404
[2026-04-22 17:06:29,480] DEBUG greenlens.worldbank_climate: WB flood fallback BEN \u2192 0.580
[2026-04-22 17:06:29,580] DEBUG greenlens.worldbank_climate: WB CKP API tas/BEN returned 404
[2026-04-22 17:06:29,581] DEBUG greenlens.worldbank_climate: WB heat fallback BEN \u2192 0.780
[2026-04-22 17:06:29,602] INFO greenlens.ml_engine: Predicted bond BEN_Social_Bond_2020: score=50.5 [Medium-High]
[2026-04-22 17:06:30,196] DEBUG greenlens.worldbank_climate: WB CKP API pr/BEN returned 404
[2026-04-22 17:06:30,196] DEBUG greenlens.worldbank_climate: WB flood fallback BEN \u2192 0.580
[2026-04-22 17:06:30,297] DEBUG greenlens.worldbank_climate: WB CKP API tas/BEN returned 404
[2026-04-22 17:06:30,297] DEBUG greenlens.worldbank_climate: WB heat fallback BEN \u2192 0.780
[2026-04-22 17:06:30,318] INFO greenlens.ml_engine: Predicted bond BEN_Social_Bond_2022: score=50.5 [Medium-High]
[2026-04-22 17:06:31,298] DEBUG greenlens.worldbank_climate: WB CKP API pr/BEN returned 404
[2026-04-22 17:06:31,298] DEBUG greenlens.worldbank_climate: WB flood fallback BEN \u2192 0.580
[2026-04-22 17:06:31,370] DEBUG greenlens.worldbank_climate: WB CKP API tas/BEN returned 404
[2026-04-22 17:06:31,370] DEBUG greenlens.worldbank_climate: WB heat fallback BEN \u2192 0.780
[2026-04-22 17:06:31,397] INFO greenlens.ml_engine: Predicted bond BEN_Sustainabili_2021: score=50.5 [Medium-High]
[2026-04-22 17:06:32,037] DEBUG greenlens.worldbank_climate: WB CKP API pr/BMU returned 404
[2026-04-22 17:06:32,037] DEBUG greenlens.worldbank_climate: WB flood fallback BMU \u2192 0.400
[2026-04-22 17:06:32,142] DEBUG greenlens.worldbank_climate: WB CKP API tas/BMU returned 404
[2026-04-22 17:06:32,142] DEBUG greenlens.worldbank_climate: WB heat fallback BMU \u2192 0.450
[2026-04-22 17:06:32,170] INFO greenlens.ml_engine: Predicted bond BMU_Green_Bonds_2016: score=31.8 [Medium-Low]
[2026-04-22 17:06:32,858] DEBUG greenlens.worldbank_climate: WB CKP API pr/BMU returned 404
[2026-04-22 17:06:32,858] DEBUG greenlens.worldbank_climate: WB flood fallback BMU \u2192 0.400
[2026-04-22 17:06:32,928] DEBUG greenlens.worldbank_climate: WB CKP API tas/BMU returned 404
[2026-04-22 17:06:32,929] DEBUG greenlens.worldbank_climate: WB heat fallback BMU \u2192 0.450
[2026-04-22 17:06:32,951] INFO greenlens.ml_engine: Predicted bond BMU_Green_Bonds_2017: score=31.8 [Medium-Low]
[2026-04-22 17:06:33,680] DEBUG greenlens.worldbank_climate: WB CKP API pr/BMU returned 404
[2026-04-22 17:06:33,680] DEBUG greenlens.worldbank_climate: WB flood fallback BMU \u2192 0.400
[2026-04-22 17:06:33,780] DEBUG greenlens.worldbank_climate: WB CKP API tas/BMU returned 404
[2026-04-22 17:06:33,780] DEBUG greenlens.worldbank_climate: WB heat fallback BMU \u2192 0.450
[2026-04-22 17:06:33,797] INFO greenlens.ml_engine: Predicted bond BMU_Green_Bonds_2018: score=31.8 [Medium-Low]
[2026-04-22 17:06:34,496] DEBUG greenlens.worldbank_climate: WB CKP API pr/BMU returned 404
[2026-04-22 17:06:34,496] DEBUG greenlens.worldbank_climate: WB flood fallback BMU \u2192 0.400
[2026-04-22 17:06:34,917] DEBUG greenlens.worldbank_climate: WB CKP API tas/BMU returned 404
[2026-04-22 17:06:34,917] DEBUG greenlens.worldbank_climate: WB heat fallback BMU \u2192 0.450
[2026-04-22 17:06:34,934] INFO greenlens.ml_engine: Predicted bond BMU_Green_Bonds_2019: score=31.8 [Medium-Low]
[2026-04-22 17:06:35,477] DEBUG greenlens.worldbank_climate: WB CKP API pr/BMU returned 404
[2026-04-22 17:06:35,478] DEBUG greenlens.worldbank_climate: WB flood fallback BMU \u2192 0.400
[2026-04-22 17:06:35,621] DEBUG greenlens.worldbank_climate: WB CKP API tas/BMU returned 404
[2026-04-22 17:06:35,621] DEBUG greenlens.worldbank_climate: WB heat fallback BMU \u2192 0.450
[2026-04-22 17:06:35,645] INFO greenlens.ml_engine: Predicted bond BMU_Green_Bonds_2020: score=31.8 [Medium-Low]
[2026-04-22 17:06:36,236] DEBUG greenlens.worldbank_climate: WB CKP API pr/BMU returned 404
[2026-04-22 17:06:36,236] DEBUG greenlens.worldbank_climate: WB flood fallback BMU \u2192 0.400
[2026-04-22 17:06:36,337] DEBUG greenlens.worldbank_climate: WB CKP API tas/BMU returned 404
[2026-04-22 17:06:36,338] DEBUG greenlens.worldbank_climate: WB heat fallback BMU \u2192 0.450
[2026-04-22 17:06:36,362] INFO greenlens.ml_engine: Predicted bond BMU_Green_Bonds_2021: score=31.8 [Medium-Low]
[2026-04-22 17:06:37,054] DEBUG greenlens.worldbank_climate: WB CKP API pr/BMU returned 404
[2026-04-22 17:06:37,055] DEBUG greenlens.worldbank_climate: WB flood fallback BMU \u2192 0.400
[2026-04-22 17:06:37,165] DEBUG greenlens.worldbank_climate: WB CKP API tas/BMU returned 404
[2026-04-22 17:06:37,165] DEBUG greenlens.worldbank_climate: WB heat fallback BMU \u2192 0.450
[2026-04-22 17:06:37,194] INFO greenlens.ml_engine: Predicted bond BMU_Green_Bonds_2023: score=31.8 [Medium-Low]
[2026-04-22 17:06:37,772] DEBUG greenlens.worldbank_climate: WB CKP API pr/BMU returned 404
[2026-04-22 17:06:37,772] DEBUG greenlens.worldbank_climate: WB flood fallback BMU \u2192 0.400
[2026-04-22 17:06:37,875] DEBUG greenlens.worldbank_climate: WB CKP API tas/BMU returned 404
[2026-04-22 17:06:37,875] DEBUG greenlens.worldbank_climate: WB heat fallback BMU \u2192 0.450
[2026-04-22 17:06:37,899] INFO greenlens.ml_engine: Predicted bond BMU_Green_Bonds_2024: score=31.8 [Medium-Low]
[2026-04-22 17:06:38,485] DEBUG greenlens.worldbank_climate: WB CKP API pr/BMU returned 404
[2026-04-22 17:06:38,486] DEBUG greenlens.worldbank_climate: WB flood fallback BMU \u2192 0.400
[2026-04-22 17:06:38,591] DEBUG greenlens.worldbank_climate: WB CKP API tas/BMU returned 404
[2026-04-22 17:06:38,597] DEBUG greenlens.worldbank_climate: WB heat fallback BMU \u2192 0.450
[2026-04-22 17:06:38,615] INFO greenlens.ml_engine: Predicted bond BMU_Sustainabili_2024: score=31.8 [Medium-Low]
[2026-04-22 17:06:39,315] DEBUG greenlens.worldbank_climate: WB CKP API pr/BMU returned 404
[2026-04-22 17:06:39,315] DEBUG greenlens.worldbank_climate: WB flood fallback BMU \u2192 0.400
[2026-04-22 17:06:39,387] DEBUG greenlens.worldbank_climate: WB CKP API tas/BMU returned 404
[2026-04-22 17:06:39,387] DEBUG greenlens.worldbank_climate: WB heat fallback BMU \u2192 0.450
[2026-04-22 17:06:39,411] INFO greenlens.ml_engine: Predicted bond BMU_Linked_Bond_2021: score=31.8 [Medium-Low]
[2026-04-22 17:06:39,955] DEBUG greenlens.worldbank_climate: WB CKP API pr/BMU returned 404
[2026-04-22 17:06:39,956] DEBUG greenlens.worldbank_climate: WB flood fallback BMU \u2192 0.400
[2026-04-22 17:06:40,030] DEBUG greenlens.worldbank_climate: WB CKP API tas/BMU returned 404
[2026-04-22 17:06:40,030] DEBUG greenlens.worldbank_climate: WB heat fallback BMU \u2192 0.450
[2026-04-22 17:06:40,045] INFO greenlens.ml_engine: Predicted bond BMU_Linked_Bond_2023: score=31.8 [Medium-Low]
[2026-04-22 17:06:40,537] DEBUG greenlens.worldbank_climate: WB CKP API pr/BMU returned 404
[2026-04-22 17:06:40,537] DEBUG greenlens.worldbank_climate: WB flood fallback BMU \u2192 0.400
[2026-04-22 17:06:40,641] DEBUG greenlens.worldbank_climate: WB CKP API tas/BMU returned 404
[2026-04-22 17:06:40,642] DEBUG greenlens.worldbank_climate: WB heat fallback BMU \u2192 0.450
[2026-04-22 17:06:40,659] INFO greenlens.ml_engine: Predicted bond BMU_Linked_Bond_2024: score=31.8 [Medium-Low]
[2026-04-22 17:06:41,254] DEBUG greenlens.worldbank_climate: WB CKP API pr/BOL returned 404
[2026-04-22 17:06:41,254] DEBUG greenlens.worldbank_climate: WB flood fallback BOL \u2192 0.550
[2026-04-22 17:06:41,358] DEBUG greenlens.worldbank_climate: WB CKP API tas/BOL returned 404
[2026-04-22 17:06:41,358] DEBUG greenlens.worldbank_climate: WB heat fallback BOL \u2192 0.520
[2026-04-22 17:06:41,378] INFO greenlens.ml_engine: Predicted bond BOL_Sustainabili_2023: score=40.8 [Medium-Low]
[2026-04-22 17:06:41,936] DEBUG greenlens.worldbank_climate: WB CKP API pr/BOL returned 404
[2026-04-22 17:06:41,936] DEBUG greenlens.worldbank_climate: WB flood fallback BOL \u2192 0.550
[2026-04-22 17:06:41,995] DEBUG greenlens.worldbank_climate: WB CKP API tas/BOL returned 404
[2026-04-22 17:06:41,995] DEBUG greenlens.worldbank_climate: WB heat fallback BOL \u2192 0.520
[2026-04-22 17:06:42,017] INFO greenlens.ml_engine: Predicted bond BOL_Sustainabili_2024: score=40.8 [Medium-Low]
[2026-04-22 17:06:42,745] DEBUG greenlens.worldbank_climate: WB CKP API pr/BRA returned 404
[2026-04-22 17:06:42,745] DEBUG greenlens.worldbank_climate: WB flood fallback BRA \u2192 0.620
[2026-04-22 17:06:42,892] DEBUG greenlens.worldbank_climate: WB CKP API tas/BRA returned 404
[2026-04-22 17:06:42,892] DEBUG greenlens.worldbank_climate: WB heat fallback BRA \u2192 0.680
[2026-04-22 17:06:42,913] INFO greenlens.ml_engine: Predicted bond BRA_Green_Bonds_2015: score=48.6 [Medium-High]
[2026-04-22 17:06:43,456] DEBUG greenlens.worldbank_climate: WB CKP API pr/BRA returned 404
[2026-04-22 17:06:43,456] DEBUG greenlens.worldbank_climate: WB flood fallback BRA \u2192 0.620
[2026-04-22 17:06:43,542] DEBUG greenlens.worldbank_climate: WB CKP API tas/BRA returned 404
[2026-04-22 17:06:43,542] DEBUG greenlens.worldbank_climate: WB heat fallback BRA \u2192 0.680
[2026-04-22 17:06:43,560] INFO greenlens.ml_engine: Predicted bond BRA_Green_Bonds_2016: score=48.6 [Medium-High]
[2026-04-22 17:06:44,186] DEBUG greenlens.worldbank_climate: WB CKP API pr/BRA returned 404
[2026-04-22 17:06:44,186] DEBUG greenlens.worldbank_climate: WB flood fallback BRA \u2192 0.620
[2026-04-22 17:06:44,325] DEBUG greenlens.worldbank_climate: WB CKP API tas/BRA returned 404
[2026-04-22 17:06:44,326] DEBUG greenlens.worldbank_climate: WB heat fallback BRA \u2192 0.680
[2026-04-22 17:06:44,341] INFO greenlens.ml_engine: Predicted bond BRA_Green_Bonds_2017: score=48.6 [Medium-High]
[2026-04-22 17:06:44,894] DEBUG greenlens.worldbank_climate: WB CKP API pr/BRA returned 404
[2026-04-22 17:06:44,894] DEBUG greenlens.worldbank_climate: WB flood fallback BRA \u2192 0.620
[2026-04-22 17:06:44,966] DEBUG greenlens.worldbank_climate: WB CKP API tas/BRA returned 404
[2026-04-22 17:06:44,966] DEBUG greenlens.worldbank_climate: WB heat fallback BRA \u2192 0.680
[2026-04-22 17:06:44,989] INFO greenlens.ml_engine: Predicted bond BRA_Green_Bonds_2018: score=48.6 [Medium-High]
[2026-04-22 17:06:45,620] DEBUG greenlens.worldbank_climate: WB CKP API pr/BRA returned 404
[2026-04-22 17:06:45,620] DEBUG greenlens.worldbank_climate: WB flood fallback BRA \u2192 0.620
[2026-04-22 17:06:45,760] DEBUG greenlens.worldbank_climate: WB CKP API tas/BRA returned 404
[2026-04-22 17:06:45,760] DEBUG greenlens.worldbank_climate: WB heat fallback BRA \u2192 0.680
[2026-04-22 17:06:45,777] INFO greenlens.ml_engine: Predicted bond BRA_Green_Bonds_2019: score=48.6 [Medium-High]
[2026-04-22 17:06:46,478] DEBUG greenlens.worldbank_climate: WB CKP API pr/BRA returned 404
[2026-04-22 17:06:46,478] DEBUG greenlens.worldbank_climate: WB flood fallback BRA \u2192 0.620
[2026-04-22 17:06:46,579] DEBUG greenlens.worldbank_climate: WB CKP API tas/BRA returned 404
[2026-04-22 17:06:46,579] DEBUG greenlens.worldbank_climate: WB heat fallback BRA \u2192 0.680
[2026-04-22 17:06:46,602] INFO greenlens.ml_engine: Predicted bond BRA_Green_Bonds_2020: score=48.6 [Medium-High]
[2026-04-22 17:06:47,193] DEBUG greenlens.worldbank_climate: WB CKP API pr/BRA returned 404
[2026-04-22 17:06:47,194] DEBUG greenlens.worldbank_climate: WB flood fallback BRA \u2192 0.620
[2026-04-22 17:06:47,294] DEBUG greenlens.worldbank_climate: WB CKP API tas/BRA returned 404
[2026-04-22 17:06:47,294] DEBUG greenlens.worldbank_climate: WB heat fallback BRA \u2192 0.680
[2026-04-22 17:06:47,317] INFO greenlens.ml_engine: Predicted bond BRA_Green_Bonds_2021: score=48.6 [Medium-High]
[2026-04-22 17:06:47,868] DEBUG greenlens.worldbank_climate: WB CKP API pr/BRA returned 404
[2026-04-22 17:06:47,868] DEBUG greenlens.worldbank_climate: WB flood fallback BRA \u2192 0.620
[2026-04-22 17:06:48,012] DEBUG greenlens.worldbank_climate: WB CKP API tas/BRA returned 404
[2026-04-22 17:06:48,012] DEBUG greenlens.worldbank_climate: WB heat fallback BRA \u2192 0.680
[2026-04-22 17:06:48,033] INFO greenlens.ml_engine: Predicted bond BRA_Green_Bonds_2022: score=48.6 [Medium-High]
[2026-04-22 17:06:48,628] DEBUG greenlens.worldbank_climate: WB CKP API pr/BRA returned 404
[2026-04-22 17:06:48,628] DEBUG greenlens.worldbank_climate: WB flood fallback BRA \u2192 0.620
[2026-04-22 17:06:48,690] DEBUG greenlens.worldbank_climate: WB CKP API tas/BRA returned 404
[2026-04-22 17:06:48,691] DEBUG greenlens.worldbank_climate: WB heat fallback BRA \u2192 0.680
[2026-04-22 17:06:48,712] INFO greenlens.ml_engine: Predicted bond BRA_Green_Bonds_2023: score=48.6 [Medium-High]
[2026-04-22 17:06:49,344] DEBUG greenlens.worldbank_climate: WB CKP API pr/BRA returned 404
[2026-04-22 17:06:49,344] DEBUG greenlens.worldbank_climate: WB flood fallback BRA \u2192 0.620
[2026-04-22 17:06:49,446] DEBUG greenlens.worldbank_climate: WB CKP API tas/BRA returned 404
[2026-04-22 17:06:49,447] DEBUG greenlens.worldbank_climate: WB heat fallback BRA \u2192 0.680
[2026-04-22 17:06:49,463] INFO greenlens.ml_engine: Predicted bond BRA_Green_Bonds_2024: score=48.6 [Medium-High]
[2026-04-22 17:06:50,265] DEBUG greenlens.worldbank_climate: WB CKP API pr/BRA returned 404
[2026-04-22 17:06:50,266] DEBUG greenlens.worldbank_climate: WB flood fallback BRA \u2192 0.620
[2026-04-22 17:06:50,366] DEBUG greenlens.worldbank_climate: WB CKP API tas/BRA returned 404
[2026-04-22 17:06:50,367] DEBUG greenlens.worldbank_climate: WB heat fallback BRA \u2192 0.680
[2026-04-22 17:06:50,393] INFO greenlens.ml_engine: Predicted bond BRA_Social_Bond_2020: score=48.6 [Medium-High]
[2026-04-22 17:06:51,083] DEBUG greenlens.worldbank_climate: WB CKP API pr/BRA returned 404
[2026-04-22 17:06:51,084] DEBUG greenlens.worldbank_climate: WB flood fallback BRA \u2192 0.620
[2026-04-22 17:06:51,186] DEBUG greenlens.worldbank_climate: WB CKP API tas/BRA returned 404
[2026-04-22 17:06:51,187] DEBUG greenlens.worldbank_climate: WB heat fallback BRA \u2192 0.680
[2026-04-22 17:06:51,210] INFO greenlens.ml_engine: Predicted bond BRA_Social_Bond_2021: score=48.6 [Medium-High]
[2026-04-22 17:06:51,903] DEBUG greenlens.worldbank_climate: WB CKP API pr/BRA returned 404
[2026-04-22 17:06:51,903] DEBUG greenlens.worldbank_climate: WB flood fallback BRA \u2192 0.620
[2026-04-22 17:06:52,006] DEBUG greenlens.worldbank_climate: WB CKP API tas/BRA returned 404
[2026-04-22 17:06:52,006] DEBUG greenlens.worldbank_climate: WB heat fallback BRA \u2192 0.680
[2026-04-22 17:06:52,026] INFO greenlens.ml_engine: Predicted bond BRA_Social_Bond_2023: score=48.6 [Medium-High]
[2026-04-22 17:06:52,827] DEBUG greenlens.worldbank_climate: WB CKP API pr/BRA returned 404
[2026-04-22 17:06:52,827] DEBUG greenlens.worldbank_climate: WB flood fallback BRA \u2192 0.620
[2026-04-22 17:06:52,928] DEBUG greenlens.worldbank_climate: WB CKP API tas/BRA returned 404
[2026-04-22 17:06:52,929] DEBUG greenlens.worldbank_climate: WB heat fallback BRA \u2192 0.680
[2026-04-22 17:06:52,950] INFO greenlens.ml_engine: Predicted bond BRA_Sustainabili_2020: score=48.6 [Medium-High]
[2026-04-22 17:06:53,747] DEBUG greenlens.worldbank_climate: WB CKP API pr/BRA returned 404
[2026-04-22 17:06:53,748] DEBUG greenlens.worldbank_climate: WB flood fallback BRA \u2192 0.620
[2026-04-22 17:06:53,820] DEBUG greenlens.worldbank_climate: WB CKP API tas/BRA returned 404
[2026-04-22 17:06:53,821] DEBUG greenlens.worldbank_climate: WB heat fallback BRA \u2192 0.680
[2026-04-22 17:06:53,856] INFO greenlens.ml_engine: Predicted bond BRA_Sustainabili_2022: score=48.6 [Medium-High]
[2026-04-22 17:06:54,770] DEBUG greenlens.worldbank_climate: WB CKP API pr/BRA returned 404
[2026-04-22 17:06:54,771] DEBUG greenlens.worldbank_climate: WB flood fallback BRA \u2192 0.620
[2026-04-22 17:06:54,872] DEBUG greenlens.worldbank_climate: WB CKP API tas/BRA returned 404
[2026-04-22 17:06:54,873] DEBUG greenlens.worldbank_climate: WB heat fallback BRA \u2192 0.680
[2026-04-22 17:06:54,893] INFO greenlens.ml_engine: Predicted bond BRA_Sustainabili_2023: score=48.6 [Medium-High]
[2026-04-22 17:06:55,488] DEBUG greenlens.worldbank_climate: WB CKP API pr/BRA returned 404
[2026-04-22 17:06:55,489] DEBUG greenlens.worldbank_climate: WB flood fallback BRA \u2192 0.620
[2026-04-22 17:06:55,554] DEBUG greenlens.worldbank_climate: WB CKP API tas/BRA returned 404
[2026-04-22 17:06:55,555] DEBUG greenlens.worldbank_climate: WB heat fallback BRA \u2192 0.680
[2026-04-22 17:06:55,572] INFO greenlens.ml_engine: Predicted bond BRA_Sustainabili_2024: score=48.6 [Medium-High]
[2026-04-22 17:06:56,393] DEBUG greenlens.worldbank_climate: WB CKP API pr/BRA returned 404
[2026-04-22 17:06:56,393] DEBUG greenlens.worldbank_climate: WB flood fallback BRA \u2192 0.620
[2026-04-22 17:06:56,744] DEBUG greenlens.worldbank_climate: WB CKP API tas/BRA returned 404
[2026-04-22 17:06:56,744] DEBUG greenlens.worldbank_climate: WB heat fallback BRA \u2192 0.680
[2026-04-22 17:06:56,767] INFO greenlens.ml_engine: Predicted bond BRA_Linked_Bond_2021: score=48.6 [Medium-High]
[2026-04-22 17:06:57,535] DEBUG greenlens.worldbank_climate: WB CKP API pr/BRA returned 404
[2026-04-22 17:06:57,535] DEBUG greenlens.worldbank_climate: WB flood fallback BRA \u2192 0.620
[2026-04-22 17:06:57,610] DEBUG greenlens.worldbank_climate: WB CKP API tas/BRA returned 404
[2026-04-22 17:06:57,610] DEBUG greenlens.worldbank_climate: WB heat fallback BRA \u2192 0.680
[2026-04-22 17:06:57,631] INFO greenlens.ml_engine: Predicted bond BRA_Linked_Bond_2022: score=48.6 [Medium-High]
[2026-04-22 17:06:58,353] DEBUG greenlens.worldbank_climate: WB CKP API pr/BRA returned 404
[2026-04-22 17:06:58,354] DEBUG greenlens.worldbank_climate: WB flood fallback BRA \u2192 0.620
[2026-04-22 17:06:58,424] DEBUG greenlens.worldbank_climate: WB CKP API tas/BRA returned 404
[2026-04-22 17:06:58,424] DEBUG greenlens.worldbank_climate: WB heat fallback BRA \u2192 0.680
[2026-04-22 17:06:58,452] INFO greenlens.ml_engine: Predicted bond BRA_Linked_Bond_2023: score=48.6 [Medium-High]
[2026-04-22 17:06:59,071] DEBUG greenlens.worldbank_climate: WB CKP API pr/VGB returned 404
[2026-04-22 17:06:59,071] DEBUG greenlens.worldbank_climate: WB flood fallback VGB \u2192 0.400
[2026-04-22 17:06:59,174] DEBUG greenlens.worldbank_climate: WB CKP API tas/VGB returned 404
[2026-04-22 17:06:59,175] DEBUG greenlens.worldbank_climate: WB heat fallback VGB \u2192 0.450
[2026-04-22 17:06:59,196] INFO greenlens.ml_engine: Predicted bond VGB_Green_Bonds_2012: score=31.8 [Medium-Low]
[2026-04-22 17:06:59,890] DEBUG greenlens.worldbank_climate: WB CKP API pr/VGB returned 404
[2026-04-22 17:06:59,891] DEBUG greenlens.worldbank_climate: WB flood fallback VGB \u2192 0.400
[2026-04-22 17:06:59,991] DEBUG greenlens.worldbank_climate: WB CKP API tas/VGB returned 404
[2026-04-22 17:06:59,992] DEBUG greenlens.worldbank_climate: WB heat fallback VGB \u2192 0.450
[2026-04-22 17:07:00,022] INFO greenlens.ml_engine: Predicted bond VGB_Green_Bonds_2016: score=31.8 [Medium-Low]
[2026-04-22 17:07:00,710] DEBUG greenlens.worldbank_climate: WB CKP API pr/VGB returned 404
[2026-04-22 17:07:00,711] DEBUG greenlens.worldbank_climate: WB flood fallback VGB \u2192 0.400
[2026-04-22 17:07:00,790] DEBUG greenlens.worldbank_climate: WB CKP API tas/VGB returned 404
[2026-04-22 17:07:00,790] DEBUG greenlens.worldbank_climate: WB heat fallback VGB \u2192 0.450
[2026-04-22 17:07:00,808] INFO greenlens.ml_engine: Predicted bond VGB_Green_Bonds_2017: score=31.8 [Medium-Low]
[2026-04-22 17:07:01,384] DEBUG greenlens.worldbank_climate: WB CKP API pr/VGB returned 404
[2026-04-22 17:07:01,384] DEBUG greenlens.worldbank_climate: WB flood fallback VGB \u2192 0.400
[2026-04-22 17:07:01,530] DEBUG greenlens.worldbank_climate: WB CKP API tas/VGB returned 404
[2026-04-22 17:07:01,530] DEBUG greenlens.worldbank_climate: WB heat fallback VGB \u2192 0.450
[2026-04-22 17:07:01,546] INFO greenlens.ml_engine: Predicted bond VGB_Green_Bonds_2018: score=31.8 [Medium-Low]
[2026-04-22 17:07:02,196] DEBUG greenlens.worldbank_climate: WB CKP API pr/VGB returned 404
[2026-04-22 17:07:02,197] DEBUG greenlens.worldbank_climate: WB flood fallback VGB \u2192 0.400
[2026-04-22 17:07:02,349] DEBUG greenlens.worldbank_climate: WB CKP API tas/VGB returned 404
[2026-04-22 17:07:02,349] DEBUG greenlens.worldbank_climate: WB heat fallback VGB \u2192 0.450
[2026-04-22 17:07:02,371] INFO greenlens.ml_engine: Predicted bond VGB_Green_Bonds_2019: score=31.8 [Medium-Low]
[2026-04-22 17:07:03,025] DEBUG greenlens.worldbank_climate: WB CKP API pr/VGB returned 404
[2026-04-22 17:07:03,026] DEBUG greenlens.worldbank_climate: WB flood fallback VGB \u2192 0.400
[2026-04-22 17:07:03,175] DEBUG greenlens.worldbank_climate: WB CKP API tas/VGB returned 404
[2026-04-22 17:07:03,175] DEBUG greenlens.worldbank_climate: WB heat fallback VGB \u2192 0.450
[2026-04-22 17:07:03,202] INFO greenlens.ml_engine: Predicted bond VGB_Green_Bonds_2020: score=31.8 [Medium-Low]
[2026-04-22 17:07:03,741] DEBUG greenlens.worldbank_climate: WB CKP API pr/VGB returned 404
[2026-04-22 17:07:03,741] DEBUG greenlens.worldbank_climate: WB flood fallback VGB \u2192 0.400
[2026-04-22 17:07:03,807] DEBUG greenlens.worldbank_climate: WB CKP API tas/VGB returned 404
[2026-04-22 17:07:03,807] DEBUG greenlens.worldbank_climate: WB heat fallback VGB \u2192 0.450
[2026-04-22 17:07:03,832] INFO greenlens.ml_engine: Predicted bond VGB_Green_Bonds_2021: score=31.8 [Medium-Low]
[2026-04-22 17:07:04,600] DEBUG greenlens.worldbank_climate: WB CKP API pr/VGB returned 404
[2026-04-22 17:07:04,601] DEBUG greenlens.worldbank_climate: WB flood fallback VGB \u2192 0.400
[2026-04-22 17:07:04,702] DEBUG greenlens.worldbank_climate: WB CKP API tas/VGB returned 404
[2026-04-22 17:07:04,702] DEBUG greenlens.worldbank_climate: WB heat fallback VGB \u2192 0.450
[2026-04-22 17:07:04,724] INFO greenlens.ml_engine: Predicted bond VGB_Green_Bonds_2022: score=31.8 [Medium-Low]
[2026-04-22 17:07:05,319] DEBUG greenlens.worldbank_climate: WB CKP API pr/VGB returned 404
[2026-04-22 17:07:05,320] DEBUG greenlens.worldbank_climate: WB flood fallback VGB \u2192 0.400
[2026-04-22 17:07:05,419] DEBUG greenlens.worldbank_climate: WB CKP API tas/VGB returned 404
[2026-04-22 17:07:05,419] DEBUG greenlens.worldbank_climate: WB heat fallback VGB \u2192 0.450
[2026-04-22 17:07:05,446] INFO greenlens.ml_engine: Predicted bond VGB_Green_Bonds_2023: score=31.8 [Medium-Low]
[2026-04-22 17:07:06,033] DEBUG greenlens.worldbank_climate: WB CKP API pr/VGB returned 404
[2026-04-22 17:07:06,033] DEBUG greenlens.worldbank_climate: WB flood fallback VGB \u2192 0.400
[2026-04-22 17:07:06,136] DEBUG greenlens.worldbank_climate: WB CKP API tas/VGB returned 404
[2026-04-22 17:07:06,136] DEBUG greenlens.worldbank_climate: WB heat fallback VGB \u2192 0.450
[2026-04-22 17:07:06,166] INFO greenlens.ml_engine: Predicted bond VGB_Green_Bonds_2024: score=31.8 [Medium-Low]
[2026-04-22 17:07:06,958] DEBUG greenlens.worldbank_climate: WB CKP API pr/VGB returned 404
[2026-04-22 17:07:06,959] DEBUG greenlens.worldbank_climate: WB flood fallback VGB \u2192 0.400
[2026-04-22 17:07:07,043] DEBUG greenlens.worldbank_climate: WB CKP API tas/VGB returned 404
[2026-04-22 17:07:07,043] DEBUG greenlens.worldbank_climate: WB heat fallback VGB \u2192 0.450
[2026-04-22 17:07:07,066] INFO greenlens.ml_engine: Predicted bond VGB_Social_Bond_2022: score=31.8 [Medium-Low]
[2026-04-22 17:07:07,675] DEBUG greenlens.worldbank_climate: WB CKP API pr/VGB returned 404
[2026-04-22 17:07:07,675] DEBUG greenlens.worldbank_climate: WB flood fallback VGB \u2192 0.400
[2026-04-22 17:07:07,780] DEBUG greenlens.worldbank_climate: WB CKP API tas/VGB returned 404
[2026-04-22 17:07:07,780] DEBUG greenlens.worldbank_climate: WB heat fallback VGB \u2192 0.450
[2026-04-22 17:07:07,803] INFO greenlens.ml_engine: Predicted bond VGB_Social_Bond_2024: score=31.8 [Medium-Low]
[2026-04-22 17:07:08,494] DEBUG greenlens.worldbank_climate: WB CKP API pr/VGB returned 404
[2026-04-22 17:07:08,494] DEBUG greenlens.worldbank_climate: WB flood fallback VGB \u2192 0.400
[2026-04-22 17:07:08,585] DEBUG greenlens.worldbank_climate: WB CKP API tas/VGB returned 404
[2026-04-22 17:07:08,585] DEBUG greenlens.worldbank_climate: WB heat fallback VGB \u2192 0.450
[2026-04-22 17:07:08,601] INFO greenlens.ml_engine: Predicted bond VGB_Sustainabili_2021: score=31.8 [Medium-Low]
[2026-04-22 17:07:09,209] DEBUG greenlens.worldbank_climate: WB CKP API pr/VGB returned 404
[2026-04-22 17:07:09,209] DEBUG greenlens.worldbank_climate: WB flood fallback VGB \u2192 0.400
[2026-04-22 17:07:09,272] DEBUG greenlens.worldbank_climate: WB CKP API tas/VGB returned 404
[2026-04-22 17:07:09,273] DEBUG greenlens.worldbank_climate: WB heat fallback VGB \u2192 0.450
[2026-04-22 17:07:09,295] INFO greenlens.ml_engine: Predicted bond VGB_Sustainabili_2023: score=31.8 [Medium-Low]
[2026-04-22 17:07:09,925] DEBUG greenlens.worldbank_climate: WB CKP API pr/VGB returned 404
[2026-04-22 17:07:09,925] DEBUG greenlens.worldbank_climate: WB flood fallback VGB \u2192 0.400
[2026-04-22 17:07:09,988] DEBUG greenlens.worldbank_climate: WB CKP API tas/VGB returned 404
[2026-04-22 17:07:09,988] DEBUG greenlens.worldbank_climate: WB heat fallback VGB \u2192 0.450
[2026-04-22 17:07:10,008] INFO greenlens.ml_engine: Predicted bond VGB_Sustainabili_2024: score=31.8 [Medium-Low]
[2026-04-22 17:07:10,516] DEBUG greenlens.worldbank_climate: WB CKP API pr/VGB returned 404
[2026-04-22 17:07:10,516] DEBUG greenlens.worldbank_climate: WB flood fallback VGB \u2192 0.400
[2026-04-22 17:07:10,642] DEBUG greenlens.worldbank_climate: WB CKP API tas/VGB returned 404
[2026-04-22 17:07:10,642] DEBUG greenlens.worldbank_climate: WB heat fallback VGB \u2192 0.450
[2026-04-22 17:07:10,661] INFO greenlens.ml_engine: Predicted bond VGB_Linked_Bond_2021: score=31.8 [Medium-Low]
[2026-04-22 17:07:11,404] DEBUG greenlens.worldbank_climate: WB CKP API pr/VGB returned 404
[2026-04-22 17:07:11,404] DEBUG greenlens.worldbank_climate: WB flood fallback VGB \u2192 0.400
[2026-04-22 17:07:11,474] DEBUG greenlens.worldbank_climate: WB CKP API tas/VGB returned 404
[2026-04-22 17:07:11,474] DEBUG greenlens.worldbank_climate: WB heat fallback VGB \u2192 0.450
[2026-04-22 17:07:11,490] INFO greenlens.ml_engine: Predicted bond VGB_Linked_Bond_2022: score=31.8 [Medium-Low]
[2026-04-22 17:07:12,081] DEBUG greenlens.worldbank_climate: WB CKP API pr/BFA returned 404
[2026-04-22 17:07:12,081] DEBUG greenlens.worldbank_climate: WB flood fallback BFA \u2192 0.380
[2026-04-22 17:07:12,177] DEBUG greenlens.worldbank_climate: WB CKP API tas/BFA returned 404
[2026-04-22 17:07:12,177] DEBUG greenlens.worldbank_climate: WB heat fallback BFA \u2192 0.870
[2026-04-22 17:07:12,204] INFO greenlens.ml_engine: Predicted bond BFA_Social_Bond_2020: score=45.6 [Medium-High]
[2026-04-22 17:07:12,808] DEBUG greenlens.worldbank_climate: WB CKP API pr/BFA returned 404
[2026-04-22 17:07:12,808] DEBUG greenlens.worldbank_climate: WB flood fallback BFA \u2192 0.380
[2026-04-22 17:07:12,874] DEBUG greenlens.worldbank_climate: WB CKP API tas/BFA returned 404
[2026-04-22 17:07:12,874] DEBUG greenlens.worldbank_climate: WB heat fallback BFA \u2192 0.870
[2026-04-22 17:07:12,893] INFO greenlens.ml_engine: Predicted bond BFA_Social_Bond_2021: score=45.6 [Medium-High]
[2026-04-22 17:07:13,475] DEBUG greenlens.worldbank_climate: WB CKP API pr/BFA returned 404
[2026-04-22 17:07:13,475] DEBUG greenlens.worldbank_climate: WB flood fallback BFA \u2192 0.380
[2026-04-22 17:07:13,612] DEBUG greenlens.worldbank_climate: WB CKP API tas/BFA returned 404
[2026-04-22 17:07:13,613] DEBUG greenlens.worldbank_climate: WB heat fallback BFA \u2192 0.870
[2026-04-22 17:07:13,641] INFO greenlens.ml_engine: Predicted bond BFA_Social_Bond_2022: score=45.6 [Medium-High]
[2026-04-22 17:07:14,227] DEBUG greenlens.worldbank_climate: WB CKP API pr/CAN returned 404
[2026-04-22 17:07:14,227] DEBUG greenlens.worldbank_climate: WB flood fallback CAN \u2192 0.300
[2026-04-22 17:07:14,329] DEBUG greenlens.worldbank_climate: WB CKP API tas/CAN returned 404
[2026-04-22 17:07:14,329] DEBUG greenlens.worldbank_climate: WB heat fallback CAN \u2192 0.200
[2026-04-22 17:07:14,352] INFO greenlens.ml_engine: Predicted bond CAN_Green_Bonds_2014: score=19.4 [Low]
[2026-04-22 17:07:14,945] DEBUG greenlens.worldbank_climate: WB CKP API pr/CAN returned 404
[2026-04-22 17:07:14,946] DEBUG greenlens.worldbank_climate: WB flood fallback CAN \u2192 0.300
[2026-04-22 17:07:15,046] DEBUG greenlens.worldbank_climate: WB CKP API tas/CAN returned 404
[2026-04-22 17:07:15,046] DEBUG greenlens.worldbank_climate: WB heat fallback CAN \u2192 0.200
[2026-04-22 17:07:15,067] INFO greenlens.ml_engine: Predicted bond CAN_Green_Bonds_2015: score=19.4 [Low]
[2026-04-22 17:07:15,656] DEBUG greenlens.worldbank_climate: WB CKP API pr/CAN returned 404
[2026-04-22 17:07:15,656] DEBUG greenlens.worldbank_climate: WB flood fallback CAN \u2192 0.300
[2026-04-22 17:07:15,724] DEBUG greenlens.worldbank_climate: WB CKP API tas/CAN returned 404
[2026-04-22 17:07:15,724] DEBUG greenlens.worldbank_climate: WB heat fallback CAN \u2192 0.200
[2026-04-22 17:07:15,749] INFO greenlens.ml_engine: Predicted bond CAN_Green_Bonds_2016: score=19.4 [Low]
[2026-04-22 17:07:16,334] DEBUG greenlens.worldbank_climate: WB CKP API pr/CAN returned 404
[2026-04-22 17:07:16,334] DEBUG greenlens.worldbank_climate: WB flood fallback CAN \u2192 0.300
[2026-04-22 17:07:16,479] DEBUG greenlens.worldbank_climate: WB CKP API tas/CAN returned 404
[2026-04-22 17:07:16,479] DEBUG greenlens.worldbank_climate: WB heat fallback CAN \u2192 0.200
[2026-04-22 17:07:16,501] INFO greenlens.ml_engine: Predicted bond CAN_Green_Bonds_2017: score=19.4 [Low]
[2026-04-22 17:07:17,074] DEBUG greenlens.worldbank_climate: WB CKP API pr/CAN returned 404
[2026-04-22 17:07:17,074] DEBUG greenlens.worldbank_climate: WB flood fallback CAN \u2192 0.300
[2026-04-22 17:07:17,203] DEBUG greenlens.worldbank_climate: WB CKP API tas/CAN returned 404
[2026-04-22 17:07:17,203] DEBUG greenlens.worldbank_climate: WB heat fallback CAN \u2192 0.200
[2026-04-22 17:07:17,227] INFO greenlens.ml_engine: Predicted bond CAN_Green_Bonds_2018: score=19.4 [Low]
[2026-04-22 17:07:18,016] DEBUG greenlens.worldbank_climate: WB CKP API pr/CAN returned 404
[2026-04-22 17:07:18,016] DEBUG greenlens.worldbank_climate: WB flood fallback CAN \u2192 0.300
[2026-04-22 17:07:18,116] DEBUG greenlens.worldbank_climate: WB CKP API tas/CAN returned 404
[2026-04-22 17:07:18,117] DEBUG greenlens.worldbank_climate: WB heat fallback CAN \u2192 0.200
[2026-04-22 17:07:18,135] INFO greenlens.ml_engine: Predicted bond CAN_Green_Bonds_2019: score=19.4 [Low]
[2026-04-22 17:07:18,731] DEBUG greenlens.worldbank_climate: WB CKP API pr/CAN returned 404
[2026-04-22 17:07:18,731] DEBUG greenlens.worldbank_climate: WB flood fallback CAN \u2192 0.300
[2026-04-22 17:07:18,834] DEBUG greenlens.worldbank_climate: WB CKP API tas/CAN returned 404
[2026-04-22 17:07:18,834] DEBUG greenlens.worldbank_climate: WB heat fallback CAN \u2192 0.200
[2026-04-22 17:07:18,849] INFO greenlens.ml_engine: Predicted bond CAN_Green_Bonds_2020: score=19.4 [Low]
[2026-04-22 17:07:19,449] DEBUG greenlens.worldbank_climate: WB CKP API pr/CAN returned 404
[2026-04-22 17:07:19,449] DEBUG greenlens.worldbank_climate: WB flood fallback CAN \u2192 0.300
[2026-04-22 17:07:19,551] DEBUG greenlens.worldbank_climate: WB CKP API tas/CAN returned 404
[2026-04-22 17:07:19,551] DEBUG greenlens.worldbank_climate: WB heat fallback CAN \u2192 0.200
[2026-04-22 17:07:19,567] INFO greenlens.ml_engine: Predicted bond CAN_Green_Bonds_2021: score=19.4 [Low]
[2026-04-22 17:07:20,267] DEBUG greenlens.worldbank_climate: WB CKP API pr/CAN returned 404
[2026-04-22 17:07:20,267] DEBUG greenlens.worldbank_climate: WB flood fallback CAN \u2192 0.300
[2026-04-22 17:07:20,371] DEBUG greenlens.worldbank_climate: WB CKP API tas/CAN returned 404
[2026-04-22 17:07:20,372] DEBUG greenlens.worldbank_climate: WB heat fallback CAN \u2192 0.200
[2026-04-22 17:07:20,395] INFO greenlens.ml_engine: Predicted bond CAN_Green_Bonds_2022: score=19.4 [Low]
[2026-04-22 17:07:20,984] DEBUG greenlens.worldbank_climate: WB CKP API pr/CAN returned 404
[2026-04-22 17:07:20,984] DEBUG greenlens.worldbank_climate: WB flood fallback CAN \u2192 0.300
[2026-04-22 17:07:21,096] DEBUG greenlens.worldbank_climate: WB CKP API tas/CAN returned 404
[2026-04-22 17:07:21,096] DEBUG greenlens.worldbank_climate: WB heat fallback CAN \u2192 0.200
[2026-04-22 17:07:21,115] INFO greenlens.ml_engine: Predicted bond CAN_Green_Bonds_2023: score=19.4 [Low]
[2026-04-22 17:07:21,708] DEBUG greenlens.worldbank_climate: WB CKP API pr/CAN returned 404
[2026-04-22 17:07:21,708] DEBUG greenlens.worldbank_climate: WB flood fallback CAN \u2192 0.300
[2026-04-22 17:07:21,778] DEBUG greenlens.worldbank_climate: WB CKP API tas/CAN returned 404
[2026-04-22 17:07:21,778] DEBUG greenlens.worldbank_climate: WB heat fallback CAN \u2192 0.200
[2026-04-22 17:07:21,792] INFO greenlens.ml_engine: Predicted bond CAN_Green_Bonds_2024: score=19.4 [Low]
[2026-04-22 17:07:22,420] DEBUG greenlens.worldbank_climate: WB CKP API pr/CAN returned 404
[2026-04-22 17:07:22,421] DEBUG greenlens.worldbank_climate: WB flood fallback CAN \u2192 0.300
[2026-04-22 17:07:22,520] DEBUG greenlens.worldbank_climate: WB CKP API tas/CAN returned 404
[2026-04-22 17:07:22,520] DEBUG greenlens.worldbank_climate: WB heat fallback CAN \u2192 0.200
[2026-04-22 17:07:22,548] INFO greenlens.ml_engine: Predicted bond CAN_Social_Bond_2018: score=19.4 [Low]
[2026-04-22 17:07:23,092] DEBUG greenlens.worldbank_climate: WB CKP API pr/CAN returned 404
[2026-04-22 17:07:23,092] DEBUG greenlens.worldbank_climate: WB flood fallback CAN \u2192 0.300
[2026-04-22 17:07:23,238] DEBUG greenlens.worldbank_climate: WB CKP API tas/CAN returned 404
[2026-04-22 17:07:23,238] DEBUG greenlens.worldbank_climate: WB heat fallback CAN \u2192 0.200
[2026-04-22 17:07:23,261] INFO greenlens.ml_engine: Predicted bond CAN_Social_Bond_2020: score=19.4 [Low]
[2026-04-22 17:07:23,852] DEBUG greenlens.worldbank_climate: WB CKP API pr/CAN returned 404
[2026-04-22 17:07:23,852] DEBUG greenlens.worldbank_climate: WB flood fallback CAN \u2192 0.300
[2026-04-22 17:07:23,921] DEBUG greenlens.worldbank_climate: WB CKP API tas/CAN returned 404
[2026-04-22 17:07:23,921] DEBUG greenlens.worldbank_climate: WB heat fallback CAN \u2192 0.200
[2026-04-22 17:07:23,939] INFO greenlens.ml_engine: Predicted bond CAN_Social_Bond_2021: score=19.4 [Low]
[2026-04-22 17:07:24,568] DEBUG greenlens.worldbank_climate: WB CKP API pr/CAN returned 404
[2026-04-22 17:07:24,568] DEBUG greenlens.worldbank_climate: WB flood fallback CAN \u2192 0.300
[2026-04-22 17:07:24,670] DEBUG greenlens.worldbank_climate: WB CKP API tas/CAN returned 404
[2026-04-22 17:07:24,670] DEBUG greenlens.worldbank_climate: WB heat fallback CAN \u2192 0.200
[2026-04-22 17:07:24,699] INFO greenlens.ml_engine: Predicted bond CAN_Social_Bond_2022: score=19.4 [Low]
[2026-04-22 17:07:25,592] DEBUG greenlens.worldbank_climate: WB CKP API pr/CAN returned 404
[2026-04-22 17:07:25,592] DEBUG greenlens.worldbank_climate: WB flood fallback CAN \u2192 0.300
[2026-04-22 17:07:25,696] DEBUG greenlens.worldbank_climate: WB CKP API tas/CAN returned 404
[2026-04-22 17:07:25,696] DEBUG greenlens.worldbank_climate: WB heat fallback CAN \u2192 0.200
[2026-04-22 17:07:25,717] INFO greenlens.ml_engine: Predicted bond CAN_Social_Bond_2024: score=19.4 [Low]
[2026-04-22 17:07:26,515] DEBUG greenlens.worldbank_climate: WB CKP API pr/CAN returned 404
[2026-04-22 17:07:26,515] DEBUG greenlens.worldbank_climate: WB flood fallback CAN \u2192 0.300
[2026-04-22 17:07:26,617] DEBUG greenlens.worldbank_climate: WB CKP API tas/CAN returned 404
[2026-04-22 17:07:26,617] DEBUG greenlens.worldbank_climate: WB heat fallback CAN \u2192 0.200
[2026-04-22 17:07:26,635] INFO greenlens.ml_engine: Predicted bond CAN_Sustainabili_2019: score=19.4 [Low]
[2026-04-22 17:07:27,119] DEBUG greenlens.worldbank_climate: WB CKP API pr/CAN returned 404
[2026-04-22 17:07:27,119] DEBUG greenlens.worldbank_climate: WB flood fallback CAN \u2192 0.300
[2026-04-22 17:07:27,230] DEBUG greenlens.worldbank_climate: WB CKP API tas/CAN returned 404
[2026-04-22 17:07:27,231] DEBUG greenlens.worldbank_climate: WB heat fallback CAN \u2192 0.200
[2026-04-22 17:07:27,248] INFO greenlens.ml_engine: Predicted bond CAN_Sustainabili_2020: score=19.4 [Low]
[2026-04-22 17:07:27,846] DEBUG greenlens.worldbank_climate: WB CKP API pr/CAN returned 404
[2026-04-22 17:07:27,846] DEBUG greenlens.worldbank_climate: WB flood fallback CAN \u2192 0.300
[2026-04-22 17:07:27,949] DEBUG greenlens.worldbank_climate: WB CKP API tas/CAN returned 404
[2026-04-22 17:07:27,949] DEBUG greenlens.worldbank_climate: WB heat fallback CAN \u2192 0.200
[2026-04-22 17:07:27,972] INFO greenlens.ml_engine: Predicted bond CAN_Sustainabili_2021: score=19.4 [Low]
[2026-04-22 17:07:28,664] DEBUG greenlens.worldbank_climate: WB CKP API pr/CAN returned 404
[2026-04-22 17:07:28,665] DEBUG greenlens.worldbank_climate: WB flood fallback CAN \u2192 0.300
[2026-04-22 17:07:28,733] DEBUG greenlens.worldbank_climate: WB CKP API tas/CAN returned 404
[2026-04-22 17:07:28,733] DEBUG greenlens.worldbank_climate: WB heat fallback CAN \u2192 0.200
[2026-04-22 17:07:28,748] INFO greenlens.ml_engine: Predicted bond CAN_Sustainabili_2022: score=19.4 [Low]
[2026-04-22 17:07:29,484] DEBUG greenlens.worldbank_climate: WB CKP API pr/CAN returned 404
[2026-04-22 17:07:29,485] DEBUG greenlens.worldbank_climate: WB flood fallback CAN \u2192 0.300
[2026-04-22 17:07:29,585] DEBUG greenlens.worldbank_climate: WB CKP API tas/CAN returned 404
[2026-04-22 17:07:29,585] DEBUG greenlens.worldbank_climate: WB heat fallback CAN \u2192 0.200
[2026-04-22 17:07:29,601] INFO greenlens.ml_engine: Predicted bond CAN_Sustainabili_2023: score=19.4 [Low]
[2026-04-22 17:07:30,313] DEBUG greenlens.worldbank_climate: WB CKP API pr/CAN returned 404
[2026-04-22 17:07:30,313] DEBUG greenlens.worldbank_climate: WB flood fallback CAN \u2192 0.300
[2026-04-22 17:07:30,421] DEBUG greenlens.worldbank_climate: WB CKP API tas/CAN returned 404
[2026-04-22 17:07:30,422] DEBUG greenlens.worldbank_climate: WB heat fallback CAN \u2192 0.200
[2026-04-22 17:07:30,440] INFO greenlens.ml_engine: Predicted bond CAN_Sustainabili_2024: score=19.4 [Low]
[2026-04-22 17:07:30,979] DEBUG greenlens.worldbank_climate: WB CKP API pr/CAN returned 404
[2026-04-22 17:07:30,979] DEBUG greenlens.worldbank_climate: WB flood fallback CAN \u2192 0.300
[2026-04-22 17:07:31,114] DEBUG greenlens.worldbank_climate: WB CKP API tas/CAN returned 404
[2026-04-22 17:07:31,114] DEBUG greenlens.worldbank_climate: WB heat fallback CAN \u2192 0.200
[2026-04-22 17:07:31,139] INFO greenlens.ml_engine: Predicted bond CAN_Linked_Bond_2021: score=19.4 [Low]
[2026-04-22 17:07:31,668] DEBUG greenlens.worldbank_climate: WB CKP API pr/CAN returned 404
[2026-04-22 17:07:31,668] DEBUG greenlens.worldbank_climate: WB flood fallback CAN \u2192 0.300
[2026-04-22 17:07:31,732] DEBUG greenlens.worldbank_climate: WB CKP API tas/CAN returned 404
[2026-04-22 17:07:31,732] DEBUG greenlens.worldbank_climate: WB heat fallback CAN \u2192 0.200
[2026-04-22 17:07:31,748] INFO greenlens.ml_engine: Predicted bond CAN_Linked_Bond_2022: score=19.4 [Low]
[2026-04-22 17:07:32,307] DEBUG greenlens.worldbank_climate: WB CKP API pr/CAN returned 404
[2026-04-22 17:07:32,308] DEBUG greenlens.worldbank_climate: WB flood fallback CAN \u2192 0.300
[2026-04-22 17:07:32,373] DEBUG greenlens.worldbank_climate: WB CKP API tas/CAN returned 404
[2026-04-22 17:07:32,373] DEBUG greenlens.worldbank_climate: WB heat fallback CAN \u2192 0.200
[2026-04-22 17:07:32,397] INFO greenlens.ml_engine: Predicted bond CAN_Linked_Bond_2023: score=19.4 [Low]
[2026-04-22 17:07:32,979] DEBUG greenlens.worldbank_climate: WB CKP API pr/CYM returned 404
[2026-04-22 17:07:32,980] DEBUG greenlens.worldbank_climate: WB flood fallback CYM \u2192 0.400
[2026-04-22 17:07:33,067] DEBUG greenlens.worldbank_climate: WB CKP API tas/CYM returned 404
[2026-04-22 17:07:33,067] DEBUG greenlens.worldbank_climate: WB heat fallback CYM \u2192 0.450
[2026-04-22 17:07:33,090] INFO greenlens.ml_engine: Predicted bond CYM_Green_Bonds_2014: score=31.8 [Medium-Low]
[2026-04-22 17:07:33,606] DEBUG greenlens.worldbank_climate: WB CKP API pr/CYM returned 404
[2026-04-22 17:07:33,606] DEBUG greenlens.worldbank_climate: WB flood fallback CYM \u2192 0.400
[2026-04-22 17:07:33,682] DEBUG greenlens.worldbank_climate: WB CKP API tas/CYM returned 404
[2026-04-22 17:07:33,682] DEBUG greenlens.worldbank_climate: WB heat fallback CYM \u2192 0.450
[2026-04-22 17:07:33,703] INFO greenlens.ml_engine: Predicted bond CYM_Green_Bonds_2016: score=31.8 [Medium-Low]
[2026-04-22 17:07:34,260] DEBUG greenlens.worldbank_climate: WB CKP API pr/CYM returned 404
[2026-04-22 17:07:34,260] DEBUG greenlens.worldbank_climate: WB flood fallback CYM \u2192 0.400
[2026-04-22 17:07:34,327] DEBUG greenlens.worldbank_climate: WB CKP API tas/CYM returned 404
[2026-04-22 17:07:34,327] DEBUG greenlens.worldbank_climate: WB heat fallback CYM \u2192 0.450
[2026-04-22 17:07:34,348] INFO greenlens.ml_engine: Predicted bond CYM_Green_Bonds_2017: score=31.8 [Medium-Low]
[2026-04-22 17:07:34,910] DEBUG greenlens.worldbank_climate: WB CKP API pr/CYM returned 404
[2026-04-22 17:07:34,910] DEBUG greenlens.worldbank_climate: WB flood fallback CYM \u2192 0.400
[2026-04-22 17:07:35,013] DEBUG greenlens.worldbank_climate: WB CKP API tas/CYM returned 404
[2026-04-22 17:07:35,013] DEBUG greenlens.worldbank_climate: WB heat fallback CYM \u2192 0.450
[2026-04-22 17:07:35,028] INFO greenlens.ml_engine: Predicted bond CYM_Green_Bonds_2018: score=31.8 [Medium-Low]
[2026-04-22 17:07:35,834] DEBUG greenlens.worldbank_climate: WB CKP API pr/CYM returned 404
[2026-04-22 17:07:35,834] DEBUG greenlens.worldbank_climate: WB flood fallback CYM \u2192 0.400
[2026-04-22 17:07:35,925] DEBUG greenlens.worldbank_climate: WB CKP API tas/CYM returned 404
[2026-04-22 17:07:35,925] DEBUG greenlens.worldbank_climate: WB heat fallback CYM \u2192 0.450
[2026-04-22 17:07:35,946] INFO greenlens.ml_engine: Predicted bond CYM_Green_Bonds_2019: score=31.8 [Medium-Low]
[2026-04-22 17:07:36,754] DEBUG greenlens.worldbank_climate: WB CKP API pr/CYM returned 404
[2026-04-22 17:07:36,754] DEBUG greenlens.worldbank_climate: WB flood fallback CYM \u2192 0.400
[2026-04-22 17:07:36,856] DEBUG greenlens.worldbank_climate: WB CKP API tas/CYM returned 404
[2026-04-22 17:07:36,856] DEBUG greenlens.worldbank_climate: WB heat fallback CYM \u2192 0.450
[2026-04-22 17:07:36,884] INFO greenlens.ml_engine: Predicted bond CYM_Green_Bonds_2020: score=31.8 [Medium-Low]
[2026-04-22 17:07:37,572] DEBUG greenlens.worldbank_climate: WB CKP API pr/CYM returned 404
[2026-04-22 17:07:37,573] DEBUG greenlens.worldbank_climate: WB flood fallback CYM \u2192 0.400
[2026-04-22 17:07:37,642] DEBUG greenlens.worldbank_climate: WB CKP API tas/CYM returned 404
[2026-04-22 17:07:37,643] DEBUG greenlens.worldbank_climate: WB heat fallback CYM \u2192 0.450
[2026-04-22 17:07:37,661] INFO greenlens.ml_engine: Predicted bond CYM_Green_Bonds_2021: score=31.8 [Medium-Low]
[2026-04-22 17:07:38,391] DEBUG greenlens.worldbank_climate: WB CKP API pr/CYM returned 404
[2026-04-22 17:07:38,392] DEBUG greenlens.worldbank_climate: WB flood fallback CYM \u2192 0.400
[2026-04-22 17:07:38,494] DEBUG greenlens.worldbank_climate: WB CKP API tas/CYM returned 404
[2026-04-22 17:07:38,494] DEBUG greenlens.worldbank_climate: WB heat fallback CYM \u2192 0.450
[2026-04-22 17:07:38,517] INFO greenlens.ml_engine: Predicted bond CYM_Green_Bonds_2022: score=31.8 [Medium-Low]
[2026-04-22 17:07:39,167] DEBUG greenlens.worldbank_climate: WB CKP API pr/CYM returned 404
[2026-04-22 17:07:39,168] DEBUG greenlens.worldbank_climate: WB flood fallback CYM \u2192 0.400
[2026-04-22 17:07:39,313] DEBUG greenlens.worldbank_climate: WB CKP API tas/CYM returned 404
[2026-04-22 17:07:39,313] DEBUG greenlens.worldbank_climate: WB heat fallback CYM \u2192 0.450
[2026-04-22 17:07:39,337] INFO greenlens.ml_engine: Predicted bond CYM_Green_Bonds_2023: score=31.8 [Medium-Low]
[2026-04-22 17:07:39,888] DEBUG greenlens.worldbank_climate: WB CKP API pr/CYM returned 404
[2026-04-22 17:07:39,889] DEBUG greenlens.worldbank_climate: WB flood fallback CYM \u2192 0.400
[2026-04-22 17:07:40,031] DEBUG greenlens.worldbank_climate: WB CKP API tas/CYM returned 404
[2026-04-22 17:07:40,031] DEBUG greenlens.worldbank_climate: WB heat fallback CYM \u2192 0.450
[2026-04-22 17:07:40,047] INFO greenlens.ml_engine: Predicted bond CYM_Green_Bonds_2024: score=31.8 [Medium-Low]
[2026-04-22 17:07:40,748] DEBUG greenlens.worldbank_climate: WB CKP API pr/CYM returned 404
[2026-04-22 17:07:40,748] DEBUG greenlens.worldbank_climate: WB flood fallback CYM \u2192 0.400
[2026-04-22 17:07:40,850] DEBUG greenlens.worldbank_climate: WB CKP API tas/CYM returned 404
[2026-04-22 17:07:40,850] DEBUG greenlens.worldbank_climate: WB heat fallback CYM \u2192 0.450
[2026-04-22 17:07:40,870] INFO greenlens.ml_engine: Predicted bond CYM_Social_Bond_2014: score=31.8 [Medium-Low]
[2026-04-22 17:07:41,415] DEBUG greenlens.worldbank_climate: WB CKP API pr/CYM returned 404
[2026-04-22 17:07:41,415] DEBUG greenlens.worldbank_climate: WB flood fallback CYM \u2192 0.400
[2026-04-22 17:07:41,567] DEBUG greenlens.worldbank_climate: WB CKP API tas/CYM returned 404
[2026-04-22 17:07:41,568] DEBUG greenlens.worldbank_climate: WB heat fallback CYM \u2192 0.450
[2026-04-22 17:07:41,592] INFO greenlens.ml_engine: Predicted bond CYM_Social_Bond_2015: score=31.8 [Medium-Low]
[2026-04-22 17:07:42,284] DEBUG greenlens.worldbank_climate: WB CKP API pr/CYM returned 404
[2026-04-22 17:07:42,284] DEBUG greenlens.worldbank_climate: WB flood fallback CYM \u2192 0.400
[2026-04-22 17:07:42,385] DEBUG greenlens.worldbank_climate: WB CKP API tas/CYM returned 404
[2026-04-22 17:07:42,385] DEBUG greenlens.worldbank_climate: WB heat fallback CYM \u2192 0.450
[2026-04-22 17:07:42,411] INFO greenlens.ml_engine: Predicted bond CYM_Social_Bond_2022: score=31.8 [Medium-Low]
[2026-04-22 17:07:43,008] DEBUG greenlens.worldbank_climate: WB CKP API pr/CYM returned 404
[2026-04-22 17:07:43,008] DEBUG greenlens.worldbank_climate: WB flood fallback CYM \u2192 0.400
[2026-04-22 17:07:43,104] DEBUG greenlens.worldbank_climate: WB CKP API tas/CYM returned 404
[2026-04-22 17:07:43,104] DEBUG greenlens.worldbank_climate: WB heat fallback CYM \u2192 0.450
[2026-04-22 17:07:43,124] INFO greenlens.ml_engine: Predicted bond CYM_Social_Bond_2023: score=31.8 [Medium-Low]
[2026-04-22 17:07:43,689] DEBUG greenlens.worldbank_climate: WB CKP API pr/CYM returned 404
[2026-04-22 17:07:43,689] DEBUG greenlens.worldbank_climate: WB flood fallback CYM \u2192 0.400
[2026-04-22 17:07:43,819] DEBUG greenlens.worldbank_climate: WB CKP API tas/CYM returned 404
[2026-04-22 17:07:43,819] DEBUG greenlens.worldbank_climate: WB heat fallback CYM \u2192 0.450
[2026-04-22 17:07:43,842] INFO greenlens.ml_engine: Predicted bond CYM_Sustainabili_2020: score=31.8 [Medium-Low]
[2026-04-22 17:07:44,391] DEBUG greenlens.worldbank_climate: WB CKP API pr/CYM returned 404
[2026-04-22 17:07:44,391] DEBUG greenlens.worldbank_climate: WB flood fallback CYM \u2192 0.400
[2026-04-22 17:07:44,453] DEBUG greenlens.worldbank_climate: WB CKP API tas/CYM returned 404
[2026-04-22 17:07:44,453] DEBUG greenlens.worldbank_climate: WB heat fallback CYM \u2192 0.450
[2026-04-22 17:07:44,468] INFO greenlens.ml_engine: Predicted bond CYM_Sustainabili_2021: score=31.8 [Medium-Low]
[2026-04-22 17:07:45,048] DEBUG greenlens.worldbank_climate: WB CKP API pr/CYM returned 404
[2026-04-22 17:07:45,048] DEBUG greenlens.worldbank_climate: WB flood fallback CYM \u2192 0.400
[2026-04-22 17:07:45,150] DEBUG greenlens.worldbank_climate: WB CKP API tas/CYM returned 404
[2026-04-22 17:07:45,150] DEBUG greenlens.worldbank_climate: WB heat fallback CYM \u2192 0.450
[2026-04-22 17:07:45,174] INFO greenlens.ml_engine: Predicted bond CYM_Sustainabili_2022: score=31.8 [Medium-Low]
[2026-04-22 17:07:45,969] DEBUG greenlens.worldbank_climate: WB CKP API pr/CYM returned 404
[2026-04-22 17:07:45,969] DEBUG greenlens.worldbank_climate: WB flood fallback CYM \u2192 0.400
[2026-04-22 17:07:46,071] DEBUG greenlens.worldbank_climate: WB CKP API tas/CYM returned 404
[2026-04-22 17:07:46,071] DEBUG greenlens.worldbank_climate: WB heat fallback CYM \u2192 0.450
[2026-04-22 17:07:46,099] INFO greenlens.ml_engine: Predicted bond CYM_Sustainabili_2023: score=31.8 [Medium-Low]
[2026-04-22 17:07:46,646] DEBUG greenlens.worldbank_climate: WB CKP API pr/CYM returned 404
[2026-04-22 17:07:46,646] DEBUG greenlens.worldbank_climate: WB flood fallback CYM \u2192 0.400
[2026-04-22 17:07:46,788] DEBUG greenlens.worldbank_climate: WB CKP API tas/CYM returned 404
[2026-04-22 17:07:46,788] DEBUG greenlens.worldbank_climate: WB heat fallback CYM \u2192 0.450
[2026-04-22 17:07:46,805] INFO greenlens.ml_engine: Predicted bond CYM_Sustainabili_2024: score=31.8 [Medium-Low]
[2026-04-22 17:07:47,505] DEBUG greenlens.worldbank_climate: WB CKP API pr/CYM returned 404
[2026-04-22 17:07:47,505] DEBUG greenlens.worldbank_climate: WB flood fallback CYM \u2192 0.400
[2026-04-22 17:07:47,611] DEBUG greenlens.worldbank_climate: WB CKP API tas/CYM returned 404
[2026-04-22 17:07:47,611] DEBUG greenlens.worldbank_climate: WB heat fallback CYM \u2192 0.450
[2026-04-22 17:07:47,634] INFO greenlens.ml_engine: Predicted bond CYM_Linked_Bond_2020: score=31.8 [Medium-Low]
[2026-04-22 17:07:48,428] DEBUG greenlens.worldbank_climate: WB CKP API pr/CYM returned 404
[2026-04-22 17:07:48,429] DEBUG greenlens.worldbank_climate: WB flood fallback CYM \u2192 0.400
[2026-04-22 17:07:48,529] DEBUG greenlens.worldbank_climate: WB CKP API tas/CYM returned 404
[2026-04-22 17:07:48,530] DEBUG greenlens.worldbank_climate: WB heat fallback CYM \u2192 0.450
[2026-04-22 17:07:48,544] INFO greenlens.ml_engine: Predicted bond CYM_Linked_Bond_2021: score=31.8 [Medium-Low]
[2026-04-22 17:07:49,144] DEBUG greenlens.worldbank_climate: WB CKP API pr/CYM returned 404
[2026-04-22 17:07:49,144] DEBUG greenlens.worldbank_climate: WB flood fallback CYM \u2192 0.400
[2026-04-22 17:07:49,205] DEBUG greenlens.worldbank_climate: WB CKP API tas/CYM returned 404
[2026-04-22 17:07:49,205] DEBUG greenlens.worldbank_climate: WB heat fallback CYM \u2192 0.450
[2026-04-22 17:07:49,227] INFO greenlens.ml_engine: Predicted bond CYM_Linked_Bond_2023: score=31.8 [Medium-Low]
[2026-04-22 17:07:49,819] DEBUG greenlens.worldbank_climate: WB CKP API pr/CYM returned 404
[2026-04-22 17:07:49,819] DEBUG greenlens.worldbank_climate: WB flood fallback CYM \u2192 0.400
[2026-04-22 17:07:49,963] DEBUG greenlens.worldbank_climate: WB CKP API tas/CYM returned 404
[2026-04-22 17:07:49,963] DEBUG greenlens.worldbank_climate: WB heat fallback CYM \u2192 0.450
[2026-04-22 17:07:49,985] INFO greenlens.ml_engine: Predicted bond CYM_Linked_Bond_2024: score=31.8 [Medium-Low]
[2026-04-22 17:07:50,544] DEBUG greenlens.worldbank_climate: WB CKP API pr/CHL returned 404
[2026-04-22 17:07:50,544] DEBUG greenlens.worldbank_climate: WB flood fallback CHL \u2192 0.380
[2026-04-22 17:07:50,679] DEBUG greenlens.worldbank_climate: WB CKP API tas/CHL returned 404
[2026-04-22 17:07:50,679] DEBUG greenlens.worldbank_climate: WB heat fallback CHL \u2192 0.400
[2026-04-22 17:07:50,706] INFO greenlens.ml_engine: Predicted bond CHL_Green_Bonds_2017: score=29.2 [Medium-Low]
[2026-04-22 17:07:51,258] DEBUG greenlens.worldbank_climate: WB CKP API pr/CHL returned 404
[2026-04-22 17:07:51,258] DEBUG greenlens.worldbank_climate: WB flood fallback CHL \u2192 0.380
[2026-04-22 17:07:51,397] DEBUG greenlens.worldbank_climate: WB CKP API tas/CHL returned 404
[2026-04-22 17:07:51,397] DEBUG greenlens.worldbank_climate: WB heat fallback CHL \u2192 0.400
[2026-04-22 17:07:51,418] INFO greenlens.ml_engine: Predicted bond CHL_Green_Bonds_2019: score=29.2 [Medium-Low]
[2026-04-22 17:07:52,012] DEBUG greenlens.worldbank_climate: WB CKP API pr/CHL returned 404
[2026-04-22 17:07:52,012] DEBUG greenlens.worldbank_climate: WB flood fallback CHL \u2192 0.380
[2026-04-22 17:07:52,083] DEBUG greenlens.worldbank_climate: WB CKP API tas/CHL returned 404
[2026-04-22 17:07:52,083] DEBUG greenlens.worldbank_climate: WB heat fallback CHL \u2192 0.400
[2026-04-22 17:07:52,104] INFO greenlens.ml_engine: Predicted bond CHL_Green_Bonds_2020: score=29.2 [Medium-Low]
[2026-04-22 17:07:52,727] DEBUG greenlens.worldbank_climate: WB CKP API pr/CHL returned 404
[2026-04-22 17:07:52,727] DEBUG greenlens.worldbank_climate: WB flood fallback CHL \u2192 0.380
[2026-04-22 17:07:52,830] DEBUG greenlens.worldbank_climate: WB CKP API tas/CHL returned 404
[2026-04-22 17:07:52,831] DEBUG greenlens.worldbank_climate: WB heat fallback CHL \u2192 0.400
[2026-04-22 17:07:52,845] INFO greenlens.ml_engine: Predicted bond CHL_Green_Bonds_2021: score=29.2 [Medium-Low]
[2026-04-22 17:07:53,412] DEBUG greenlens.worldbank_climate: WB CKP API pr/CHL returned 404
[2026-04-22 17:07:53,412] DEBUG greenlens.worldbank_climate: WB flood fallback CHL \u2192 0.380
[2026-04-22 17:07:53,548] DEBUG greenlens.worldbank_climate: WB CKP API tas/CHL returned 404
[2026-04-22 17:07:53,548] DEBUG greenlens.worldbank_climate: WB heat fallback CHL \u2192 0.400
[2026-04-22 17:07:53,569] INFO greenlens.ml_engine: Predicted bond CHL_Green_Bonds_2022: score=29.2 [Medium-Low]
[2026-04-22 17:07:54,166] DEBUG greenlens.worldbank_climate: WB CKP API pr/CHL returned 404
[2026-04-22 17:07:54,166] DEBUG greenlens.worldbank_climate: WB flood fallback CHL \u2192 0.380
[2026-04-22 17:07:54,264] DEBUG greenlens.worldbank_climate: WB CKP API tas/CHL returned 404
[2026-04-22 17:07:54,265] DEBUG greenlens.worldbank_climate: WB heat fallback CHL \u2192 0.400
[2026-04-22 17:07:54,287] INFO greenlens.ml_engine: Predicted bond CHL_Green_Bonds_2023: score=29.2 [Medium-Low]
[2026-04-22 17:07:55,072] DEBUG greenlens.worldbank_climate: WB CKP API pr/CHL returned 404
[2026-04-22 17:07:55,073] DEBUG greenlens.worldbank_climate: WB flood fallback CHL \u2192 0.380
[2026-04-22 17:07:55,157] DEBUG greenlens.worldbank_climate: WB CKP API tas/CHL returned 404
[2026-04-22 17:07:55,157] DEBUG greenlens.worldbank_climate: WB heat fallback CHL \u2192 0.400
[2026-04-22 17:07:55,186] INFO greenlens.ml_engine: Predicted bond CHL_Green_Bonds_2024: score=29.2 [Medium-Low]
[2026-04-22 17:07:56,107] DEBUG greenlens.worldbank_climate: WB CKP API pr/CHL returned 404
[2026-04-22 17:07:56,107] DEBUG greenlens.worldbank_climate: WB flood fallback CHL \u2192 0.380
[2026-04-22 17:07:56,186] DEBUG greenlens.worldbank_climate: WB CKP API tas/CHL returned 404
[2026-04-22 17:07:56,186] DEBUG greenlens.worldbank_climate: WB heat fallback CHL \u2192 0.400
[2026-04-22 17:07:56,207] INFO greenlens.ml_engine: Predicted bond CHL_Social_Bond_2016: score=29.2 [Medium-Low]
[2026-04-22 17:07:56,823] DEBUG greenlens.worldbank_climate: WB CKP API pr/CHL returned 404
[2026-04-22 17:07:56,824] DEBUG greenlens.worldbank_climate: WB flood fallback CHL \u2192 0.380
[2026-04-22 17:07:56,926] DEBUG greenlens.worldbank_climate: WB CKP API tas/CHL returned 404
[2026-04-22 17:07:56,926] DEBUG greenlens.worldbank_climate: WB heat fallback CHL \u2192 0.400
[2026-04-22 17:07:56,945] INFO greenlens.ml_engine: Predicted bond CHL_Social_Bond_2017: score=29.2 [Medium-Low]
[2026-04-22 17:07:57,540] DEBUG greenlens.worldbank_climate: WB CKP API pr/CHL returned 404
[2026-04-22 17:07:57,541] DEBUG greenlens.worldbank_climate: WB flood fallback CHL \u2192 0.380
[2026-04-22 17:07:57,644] DEBUG greenlens.worldbank_climate: WB CKP API tas/CHL returned 404
[2026-04-22 17:07:57,644] DEBUG greenlens.worldbank_climate: WB heat fallback CHL \u2192 0.400
[2026-04-22 17:07:57,662] INFO greenlens.ml_engine: Predicted bond CHL_Social_Bond_2018: score=29.2 [Medium-Low]
[2026-04-22 17:07:58,310] DEBUG greenlens.worldbank_climate: WB CKP API pr/CHL returned 404
[2026-04-22 17:07:58,310] DEBUG greenlens.worldbank_climate: WB flood fallback CHL \u2192 0.380
[2026-04-22 17:07:58,462] DEBUG greenlens.worldbank_climate: WB CKP API tas/CHL returned 404
[2026-04-22 17:07:58,462] DEBUG greenlens.worldbank_climate: WB heat fallback CHL \u2192 0.400
[2026-04-22 17:07:58,478] INFO greenlens.ml_engine: Predicted bond CHL_Social_Bond_2019: score=29.2 [Medium-Low]
[2026-04-22 17:07:59,015] DEBUG greenlens.worldbank_climate: WB CKP API pr/CHL returned 404
[2026-04-22 17:07:59,015] DEBUG greenlens.worldbank_climate: WB flood fallback CHL \u2192 0.380
[2026-04-22 17:07:59,080] DEBUG greenlens.worldbank_climate: WB CKP API tas/CHL returned 404
[2026-04-22 17:07:59,081] DEBUG greenlens.worldbank_climate: WB heat fallback CHL \u2192 0.400
[2026-04-22 17:07:59,100] INFO greenlens.ml_engine: Predicted bond CHL_Social_Bond_2020: score=29.2 [Medium-Low]
[2026-04-22 17:07:59,646] DEBUG greenlens.worldbank_climate: WB CKP API pr/CHL returned 404
[2026-04-22 17:07:59,646] DEBUG greenlens.worldbank_climate: WB flood fallback CHL \u2192 0.380
[2026-04-22 17:07:59,794] DEBUG greenlens.worldbank_climate: WB CKP API tas/CHL returned 404
[2026-04-22 17:07:59,794] DEBUG greenlens.worldbank_climate: WB heat fallback CHL \u2192 0.400
[2026-04-22 17:07:59,808] INFO greenlens.ml_engine: Predicted bond CHL_Social_Bond_2021: score=29.2 [Medium-Low]
[2026-04-22 17:08:00,408] DEBUG greenlens.worldbank_climate: WB CKP API pr/CHL returned 404
[2026-04-22 17:08:00,409] DEBUG greenlens.worldbank_climate: WB flood fallback CHL \u2192 0.380
[2026-04-22 17:08:00,510] DEBUG greenlens.worldbank_climate: WB CKP API tas/CHL returned 404
[2026-04-22 17:08:00,510] DEBUG greenlens.worldbank_climate: WB heat fallback CHL \u2192 0.400
[2026-04-22 17:08:00,529] INFO greenlens.ml_engine: Predicted bond CHL_Social_Bond_2022: score=29.2 [Medium-Low]
[2026-04-22 17:08:01,123] DEBUG greenlens.worldbank_climate: WB CKP API pr/CHL returned 404
[2026-04-22 17:08:01,124] DEBUG greenlens.worldbank_climate: WB flood fallback CHL \u2192 0.380
[2026-04-22 17:08:01,226] DEBUG greenlens.worldbank_climate: WB CKP API tas/CHL returned 404
[2026-04-22 17:08:01,227] DEBUG greenlens.worldbank_climate: WB heat fallback CHL \u2192 0.400
[2026-04-22 17:08:01,246] INFO greenlens.ml_engine: Predicted bond CHL_Social_Bond_2023: score=29.2 [Medium-Low]
[2026-04-22 17:08:01,944] DEBUG greenlens.worldbank_climate: WB CKP API pr/CHL returned 404
[2026-04-22 17:08:01,945] DEBUG greenlens.worldbank_climate: WB flood fallback CHL \u2192 0.380
[2026-04-22 17:08:02,014] DEBUG greenlens.worldbank_climate: WB CKP API tas/CHL returned 404
[2026-04-22 17:08:02,014] DEBUG greenlens.worldbank_climate: WB heat fallback CHL \u2192 0.400
[2026-04-22 17:08:02,032] INFO greenlens.ml_engine: Predicted bond CHL_Social_Bond_2024: score=29.2 [Medium-Low]
[2026-04-22 17:08:02,828] DEBUG greenlens.worldbank_climate: WB CKP API pr/CHL returned 404
[2026-04-22 17:08:02,828] DEBUG greenlens.worldbank_climate: WB flood fallback CHL \u2192 0.380
[2026-04-22 17:08:02,967] DEBUG greenlens.worldbank_climate: WB CKP API tas/CHL returned 404
[2026-04-22 17:08:02,968] DEBUG greenlens.worldbank_climate: WB heat fallback CHL \u2192 0.400
[2026-04-22 17:08:02,983] INFO greenlens.ml_engine: Predicted bond CHL_Sustainabili_2018: score=29.2 [Medium-Low]
[2026-04-22 17:08:03,787] DEBUG greenlens.worldbank_climate: WB CKP API pr/CHL returned 404
[2026-04-22 17:08:03,787] DEBUG greenlens.worldbank_climate: WB flood fallback CHL \u2192 0.380
[2026-04-22 17:08:03,890] DEBUG greenlens.worldbank_climate: WB CKP API tas/CHL returned 404
[2026-04-22 17:08:03,890] DEBUG greenlens.worldbank_climate: WB heat fallback CHL \u2192 0.400
[2026-04-22 17:08:03,910] INFO greenlens.ml_engine: Predicted bond CHL_Sustainabili_2019: score=29.2 [Medium-Low]
[2026-04-22 17:08:04,506] DEBUG greenlens.worldbank_climate: WB CKP API pr/CHL returned 404
[2026-04-22 17:08:04,506] DEBUG greenlens.worldbank_climate: WB flood fallback CHL \u2192 0.380
[2026-04-22 17:08:04,607] DEBUG greenlens.worldbank_climate: WB CKP API tas/CHL returned 404
[2026-04-22 17:08:04,607] DEBUG greenlens.worldbank_climate: WB heat fallback CHL \u2192 0.400
[2026-04-22 17:08:04,626] INFO greenlens.ml_engine: Predicted bond CHL_Sustainabili_2021: score=29.2 [Medium-Low]
[2026-04-22 17:08:05,285] DEBUG greenlens.worldbank_climate: WB CKP API pr/CHL returned 404
[2026-04-22 17:08:05,285] DEBUG greenlens.worldbank_climate: WB flood fallback CHL \u2192 0.380
[2026-04-22 17:08:05,434] DEBUG greenlens.worldbank_climate: WB CKP API tas/CHL returned 404
[2026-04-22 17:08:05,435] DEBUG greenlens.worldbank_climate: WB heat fallback CHL \u2192 0.400
[2026-04-22 17:08:05,456] INFO greenlens.ml_engine: Predicted bond CHL_Sustainabili_2022: score=29.2 [Medium-Low]
[2026-04-22 17:08:06,348] DEBUG greenlens.worldbank_climate: WB CKP API pr/CHL returned 404
[2026-04-22 17:08:06,348] DEBUG greenlens.worldbank_climate: WB flood fallback CHL \u2192 0.380
[2026-04-22 17:08:06,450] DEBUG greenlens.worldbank_climate: WB CKP API tas/CHL returned 404
[2026-04-22 17:08:06,451] DEBUG greenlens.worldbank_climate: WB heat fallback CHL \u2192 0.400
[2026-04-22 17:08:06,482] INFO greenlens.ml_engine: Predicted bond CHL_Sustainabili_2023: score=29.2 [Medium-Low]
[2026-04-22 17:08:07,421] DEBUG greenlens.worldbank_climate: WB CKP API pr/CHL returned 404
[2026-04-22 17:08:07,421] DEBUG greenlens.worldbank_climate: WB flood fallback CHL \u2192 0.380
[2026-04-22 17:08:07,508] DEBUG greenlens.worldbank_climate: WB CKP API tas/CHL returned 404
[2026-04-22 17:08:07,509] DEBUG greenlens.worldbank_climate: WB heat fallback CHL \u2192 0.400
[2026-04-22 17:08:07,527] INFO greenlens.ml_engine: Predicted bond CHL_Linked_Bond_2021: score=29.2 [Medium-Low]
[2026-04-22 17:08:08,088] DEBUG greenlens.worldbank_climate: WB CKP API pr/CHL returned 404
[2026-04-22 17:08:08,088] DEBUG greenlens.worldbank_climate: WB flood fallback CHL \u2192 0.380
[2026-04-22 17:08:08,160] DEBUG greenlens.worldbank_climate: WB CKP API tas/CHL returned 404
[2026-04-22 17:08:08,160] DEBUG greenlens.worldbank_climate: WB heat fallback CHL \u2192 0.400
[2026-04-22 17:08:08,179] INFO greenlens.ml_engine: Predicted bond CHL_Linked_Bond_2022: score=29.2 [Medium-Low]
[2026-04-22 17:08:08,906] DEBUG greenlens.worldbank_climate: WB CKP API pr/CHL returned 404
[2026-04-22 17:08:08,906] DEBUG greenlens.worldbank_climate: WB flood fallback CHL \u2192 0.380
[2026-04-22 17:08:09,010] DEBUG greenlens.worldbank_climate: WB CKP API tas/CHL returned 404
[2026-04-22 17:08:09,010] DEBUG greenlens.worldbank_climate: WB heat fallback CHL \u2192 0.400
[2026-04-22 17:08:09,035] INFO greenlens.ml_engine: Predicted bond CHL_Linked_Bond_2023: score=29.2 [Medium-Low]
[2026-04-22 17:08:09,579] DEBUG greenlens.worldbank_climate: WB CKP API pr/HKG returned 404
[2026-04-22 17:08:09,579] DEBUG greenlens.worldbank_climate: WB flood fallback HKG \u2192 0.400
[2026-04-22 17:08:09,670] DEBUG greenlens.worldbank_climate: WB CKP API tas/HKG returned 404
[2026-04-22 17:08:09,671] DEBUG greenlens.worldbank_climate: WB heat fallback HKG \u2192 0.450
[2026-04-22 17:08:09,696] INFO greenlens.ml_engine: Predicted bond HKG_Green_Bonds_2013: score=31.8 [Medium-Low]
[2026-04-22 17:08:10,303] DEBUG greenlens.worldbank_climate: WB CKP API pr/HKG returned 404
[2026-04-22 17:08:10,303] DEBUG greenlens.worldbank_climate: WB flood fallback HKG \u2192 0.400
[2026-04-22 17:08:10,442] DEBUG greenlens.worldbank_climate: WB CKP API tas/HKG returned 404
[2026-04-22 17:08:10,442] DEBUG greenlens.worldbank_climate: WB heat fallback HKG \u2192 0.450
[2026-04-22 17:08:10,458] INFO greenlens.ml_engine: Predicted bond HKG_Green_Bonds_2015: score=31.8 [Medium-Low]
[2026-04-22 17:08:11,057] DEBUG greenlens.worldbank_climate: WB CKP API pr/HKG returned 404
[2026-04-22 17:08:11,057] DEBUG greenlens.worldbank_climate: WB flood fallback HKG \u2192 0.400
[2026-04-22 17:08:11,125] DEBUG greenlens.worldbank_climate: WB CKP API tas/HKG returned 404
[2026-04-22 17:08:11,126] DEBUG greenlens.worldbank_climate: WB heat fallback HKG \u2192 0.450
[2026-04-22 17:08:11,149] INFO greenlens.ml_engine: Predicted bond HKG_Green_Bonds_2017: score=31.8 [Medium-Low]
[2026-04-22 17:08:11,774] DEBUG greenlens.worldbank_climate: WB CKP API pr/HKG returned 404
[2026-04-22 17:08:11,774] DEBUG greenlens.worldbank_climate: WB flood fallback HKG \u2192 0.400
[2026-04-22 17:08:11,876] DEBUG greenlens.worldbank_climate: WB CKP API tas/HKG returned 404
[2026-04-22 17:08:11,876] DEBUG greenlens.worldbank_climate: WB heat fallback HKG \u2192 0.450
[2026-04-22 17:08:11,894] INFO greenlens.ml_engine: Predicted bond HKG_Green_Bonds_2018: score=31.8 [Medium-Low]
[2026-04-22 17:08:12,491] DEBUG greenlens.worldbank_climate: WB CKP API pr/HKG returned 404
[2026-04-22 17:08:12,491] DEBUG greenlens.worldbank_climate: WB flood fallback HKG \u2192 0.400
[2026-04-22 17:08:12,593] DEBUG greenlens.worldbank_climate: WB CKP API tas/HKG returned 404
[2026-04-22 17:08:12,594] DEBUG greenlens.worldbank_climate: WB heat fallback HKG \u2192 0.450
[2026-04-22 17:08:12,617] INFO greenlens.ml_engine: Predicted bond HKG_Green_Bonds_2019: score=31.8 [Medium-Low]
[2026-04-22 17:08:13,162] DEBUG greenlens.worldbank_climate: WB CKP API pr/HKG returned 404
[2026-04-22 17:08:13,163] DEBUG greenlens.worldbank_climate: WB flood fallback HKG \u2192 0.400
[2026-04-22 17:08:13,283] DEBUG greenlens.worldbank_climate: WB CKP API tas/HKG returned 404
[2026-04-22 17:08:13,284] DEBUG greenlens.worldbank_climate: WB heat fallback HKG \u2192 0.450
[2026-04-22 17:08:13,305] INFO greenlens.ml_engine: Predicted bond HKG_Green_Bonds_2020: score=31.8 [Medium-Low]
[2026-04-22 17:08:14,027] DEBUG greenlens.worldbank_climate: WB CKP API pr/HKG returned 404
[2026-04-22 17:08:14,027] DEBUG greenlens.worldbank_climate: WB flood fallback HKG \u2192 0.400
[2026-04-22 17:08:14,129] DEBUG greenlens.worldbank_climate: WB CKP API tas/HKG returned 404
[2026-04-22 17:08:14,129] DEBUG greenlens.worldbank_climate: WB heat fallback HKG \u2192 0.450
[2026-04-22 17:08:14,146] INFO greenlens.ml_engine: Predicted bond HKG_Green_Bonds_2021: score=31.8 [Medium-Low]
[2026-04-22 17:08:14,744] DEBUG greenlens.worldbank_climate: WB CKP API pr/HKG returned 404
[2026-04-22 17:08:14,744] DEBUG greenlens.worldbank_climate: WB flood fallback HKG \u2192 0.400
[2026-04-22 17:08:14,845] DEBUG greenlens.worldbank_climate: WB CKP API tas/HKG returned 404
[2026-04-22 17:08:14,845] DEBUG greenlens.worldbank_climate: WB heat fallback HKG \u2192 0.450
[2026-04-22 17:08:14,868] INFO greenlens.ml_engine: Predicted bond HKG_Green_Bonds_2022: score=31.8 [Medium-Low]
[2026-04-22 17:08:15,382] DEBUG greenlens.worldbank_climate: WB CKP API pr/HKG returned 404
[2026-04-22 17:08:15,382] DEBUG greenlens.worldbank_climate: WB flood fallback HKG \u2192 0.400
[2026-04-22 17:08:15,446] DEBUG greenlens.worldbank_climate: WB CKP API tas/HKG returned 404
[2026-04-22 17:08:15,446] DEBUG greenlens.worldbank_climate: WB heat fallback HKG \u2192 0.450
[2026-04-22 17:08:15,463] INFO greenlens.ml_engine: Predicted bond HKG_Green_Bonds_2023: score=31.8 [Medium-Low]
[2026-04-22 17:08:16,075] DEBUG greenlens.worldbank_climate: WB CKP API pr/HKG returned 404
[2026-04-22 17:08:16,076] DEBUG greenlens.worldbank_climate: WB flood fallback HKG \u2192 0.400
[2026-04-22 17:08:16,157] DEBUG greenlens.worldbank_climate: WB CKP API tas/HKG returned 404
[2026-04-22 17:08:16,157] DEBUG greenlens.worldbank_climate: WB heat fallback HKG \u2192 0.450
[2026-04-22 17:08:16,181] INFO greenlens.ml_engine: Predicted bond HKG_Green_Bonds_2024: score=31.8 [Medium-Low]
[2026-04-22 17:08:16,774] DEBUG greenlens.worldbank_climate: WB CKP API pr/HKG returned 404
[2026-04-22 17:08:16,774] DEBUG greenlens.worldbank_climate: WB flood fallback HKG \u2192 0.400
[2026-04-22 17:08:16,893] DEBUG greenlens.worldbank_climate: WB CKP API tas/HKG returned 404
[2026-04-22 17:08:16,893] DEBUG greenlens.worldbank_climate: WB heat fallback HKG \u2192 0.450
[2026-04-22 17:08:16,910] INFO greenlens.ml_engine: Predicted bond HKG_Social_Bond_2018: score=31.8 [Medium-Low]
[2026-04-22 17:08:17,609] DEBUG greenlens.worldbank_climate: WB CKP API pr/HKG returned 404
[2026-04-22 17:08:17,609] DEBUG greenlens.worldbank_climate: WB flood fallback HKG \u2192 0.400
[2026-04-22 17:08:17,718] DEBUG greenlens.worldbank_climate: WB CKP API tas/HKG returned 404
[2026-04-22 17:08:17,718] DEBUG greenlens.worldbank_climate: WB heat fallback HKG \u2192 0.450
[2026-04-22 17:08:17,741] INFO greenlens.ml_engine: Predicted bond HKG_Social_Bond_2020: score=31.8 [Medium-Low]
[2026-04-22 17:08:18,327] DEBUG greenlens.worldbank_climate: WB CKP API pr/HKG returned 404
[2026-04-22 17:08:18,327] DEBUG greenlens.worldbank_climate: WB flood fallback HKG \u2192 0.400
[2026-04-22 17:08:18,429] DEBUG greenlens.worldbank_climate: WB CKP API tas/HKG returned 404
[2026-04-22 17:08:18,430] DEBUG greenlens.worldbank_climate: WB heat fallback HKG \u2192 0.450
[2026-04-22 17:08:18,457] INFO greenlens.ml_engine: Predicted bond HKG_Social_Bond_2022: score=31.8 [Medium-Low]
[2026-04-22 17:08:19,147] DEBUG greenlens.worldbank_climate: WB CKP API pr/HKG returned 404
[2026-04-22 17:08:19,147] DEBUG greenlens.worldbank_climate: WB flood fallback HKG \u2192 0.400
[2026-04-22 17:08:19,211] DEBUG greenlens.worldbank_climate: WB CKP API tas/HKG returned 404
[2026-04-22 17:08:19,212] DEBUG greenlens.worldbank_climate: WB heat fallback HKG \u2192 0.450
[2026-04-22 17:08:19,229] INFO greenlens.ml_engine: Predicted bond HKG_Social_Bond_2023: score=31.8 [Medium-Low]
[2026-04-22 17:08:20,068] DEBUG greenlens.worldbank_climate: WB CKP API pr/HKG returned 404
[2026-04-22 17:08:20,068] DEBUG greenlens.worldbank_climate: WB flood fallback HKG \u2192 0.400
[2026-04-22 17:08:20,169] DEBUG greenlens.worldbank_climate: WB CKP API tas/HKG returned 404
[2026-04-22 17:08:20,170] DEBUG greenlens.worldbank_climate: WB heat fallback HKG \u2192 0.450
[2026-04-22 17:08:20,196] INFO greenlens.ml_engine: Predicted bond HKG_Social_Bond_2024: score=31.8 [Medium-Low]
[2026-04-22 17:08:20,887] DEBUG greenlens.worldbank_climate: WB CKP API pr/HKG returned 404
[2026-04-22 17:08:20,887] DEBUG greenlens.worldbank_climate: WB flood fallback HKG \u2192 0.400
[2026-04-22 17:08:20,957] DEBUG greenlens.worldbank_climate: WB CKP API tas/HKG returned 404
[2026-04-22 17:08:20,957] DEBUG greenlens.worldbank_climate: WB heat fallback HKG \u2192 0.450
[2026-04-22 17:08:20,978] INFO greenlens.ml_engine: Predicted bond HKG_Sustainabili_2018: score=31.8 [Medium-Low]
[2026-04-22 17:08:21,664] DEBUG greenlens.worldbank_climate: WB CKP API pr/HKG returned 404
[2026-04-22 17:08:21,664] DEBUG greenlens.worldbank_climate: WB flood fallback HKG \u2192 0.400
[2026-04-22 17:08:21,809] DEBUG greenlens.worldbank_climate: WB CKP API tas/HKG returned 404
[2026-04-22 17:08:21,809] DEBUG greenlens.worldbank_climate: WB heat fallback HKG \u2192 0.450
[2026-04-22 17:08:21,838] INFO greenlens.ml_engine: Predicted bond HKG_Sustainabili_2021: score=31.8 [Medium-Low]
[2026-04-22 17:08:26,417] DEBUG greenlens.worldbank_climate: WB CKP API pr/HKG returned 404
[2026-04-22 17:08:26,417] DEBUG greenlens.worldbank_climate: WB flood fallback HKG \u2192 0.400
[2026-04-22 17:08:26,623] DEBUG greenlens.worldbank_climate: WB CKP API tas/HKG returned 404
[2026-04-22 17:08:26,625] DEBUG greenlens.worldbank_climate: WB heat fallback HKG \u2192 0.450
[2026-04-22 17:08:26,641] INFO greenlens.ml_engine: Predicted bond HKG_Sustainabili_2022: score=31.8 [Medium-Low]
[2026-04-22 17:08:27,235] DEBUG greenlens.worldbank_climate: WB CKP API pr/HKG returned 404
[2026-04-22 17:08:27,235] DEBUG greenlens.worldbank_climate: WB flood fallback HKG \u2192 0.400
[2026-04-22 17:08:27,302] DEBUG greenlens.worldbank_climate: WB CKP API tas/HKG returned 404
[2026-04-22 17:08:27,303] DEBUG greenlens.worldbank_climate: WB heat fallback HKG \u2192 0.450
[2026-04-22 17:08:27,333] INFO greenlens.ml_engine: Predicted bond HKG_Sustainabili_2023: score=31.8 [Medium-Low]
[2026-04-22 17:08:27,952] DEBUG greenlens.worldbank_climate: WB CKP API pr/HKG returned 404
[2026-04-22 17:08:27,952] DEBUG greenlens.worldbank_climate: WB flood fallback HKG \u2192 0.400
[2026-04-22 17:08:28,055] DEBUG greenlens.worldbank_climate: WB CKP API tas/HKG returned 404
[2026-04-22 17:08:28,055] DEBUG greenlens.worldbank_climate: WB heat fallback HKG \u2192 0.450
[2026-04-22 17:08:28,082] INFO greenlens.ml_engine: Predicted bond HKG_Sustainabili_2024: score=31.8 [Medium-Low]
[2026-04-22 17:08:28,774] DEBUG greenlens.worldbank_climate: WB CKP API pr/HKG returned 404
[2026-04-22 17:08:28,774] DEBUG greenlens.worldbank_climate: WB flood fallback HKG \u2192 0.400
[2026-04-22 17:08:28,873] DEBUG greenlens.worldbank_climate: WB CKP API tas/HKG returned 404
[2026-04-22 17:08:28,874] DEBUG greenlens.worldbank_climate: WB heat fallback HKG \u2192 0.450
[2026-04-22 17:08:28,900] INFO greenlens.ml_engine: Predicted bond HKG_Linked_Bond_2021: score=31.8 [Medium-Low]
[2026-04-22 17:08:29,489] DEBUG greenlens.worldbank_climate: WB CKP API pr/HKG returned 404
[2026-04-22 17:08:29,489] DEBUG greenlens.worldbank_climate: WB flood fallback HKG \u2192 0.400
[2026-04-22 17:08:29,591] DEBUG greenlens.worldbank_climate: WB CKP API tas/HKG returned 404
[2026-04-22 17:08:29,591] DEBUG greenlens.worldbank_climate: WB heat fallback HKG \u2192 0.450
[2026-04-22 17:08:29,615] INFO greenlens.ml_engine: Predicted bond HKG_Linked_Bond_2022: score=31.8 [Medium-Low]
[2026-04-22 17:08:30,307] DEBUG greenlens.worldbank_climate: WB CKP API pr/HKG returned 404
[2026-04-22 17:08:30,307] DEBUG greenlens.worldbank_climate: WB flood fallback HKG \u2192 0.400
[2026-04-22 17:08:30,409] DEBUG greenlens.worldbank_climate: WB CKP API tas/HKG returned 404
[2026-04-22 17:08:30,409] DEBUG greenlens.worldbank_climate: WB heat fallback HKG \u2192 0.450
[2026-04-22 17:08:30,425] INFO greenlens.ml_engine: Predicted bond HKG_Linked_Bond_2023: score=31.8 [Medium-Low]
[2026-04-22 17:08:31,078] DEBUG greenlens.worldbank_climate: WB CKP API pr/HKG returned 404
[2026-04-22 17:08:31,078] DEBUG greenlens.worldbank_climate: WB flood fallback HKG \u2192 0.400
[2026-04-22 17:08:31,229] DEBUG greenlens.worldbank_climate: WB CKP API tas/HKG returned 404
[2026-04-22 17:08:31,229] DEBUG greenlens.worldbank_climate: WB heat fallback HKG \u2192 0.450
[2026-04-22 17:08:31,253] INFO greenlens.ml_engine: Predicted bond HKG_Linked_Bond_2024: score=31.8 [Medium-Low]
[2026-04-22 17:08:31,844] DEBUG greenlens.worldbank_climate: WB CKP API pr/MAC returned 404
[2026-04-22 17:08:31,845] DEBUG greenlens.worldbank_climate: WB flood fallback MAC \u2192 0.400
[2026-04-22 17:08:31,946] DEBUG greenlens.worldbank_climate: WB CKP API tas/MAC returned 404
[2026-04-22 17:08:31,946] DEBUG greenlens.worldbank_climate: WB heat fallback MAC \u2192 0.450
[2026-04-22 17:08:31,968] INFO greenlens.ml_engine: Predicted bond MAC_Green_Bonds_2019: score=31.8 [Medium-Low]
[2026-04-22 17:08:32,519] DEBUG greenlens.worldbank_climate: WB CKP API pr/MAC returned 404
[2026-04-22 17:08:32,520] DEBUG greenlens.worldbank_climate: WB flood fallback MAC \u2192 0.400
[2026-04-22 17:08:32,662] DEBUG greenlens.worldbank_climate: WB CKP API tas/MAC returned 404
[2026-04-22 17:08:32,663] DEBUG greenlens.worldbank_climate: WB heat fallback MAC \u2192 0.450
[2026-04-22 17:08:32,686] INFO greenlens.ml_engine: Predicted bond MAC_Green_Bonds_2020: score=31.8 [Medium-Low]
[2026-04-22 17:08:33,183] DEBUG greenlens.worldbank_climate: WB CKP API pr/MAC returned 404
[2026-04-22 17:08:33,184] DEBUG greenlens.worldbank_climate: WB flood fallback MAC \u2192 0.400
[2026-04-22 17:08:33,247] DEBUG greenlens.worldbank_climate: WB CKP API tas/MAC returned 404
[2026-04-22 17:08:33,247] DEBUG greenlens.worldbank_climate: WB heat fallback MAC \u2192 0.450
[2026-04-22 17:08:33,269] INFO greenlens.ml_engine: Predicted bond MAC_Green_Bonds_2021: score=31.8 [Medium-Low]
[2026-04-22 17:08:33,892] DEBUG greenlens.worldbank_climate: WB CKP API pr/MAC returned 404
[2026-04-22 17:08:33,893] DEBUG greenlens.worldbank_climate: WB flood fallback MAC \u2192 0.400
[2026-04-22 17:08:33,994] DEBUG greenlens.worldbank_climate: WB CKP API tas/MAC returned 404
[2026-04-22 17:08:33,994] DEBUG greenlens.worldbank_climate: WB heat fallback MAC \u2192 0.450
[2026-04-22 17:08:34,019] INFO greenlens.ml_engine: Predicted bond MAC_Green_Bonds_2022: score=31.8 [Medium-Low]
[2026-04-22 17:08:34,608] DEBUG greenlens.worldbank_climate: WB CKP API pr/MAC returned 404
[2026-04-22 17:08:34,608] DEBUG greenlens.worldbank_climate: WB flood fallback MAC \u2192 0.400
[2026-04-22 17:08:34,713] DEBUG greenlens.worldbank_climate: WB CKP API tas/MAC returned 404
[2026-04-22 17:08:34,713] DEBUG greenlens.worldbank_climate: WB heat fallback MAC \u2192 0.450
[2026-04-22 17:08:34,736] INFO greenlens.ml_engine: Predicted bond MAC_Social_Bond_2020: score=31.8 [Medium-Low]
[2026-04-22 17:08:35,326] DEBUG greenlens.worldbank_climate: WB CKP API pr/MAC returned 404
[2026-04-22 17:08:35,326] DEBUG greenlens.worldbank_climate: WB flood fallback MAC \u2192 0.400
[2026-04-22 17:08:35,392] DEBUG greenlens.worldbank_climate: WB CKP API tas/MAC returned 404
[2026-04-22 17:08:35,392] DEBUG greenlens.worldbank_climate: WB heat fallback MAC \u2192 0.450
[2026-04-22 17:08:35,414] INFO greenlens.ml_engine: Predicted bond MAC_Sustainabili_2024: score=31.8 [Medium-Low]
[2026-04-22 17:08:36,044] DEBUG greenlens.worldbank_climate: WB CKP API pr/CHN returned 404
[2026-04-22 17:08:36,044] DEBUG greenlens.worldbank_climate: WB flood fallback CHN \u2192 0.600
[2026-04-22 17:08:36,144] DEBUG greenlens.worldbank_climate: WB CKP API tas/CHN returned 404
[2026-04-22 17:08:36,144] DEBUG greenlens.worldbank_climate: WB heat fallback CHN \u2192 0.550
[2026-04-22 17:08:36,174] INFO greenlens.ml_engine: Predicted bond CHN_Green_Bonds_2014: score=44.2 [Medium-Low]
[2026-04-22 17:08:36,830] DEBUG greenlens.worldbank_climate: WB CKP API pr/CHN returned 404
[2026-04-22 17:08:36,831] DEBUG greenlens.worldbank_climate: WB flood fallback CHN \u2192 0.600
[2026-04-22 17:08:36,965] DEBUG greenlens.worldbank_climate: WB CKP API tas/CHN returned 404
[2026-04-22 17:08:36,965] DEBUG greenlens.worldbank_climate: WB heat fallback CHN \u2192 0.550
[2026-04-22 17:08:36,981] INFO greenlens.ml_engine: Predicted bond CHN_Green_Bonds_2015: score=44.2 [Medium-Low]
[2026-04-22 17:08:37,527] DEBUG greenlens.worldbank_climate: WB CKP API pr/CHN returned 404
[2026-04-22 17:08:37,527] DEBUG greenlens.worldbank_climate: WB flood fallback CHN \u2192 0.600
[2026-04-22 17:08:37,592] DEBUG greenlens.worldbank_climate: WB CKP API tas/CHN returned 404
[2026-04-22 17:08:37,592] DEBUG greenlens.worldbank_climate: WB heat fallback CHN \u2192 0.550
[2026-04-22 17:08:37,613] INFO greenlens.ml_engine: Predicted bond CHN_Green_Bonds_2016: score=44.2 [Medium-Low]
[2026-04-22 17:08:38,295] DEBUG greenlens.worldbank_climate: WB CKP API pr/CHN returned 404
[2026-04-22 17:08:38,295] DEBUG greenlens.worldbank_climate: WB flood fallback CHN \u2192 0.600
[2026-04-22 17:08:38,396] DEBUG greenlens.worldbank_climate: WB CKP API tas/CHN returned 404
[2026-04-22 17:08:38,397] DEBUG greenlens.worldbank_climate: WB heat fallback CHN \u2192 0.550
[2026-04-22 17:08:38,417] INFO greenlens.ml_engine: Predicted bond CHN_Green_Bonds_2017: score=44.2 [Medium-Low]
[2026-04-22 17:08:38,921] DEBUG greenlens.worldbank_climate: WB CKP API pr/CHN returned 404
[2026-04-22 17:08:38,921] DEBUG greenlens.worldbank_climate: WB flood fallback CHN \u2192 0.600
[2026-04-22 17:08:39,015] DEBUG greenlens.worldbank_climate: WB CKP API tas/CHN returned 404
[2026-04-22 17:08:39,015] DEBUG greenlens.worldbank_climate: WB heat fallback CHN \u2192 0.550
[2026-04-22 17:08:39,030] INFO greenlens.ml_engine: Predicted bond CHN_Green_Bonds_2018: score=44.2 [Medium-Low]
[2026-04-22 17:08:39,625] DEBUG greenlens.worldbank_climate: WB CKP API pr/CHN returned 404
[2026-04-22 17:08:39,625] DEBUG greenlens.worldbank_climate: WB flood fallback CHN \u2192 0.600
[2026-04-22 17:08:39,728] DEBUG greenlens.worldbank_climate: WB CKP API tas/CHN returned 404
[2026-04-22 17:08:39,729] DEBUG greenlens.worldbank_climate: WB heat fallback CHN \u2192 0.550
[2026-04-22 17:08:39,742] INFO greenlens.ml_engine: Predicted bond CHN_Green_Bonds_2019: score=44.2 [Medium-Low]
[2026-04-22 17:08:40,423] DEBUG greenlens.worldbank_climate: WB CKP API pr/CHN returned 404
[2026-04-22 17:08:40,423] DEBUG greenlens.worldbank_climate: WB flood fallback CHN \u2192 0.600
[2026-04-22 17:08:40,492] DEBUG greenlens.worldbank_climate: WB CKP API tas/CHN returned 404
[2026-04-22 17:08:40,492] DEBUG greenlens.worldbank_climate: WB heat fallback CHN \u2192 0.550
[2026-04-22 17:08:40,514] INFO greenlens.ml_engine: Predicted bond CHN_Green_Bonds_2020: score=44.2 [Medium-Low]
[2026-04-22 17:08:41,711] DEBUG greenlens.worldbank_climate: WB CKP API pr/CHN returned 404
[2026-04-22 17:08:41,711] DEBUG greenlens.worldbank_climate: WB flood fallback CHN \u2192 0.600
[2026-04-22 17:08:41,806] DEBUG greenlens.worldbank_climate: WB CKP API tas/CHN returned 404
[2026-04-22 17:08:41,806] DEBUG greenlens.worldbank_climate: WB heat fallback CHN \u2192 0.550
[2026-04-22 17:08:41,832] INFO greenlens.ml_engine: Predicted bond CHN_Green_Bonds_2021: score=44.2 [Medium-Low]
[2026-04-22 17:08:42,391] DEBUG greenlens.worldbank_climate: WB CKP API pr/CHN returned 404
[2026-04-22 17:08:42,391] DEBUG greenlens.worldbank_climate: WB flood fallback CHN \u2192 0.600
[2026-04-22 17:08:42,493] DEBUG greenlens.worldbank_climate: WB CKP API tas/CHN returned 404
[2026-04-22 17:08:42,493] DEBUG greenlens.worldbank_climate: WB heat fallback CHN \u2192 0.550
[2026-04-22 17:08:42,517] INFO greenlens.ml_engine: Predicted bond CHN_Green_Bonds_2022: score=44.2 [Medium-Low]
[2026-04-22 17:08:43,151] DEBUG greenlens.worldbank_climate: WB CKP API pr/CHN returned 404
[2026-04-22 17:08:43,151] DEBUG greenlens.worldbank_climate: WB flood fallback CHN \u2192 0.600
[2026-04-22 17:08:43,212] DEBUG greenlens.worldbank_climate: WB CKP API tas/CHN returned 404
[2026-04-22 17:08:43,213] DEBUG greenlens.worldbank_climate: WB heat fallback CHN \u2192 0.550
[2026-04-22 17:08:43,233] INFO greenlens.ml_engine: Predicted bond CHN_Green_Bonds_2023: score=44.2 [Medium-Low]
[2026-04-22 17:08:43,886] DEBUG greenlens.worldbank_climate: WB CKP API pr/CHN returned 404
[2026-04-22 17:08:43,886] DEBUG greenlens.worldbank_climate: WB flood fallback CHN \u2192 0.600
[2026-04-22 17:08:44,033] DEBUG greenlens.worldbank_climate: WB CKP API tas/CHN returned 404
[2026-04-22 17:08:44,033] DEBUG greenlens.worldbank_climate: WB heat fallback CHN \u2192 0.550
[2026-04-22 17:08:44,048] INFO greenlens.ml_engine: Predicted bond CHN_Green_Bonds_2024: score=44.2 [Medium-Low]
[2026-04-22 17:08:44,644] DEBUG greenlens.worldbank_climate: WB CKP API pr/CHN returned 404
[2026-04-22 17:08:44,644] DEBUG greenlens.worldbank_climate: WB flood fallback CHN \u2192 0.600
[2026-04-22 17:08:44,710] DEBUG greenlens.worldbank_climate: WB CKP API tas/CHN returned 404
[2026-04-22 17:08:44,710] DEBUG greenlens.worldbank_climate: WB heat fallback CHN \u2192 0.550
[2026-04-22 17:08:44,733] INFO greenlens.ml_engine: Predicted bond CHN_Social_Bond_2018: score=44.2 [Medium-Low]
[2026-04-22 17:08:45,360] DEBUG greenlens.worldbank_climate: WB CKP API pr/CHN returned 404
[2026-04-22 17:08:45,361] DEBUG greenlens.worldbank_climate: WB flood fallback CHN \u2192 0.600
[2026-04-22 17:08:45,463] DEBUG greenlens.worldbank_climate: WB CKP API tas/CHN returned 404
[2026-04-22 17:08:45,463] DEBUG greenlens.worldbank_climate: WB heat fallback CHN \u2192 0.550
[2026-04-22 17:08:45,478] INFO greenlens.ml_engine: Predicted bond CHN_Social_Bond_2019: score=44.2 [Medium-Low]
[2026-04-22 17:08:46,155] DEBUG greenlens.worldbank_climate: WB CKP API pr/CHN returned 404
[2026-04-22 17:08:46,155] DEBUG greenlens.worldbank_climate: WB flood fallback CHN \u2192 0.600
[2026-04-22 17:08:46,283] DEBUG greenlens.worldbank_climate: WB CKP API tas/CHN returned 404
[2026-04-22 17:08:46,283] DEBUG greenlens.worldbank_climate: WB heat fallback CHN \u2192 0.550
[2026-04-22 17:08:46,306] INFO greenlens.ml_engine: Predicted bond CHN_Social_Bond_2020: score=44.2 [Medium-Low]
[2026-04-22 17:08:46,896] DEBUG greenlens.worldbank_climate: WB CKP API pr/CHN returned 404
[2026-04-22 17:08:46,896] DEBUG greenlens.worldbank_climate: WB flood fallback CHN \u2192 0.600
[2026-04-22 17:08:46,999] DEBUG greenlens.worldbank_climate: WB CKP API tas/CHN returned 404
[2026-04-22 17:08:47,000] DEBUG greenlens.worldbank_climate: WB heat fallback CHN \u2192 0.550
[2026-04-22 17:08:47,023] INFO greenlens.ml_engine: Predicted bond CHN_Social_Bond_2021: score=44.2 [Medium-Low]
[2026-04-22 17:08:47,612] DEBUG greenlens.worldbank_climate: WB CKP API pr/CHN returned 404
[2026-04-22 17:08:47,612] DEBUG greenlens.worldbank_climate: WB flood fallback CHN \u2192 0.600
[2026-04-22 17:08:47,715] DEBUG greenlens.worldbank_climate: WB CKP API tas/CHN returned 404
[2026-04-22 17:08:47,715] DEBUG greenlens.worldbank_climate: WB heat fallback CHN \u2192 0.550
[2026-04-22 17:08:47,739] INFO greenlens.ml_engine: Predicted bond CHN_Social_Bond_2022: score=44.2 [Medium-Low]
[2026-04-22 17:08:48,389] DEBUG greenlens.worldbank_climate: WB CKP API pr/CHN returned 404
[2026-04-22 17:08:48,389] DEBUG greenlens.worldbank_climate: WB flood fallback CHN \u2192 0.600
[2026-04-22 17:08:48,535] DEBUG greenlens.worldbank_climate: WB CKP API tas/CHN returned 404
[2026-04-22 17:08:48,536] DEBUG greenlens.worldbank_climate: WB heat fallback CHN \u2192 0.550
[2026-04-22 17:08:48,561] INFO greenlens.ml_engine: Predicted bond CHN_Social_Bond_2023: score=44.2 [Medium-Low]
[2026-04-22 17:08:49,252] DEBUG greenlens.worldbank_climate: WB CKP API pr/CHN returned 404
[2026-04-22 17:08:49,252] DEBUG greenlens.worldbank_climate: WB flood fallback CHN \u2192 0.600
[2026-04-22 17:08:49,353] DEBUG greenlens.worldbank_climate: WB CKP API tas/CHN returned 404
[2026-04-22 17:08:49,354] DEBUG greenlens.worldbank_climate: WB heat fallback CHN \u2192 0.550
[2026-04-22 17:08:49,380] INFO greenlens.ml_engine: Predicted bond CHN_Social_Bond_2024: score=44.2 [Medium-Low]
[2026-04-22 17:08:49,885] DEBUG greenlens.worldbank_climate: WB CKP API pr/CHN returned 404
[2026-04-22 17:08:49,886] DEBUG greenlens.worldbank_climate: WB flood fallback CHN \u2192 0.600
[2026-04-22 17:08:49,968] DEBUG greenlens.worldbank_climate: WB CKP API tas/CHN returned 404
[2026-04-22 17:08:49,968] DEBUG greenlens.worldbank_climate: WB heat fallback CHN \u2192 0.550
[2026-04-22 17:08:49,988] INFO greenlens.ml_engine: Predicted bond CHN_Sustainabili_2020: score=44.2 [Medium-Low]
[2026-04-22 17:08:50,550] DEBUG greenlens.worldbank_climate: WB CKP API pr/CHN returned 404
[2026-04-22 17:08:50,550] DEBUG greenlens.worldbank_climate: WB flood fallback CHN \u2192 0.600
[2026-04-22 17:08:50,686] DEBUG greenlens.worldbank_climate: WB CKP API tas/CHN returned 404
[2026-04-22 17:08:50,686] DEBUG greenlens.worldbank_climate: WB heat fallback CHN \u2192 0.550
[2026-04-22 17:08:50,714] INFO greenlens.ml_engine: Predicted bond CHN_Sustainabili_2021: score=44.2 [Medium-Low]
[2026-04-22 17:08:51,208] DEBUG greenlens.worldbank_climate: WB CKP API pr/CHN returned 404
[2026-04-22 17:08:51,209] DEBUG greenlens.worldbank_climate: WB flood fallback CHN \u2192 0.600
[2026-04-22 17:08:51,300] DEBUG greenlens.worldbank_climate: WB CKP API tas/CHN returned 404
[2026-04-22 17:08:51,300] DEBUG greenlens.worldbank_climate: WB heat fallback CHN \u2192 0.550
[2026-04-22 17:08:51,318] INFO greenlens.ml_engine: Predicted bond CHN_Sustainabili_2022: score=44.2 [Medium-Low]
[2026-04-22 17:08:51,913] DEBUG greenlens.worldbank_climate: WB CKP API pr/CHN returned 404
[2026-04-22 17:08:51,914] DEBUG greenlens.worldbank_climate: WB flood fallback CHN \u2192 0.600
[2026-04-22 17:08:52,018] DEBUG greenlens.worldbank_climate: WB CKP API tas/CHN returned 404
[2026-04-22 17:08:52,018] DEBUG greenlens.worldbank_climate: WB heat fallback CHN \u2192 0.550
[2026-04-22 17:08:52,033] INFO greenlens.ml_engine: Predicted bond CHN_Sustainabili_2023: score=44.2 [Medium-Low]
[2026-04-22 17:08:52,583] DEBUG greenlens.worldbank_climate: WB CKP API pr/CHN returned 404
[2026-04-22 17:08:52,583] DEBUG greenlens.worldbank_climate: WB flood fallback CHN \u2192 0.600
[2026-04-22 17:08:52,732] DEBUG greenlens.worldbank_climate: WB CKP API tas/CHN returned 404
[2026-04-22 17:08:52,733] DEBUG greenlens.worldbank_climate: WB heat fallback CHN \u2192 0.550
[2026-04-22 17:08:52,752] INFO greenlens.ml_engine: Predicted bond CHN_Sustainabili_2024: score=44.2 [Medium-Low]
[2026-04-22 17:08:53,400] DEBUG greenlens.worldbank_climate: WB CKP API pr/CHN returned 404
[2026-04-22 17:08:53,400] DEBUG greenlens.worldbank_climate: WB flood fallback CHN \u2192 0.600
[2026-04-22 17:08:53,476] DEBUG greenlens.worldbank_climate: WB CKP API tas/CHN returned 404
[2026-04-22 17:08:53,476] DEBUG greenlens.worldbank_climate: WB heat fallback CHN \u2192 0.550
[2026-04-22 17:08:53,499] INFO greenlens.ml_engine: Predicted bond CHN_Linked_Bond_2021: score=44.2 [Medium-Low]
[2026-04-22 17:08:54,228] DEBUG greenlens.worldbank_climate: WB CKP API pr/CHN returned 404
[2026-04-22 17:08:54,228] DEBUG greenlens.worldbank_climate: WB flood fallback CHN \u2192 0.600
[2026-04-22 17:08:54,373] DEBUG greenlens.worldbank_climate: WB CKP API tas/CHN returned 404
[2026-04-22 17:08:54,374] DEBUG greenlens.worldbank_climate: WB heat fallback CHN \u2192 0.550
[2026-04-22 17:08:54,394] INFO greenlens.ml_engine: Predicted bond CHN_Linked_Bond_2022: score=44.2 [Medium-Low]
[2026-04-22 17:08:55,663] DEBUG greenlens.worldbank_climate: WB CKP API pr/CHN returned 404
[2026-04-22 17:08:55,663] DEBUG greenlens.worldbank_climate: WB flood fallback CHN \u2192 0.600
[2026-04-22 17:08:55,719] DEBUG greenlens.worldbank_climate: WB CKP API tas/CHN returned 404
[2026-04-22 17:08:55,720] DEBUG greenlens.worldbank_climate: WB heat fallback CHN \u2192 0.550
[2026-04-22 17:08:55,736] INFO greenlens.ml_engine: Predicted bond CHN_Linked_Bond_2023: score=44.2 [Medium-Low]
[2026-04-22 17:08:56,417] DEBUG greenlens.worldbank_climate: WB CKP API pr/CHN returned 404
[2026-04-22 17:08:56,417] DEBUG greenlens.worldbank_climate: WB flood fallback CHN \u2192 0.600
[2026-04-22 17:08:56,594] DEBUG greenlens.worldbank_climate: WB CKP API tas/CHN returned 404
[2026-04-22 17:08:56,594] DEBUG greenlens.worldbank_climate: WB heat fallback CHN \u2192 0.550
[2026-04-22 17:08:56,610] INFO greenlens.ml_engine: Predicted bond CHN_Linked_Bond_2024: score=44.2 [Medium-Low]
[2026-04-22 17:08:57,266] DEBUG greenlens.worldbank_climate: WB CKP API pr/COL returned 404
[2026-04-22 17:08:57,266] DEBUG greenlens.worldbank_climate: WB flood fallback COL \u2192 0.650
[2026-04-22 17:08:57,408] DEBUG greenlens.worldbank_climate: WB CKP API tas/COL returned 404
[2026-04-22 17:08:57,408] DEBUG greenlens.worldbank_climate: WB heat fallback COL \u2192 0.620
[2026-04-22 17:08:57,426] INFO greenlens.ml_engine: Predicted bond COL_Green_Bonds_2017: score=48.7 [Medium-High]
[2026-04-22 17:08:58,303] DEBUG greenlens.worldbank_climate: WB CKP API pr/COL returned 404
[2026-04-22 17:08:58,304] DEBUG greenlens.worldbank_climate: WB flood fallback COL \u2192 0.650
[2026-04-22 17:08:58,465] DEBUG greenlens.worldbank_climate: WB CKP API tas/COL returned 404
[2026-04-22 17:08:58,465] DEBUG greenlens.worldbank_climate: WB heat fallback COL \u2192 0.620
[2026-04-22 17:08:58,490] INFO greenlens.ml_engine: Predicted bond COL_Green_Bonds_2018: score=48.7 [Medium-High]
[2026-04-22 17:08:59,248] DEBUG greenlens.worldbank_climate: WB CKP API pr/COL returned 404
[2026-04-22 17:08:59,248] DEBUG greenlens.worldbank_climate: WB flood fallback COL \u2192 0.650
[2026-04-22 17:08:59,418] DEBUG greenlens.worldbank_climate: WB CKP API tas/COL returned 404
[2026-04-22 17:08:59,418] DEBUG greenlens.worldbank_climate: WB heat fallback COL \u2192 0.620
[2026-04-22 17:08:59,444] INFO greenlens.ml_engine: Predicted bond COL_Green_Bonds_2020: score=48.7 [Medium-High]
[2026-04-22 17:09:00,150] DEBUG greenlens.worldbank_climate: WB CKP API pr/COL returned 404
[2026-04-22 17:09:00,150] DEBUG greenlens.worldbank_climate: WB flood fallback COL \u2192 0.650
[2026-04-22 17:09:00,257] DEBUG greenlens.worldbank_climate: WB CKP API tas/COL returned 404
[2026-04-22 17:09:00,257] DEBUG greenlens.worldbank_climate: WB heat fallback COL \u2192 0.620
[2026-04-22 17:09:00,276] INFO greenlens.ml_engine: Predicted bond COL_Green_Bonds_2021: score=48.7 [Medium-High]
[2026-04-22 17:09:00,791] DEBUG greenlens.worldbank_climate: WB CKP API pr/COL returned 404
[2026-04-22 17:09:00,791] DEBUG greenlens.worldbank_climate: WB flood fallback COL \u2192 0.650
[2026-04-22 17:09:00,942] DEBUG greenlens.worldbank_climate: WB CKP API tas/COL returned 404
[2026-04-22 17:09:00,942] DEBUG greenlens.worldbank_climate: WB heat fallback COL \u2192 0.620
[2026-04-22 17:09:00,968] INFO greenlens.ml_engine: Predicted bond COL_Green_Bonds_2022: score=48.7 [Medium-High]
[2026-04-22 17:09:01,623] DEBUG greenlens.worldbank_climate: WB CKP API pr/COL returned 404
[2026-04-22 17:09:01,623] DEBUG greenlens.worldbank_climate: WB flood fallback COL \u2192 0.650
[2026-04-22 17:09:01,720] DEBUG greenlens.worldbank_climate: WB CKP API tas/COL returned 404
[2026-04-22 17:09:01,720] DEBUG greenlens.worldbank_climate: WB heat fallback COL \u2192 0.620
[2026-04-22 17:09:01,738] INFO greenlens.ml_engine: Predicted bond COL_Social_Bond_2021: score=48.7 [Medium-High]
[2026-04-22 17:09:02,470] DEBUG greenlens.worldbank_climate: WB CKP API pr/COL returned 404
[2026-04-22 17:09:02,470] DEBUG greenlens.worldbank_climate: WB flood fallback COL \u2192 0.650
[2026-04-22 17:09:02,566] DEBUG greenlens.worldbank_climate: WB CKP API tas/COL returned 404
[2026-04-22 17:09:02,566] DEBUG greenlens.worldbank_climate: WB heat fallback COL \u2192 0.620
[2026-04-22 17:09:02,586] INFO greenlens.ml_engine: Predicted bond COL_Social_Bond_2022: score=48.7 [Medium-High]
[2026-04-22 17:09:03,451] DEBUG greenlens.worldbank_climate: WB CKP API pr/COL returned 404
[2026-04-22 17:09:03,451] DEBUG greenlens.worldbank_climate: WB flood fallback COL \u2192 0.650
[2026-04-22 17:09:03,613] DEBUG greenlens.worldbank_climate: WB CKP API tas/COL returned 404
[2026-04-22 17:09:03,614] DEBUG greenlens.worldbank_climate: WB heat fallback COL \u2192 0.620
[2026-04-22 17:09:03,635] INFO greenlens.ml_engine: Predicted bond COL_Social_Bond_2023: score=48.7 [Medium-High]
[2026-04-22 17:09:04,556] DEBUG greenlens.worldbank_climate: WB CKP API pr/COL returned 404
[2026-04-22 17:09:04,556] DEBUG greenlens.worldbank_climate: WB flood fallback COL \u2192 0.650
[2026-04-22 17:09:04,707] DEBUG greenlens.worldbank_climate: WB CKP API tas/COL returned 404
[2026-04-22 17:09:04,707] DEBUG greenlens.worldbank_climate: WB heat fallback COL \u2192 0.620
[2026-04-22 17:09:04,723] INFO greenlens.ml_engine: Predicted bond COL_Social_Bond_2024: score=48.7 [Medium-High]
[2026-04-22 17:09:05,532] DEBUG greenlens.worldbank_climate: WB CKP API pr/COL returned 404
[2026-04-22 17:09:05,532] DEBUG greenlens.worldbank_climate: WB flood fallback COL \u2192 0.650
[2026-04-22 17:09:05,685] DEBUG greenlens.worldbank_climate: WB CKP API tas/COL returned 404
[2026-04-22 17:09:05,686] DEBUG greenlens.worldbank_climate: WB heat fallback COL \u2192 0.620
[2026-04-22 17:09:05,709] INFO greenlens.ml_engine: Predicted bond COL_Sustainabili_2019: score=48.7 [Medium-High]
[2026-04-22 17:09:06,320] DEBUG greenlens.worldbank_climate: WB CKP API pr/COL returned 404
[2026-04-22 17:09:06,320] DEBUG greenlens.worldbank_climate: WB flood fallback COL \u2192 0.650
[2026-04-22 17:09:06,423] DEBUG greenlens.worldbank_climate: WB CKP API tas/COL returned 404
[2026-04-22 17:09:06,423] DEBUG greenlens.worldbank_climate: WB heat fallback COL \u2192 0.620
[2026-04-22 17:09:06,443] INFO greenlens.ml_engine: Predicted bond COL_Sustainabili_2023: score=48.7 [Medium-High]
[2026-04-22 17:09:07,177] DEBUG greenlens.worldbank_climate: WB CKP API pr/COL returned 404
[2026-04-22 17:09:07,177] DEBUG greenlens.worldbank_climate: WB flood fallback COL \u2192 0.650
[2026-04-22 17:09:07,356] DEBUG greenlens.worldbank_climate: WB CKP API tas/COL returned 404
[2026-04-22 17:09:07,357] DEBUG greenlens.worldbank_climate: WB heat fallback COL \u2192 0.620
[2026-04-22 17:09:07,376] INFO greenlens.ml_engine: Predicted bond COL_Sustainabili_2024: score=48.7 [Medium-High]
[2026-04-22 17:09:07,969] DEBUG greenlens.worldbank_climate: WB CKP API pr/COL returned 404
[2026-04-22 17:09:07,969] DEBUG greenlens.worldbank_climate: WB flood fallback COL \u2192 0.650
[2026-04-22 17:09:08,062] DEBUG greenlens.worldbank_climate: WB CKP API tas/COL returned 404
[2026-04-22 17:09:08,062] DEBUG greenlens.worldbank_climate: WB heat fallback COL \u2192 0.620
[2026-04-22 17:09:08,088] INFO greenlens.ml_engine: Predicted bond COL_Linked_Bond_2021: score=48.7 [Medium-High]
[2026-04-22 17:09:08,773] DEBUG greenlens.worldbank_climate: WB CKP API pr/CRI returned 404
[2026-04-22 17:09:08,773] DEBUG greenlens.worldbank_climate: WB flood fallback CRI \u2192 0.580
[2026-04-22 17:09:08,941] DEBUG greenlens.worldbank_climate: WB CKP API tas/CRI returned 404
[2026-04-22 17:09:08,941] DEBUG greenlens.worldbank_climate: WB heat fallback CRI \u2192 0.600
[2026-04-22 17:09:08,959] INFO greenlens.ml_engine: Predicted bond CRI_Green_Bonds_2016: score=44.3 [Medium-Low]
[2026-04-22 17:09:09,609] DEBUG greenlens.worldbank_climate: WB CKP API pr/CRI returned 404
[2026-04-22 17:09:09,609] DEBUG greenlens.worldbank_climate: WB flood fallback CRI \u2192 0.580
[2026-04-22 17:09:09,753] DEBUG greenlens.worldbank_climate: WB CKP API tas/CRI returned 404
[2026-04-22 17:09:09,753] DEBUG greenlens.worldbank_climate: WB heat fallback CRI \u2192 0.600
[2026-04-22 17:09:09,778] INFO greenlens.ml_engine: Predicted bond CRI_Green_Bonds_2022: score=44.3 [Medium-Low]
[2026-04-22 17:09:10,489] DEBUG greenlens.worldbank_climate: WB CKP API pr/CRI returned 404
[2026-04-22 17:09:10,489] DEBUG greenlens.worldbank_climate: WB flood fallback CRI \u2192 0.580
[2026-04-22 17:09:10,655] DEBUG greenlens.worldbank_climate: WB CKP API tas/CRI returned 404
[2026-04-22 17:09:10,656] DEBUG greenlens.worldbank_climate: WB heat fallback CRI \u2192 0.600
[2026-04-22 17:09:10,677] INFO greenlens.ml_engine: Predicted bond CRI_Sustainabili_2021: score=44.3 [Medium-Low]
[2026-04-22 17:09:11,395] DEBUG greenlens.worldbank_climate: WB CKP API pr/CRI returned 404
[2026-04-22 17:09:11,395] DEBUG greenlens.worldbank_climate: WB flood fallback CRI \u2192 0.580
[2026-04-22 17:09:11,504] DEBUG greenlens.worldbank_climate: WB CKP API tas/CRI returned 404
[2026-04-22 17:09:11,504] DEBUG greenlens.worldbank_climate: WB heat fallback CRI \u2192 0.600
[2026-04-22 17:09:11,527] INFO greenlens.ml_engine: Predicted bond CRI_Linked_Bond_2021: score=44.3 [Medium-Low]
[2026-04-22 17:09:12,273] DEBUG greenlens.worldbank_climate: WB CKP API pr/CIV returned 404
[2026-04-22 17:09:12,273] DEBUG greenlens.worldbank_climate: WB flood fallback CIV \u2192 0.620
[2026-04-22 17:09:12,354] DEBUG greenlens.worldbank_climate: WB CKP API tas/CIV returned 404
[2026-04-22 17:09:12,355] DEBUG greenlens.worldbank_climate: WB heat fallback CIV \u2192 0.700
[2026-04-22 17:09:12,375] INFO greenlens.ml_engine: Predicted bond CIV_Green_Bonds_2010: score=49.3 [Medium-High]
[2026-04-22 17:09:13,126] DEBUG greenlens.worldbank_climate: WB CKP API pr/CIV returned 404
[2026-04-22 17:09:13,126] DEBUG greenlens.worldbank_climate: WB flood fallback CIV \u2192 0.620
[2026-04-22 17:09:13,300] DEBUG greenlens.worldbank_climate: WB CKP API tas/CIV returned 404
[2026-04-22 17:09:13,300] DEBUG greenlens.worldbank_climate: WB heat fallback CIV \u2192 0.700
[2026-04-22 17:09:13,318] INFO greenlens.ml_engine: Predicted bond CIV_Green_Bonds_2013: score=49.3 [Medium-High]
[2026-04-22 17:09:13,994] DEBUG greenlens.worldbank_climate: WB CKP API pr/CIV returned 404
[2026-04-22 17:09:13,994] DEBUG greenlens.worldbank_climate: WB flood fallback CIV \u2192 0.620
[2026-04-22 17:09:14,084] DEBUG greenlens.worldbank_climate: WB CKP API tas/CIV returned 404
[2026-04-22 17:09:14,084] DEBUG greenlens.worldbank_climate: WB heat fallback CIV \u2192 0.700
[2026-04-22 17:09:14,099] INFO greenlens.ml_engine: Predicted bond CIV_Green_Bonds_2014: score=49.3 [Medium-High]
[2026-04-22 17:09:14,832] DEBUG greenlens.worldbank_climate: WB CKP API pr/CIV returned 404
[2026-04-22 17:09:14,832] DEBUG greenlens.worldbank_climate: WB flood fallback CIV \u2192 0.620
[2026-04-22 17:09:14,910] DEBUG greenlens.worldbank_climate: WB CKP API tas/CIV returned 404
[2026-04-22 17:09:14,910] DEBUG greenlens.worldbank_climate: WB heat fallback CIV \u2192 0.700
[2026-04-22 17:09:14,926] INFO greenlens.ml_engine: Predicted bond CIV_Green_Bonds_2015: score=49.3 [Medium-High]
[2026-04-22 17:09:15,581] DEBUG greenlens.worldbank_climate: WB CKP API pr/CIV returned 404
[2026-04-22 17:09:15,581] DEBUG greenlens.worldbank_climate: WB flood fallback CIV \u2192 0.620
[2026-04-22 17:09:15,676] DEBUG greenlens.worldbank_climate: WB CKP API tas/CIV returned 404
[2026-04-22 17:09:15,676] DEBUG greenlens.worldbank_climate: WB heat fallback CIV \u2192 0.700
[2026-04-22 17:09:15,695] INFO greenlens.ml_engine: Predicted bond CIV_Green_Bonds_2016: score=49.3 [Medium-High]
[2026-04-22 17:09:16,388] DEBUG greenlens.worldbank_climate: WB CKP API pr/CIV returned 404
[2026-04-22 17:09:16,388] DEBUG greenlens.worldbank_climate: WB flood fallback CIV \u2192 0.620
[2026-04-22 17:09:16,490] DEBUG greenlens.worldbank_climate: WB CKP API tas/CIV returned 404
[2026-04-22 17:09:16,491] DEBUG greenlens.worldbank_climate: WB heat fallback CIV \u2192 0.700
[2026-04-22 17:09:16,510] INFO greenlens.ml_engine: Predicted bond CIV_Green_Bonds_2018: score=49.3 [Medium-High]
[2026-04-22 17:09:17,207] DEBUG greenlens.worldbank_climate: WB CKP API pr/CIV returned 404
[2026-04-22 17:09:17,207] DEBUG greenlens.worldbank_climate: WB flood fallback CIV \u2192 0.620
[2026-04-22 17:09:17,311] DEBUG greenlens.worldbank_climate: WB CKP API tas/CIV returned 404
[2026-04-22 17:09:17,312] DEBUG greenlens.worldbank_climate: WB heat fallback CIV \u2192 0.700
[2026-04-22 17:09:17,333] INFO greenlens.ml_engine: Predicted bond CIV_Green_Bonds_2019: score=49.3 [Medium-High]
[2026-04-22 17:09:17,981] DEBUG greenlens.worldbank_climate: WB CKP API pr/CIV returned 404
[2026-04-22 17:09:17,981] DEBUG greenlens.worldbank_climate: WB flood fallback CIV \u2192 0.620
[2026-04-22 17:09:18,129] DEBUG greenlens.worldbank_climate: WB CKP API tas/CIV returned 404
[2026-04-22 17:09:18,129] DEBUG greenlens.worldbank_climate: WB heat fallback CIV \u2192 0.700
[2026-04-22 17:09:18,147] INFO greenlens.ml_engine: Predicted bond CIV_Green_Bonds_2021: score=49.3 [Medium-High]
[2026-04-22 17:09:18,846] DEBUG greenlens.worldbank_climate: WB CKP API pr/CIV returned 404
[2026-04-22 17:09:18,846] DEBUG greenlens.worldbank_climate: WB flood fallback CIV \u2192 0.620
[2026-04-22 17:09:18,948] DEBUG greenlens.worldbank_climate: WB CKP API tas/CIV returned 404
[2026-04-22 17:09:18,948] DEBUG greenlens.worldbank_climate: WB heat fallback CIV \u2192 0.700
[2026-04-22 17:09:18,965] INFO greenlens.ml_engine: Predicted bond CIV_Green_Bonds_2022: score=49.3 [Medium-High]
[2026-04-22 17:09:19,871] DEBUG greenlens.worldbank_climate: WB CKP API pr/CIV returned 404
[2026-04-22 17:09:19,872] DEBUG greenlens.worldbank_climate: WB flood fallback CIV \u2192 0.620
[2026-04-22 17:09:19,971] DEBUG greenlens.worldbank_climate: WB CKP API tas/CIV returned 404
[2026-04-22 17:09:19,971] DEBUG greenlens.worldbank_climate: WB heat fallback CIV \u2192 0.700
[2026-04-22 17:09:19,993] INFO greenlens.ml_engine: Predicted bond CIV_Green_Bonds_2023: score=49.3 [Medium-High]
[2026-04-22 17:09:20,689] DEBUG greenlens.worldbank_climate: WB CKP API pr/CIV returned 404
[2026-04-22 17:09:20,689] DEBUG greenlens.worldbank_climate: WB flood fallback CIV \u2192 0.620
[2026-04-22 17:09:20,800] DEBUG greenlens.worldbank_climate: WB CKP API tas/CIV returned 404
[2026-04-22 17:09:20,800] DEBUG greenlens.worldbank_climate: WB heat fallback CIV \u2192 0.700
[2026-04-22 17:09:20,825] INFO greenlens.ml_engine: Predicted bond CIV_Green_Bonds_2024: score=49.3 [Medium-High]
[2026-04-22 17:09:21,488] DEBUG greenlens.worldbank_climate: WB CKP API pr/CIV returned 404
[2026-04-22 17:09:21,488] DEBUG greenlens.worldbank_climate: WB flood fallback CIV \u2192 0.620
[2026-04-22 17:09:21,610] DEBUG greenlens.worldbank_climate: WB CKP API tas/CIV returned 404
[2026-04-22 17:09:21,610] DEBUG greenlens.worldbank_climate: WB heat fallback CIV \u2192 0.700
[2026-04-22 17:09:21,633] INFO greenlens.ml_engine: Predicted bond CIV_Social_Bond_2016: score=49.3 [Medium-High]
[2026-04-22 17:09:22,330] DEBUG greenlens.worldbank_climate: WB CKP API pr/CIV returned 404
[2026-04-22 17:09:22,330] DEBUG greenlens.worldbank_climate: WB flood fallback CIV \u2192 0.620
[2026-04-22 17:09:22,433] DEBUG greenlens.worldbank_climate: WB CKP API tas/CIV returned 404
[2026-04-22 17:09:22,433] DEBUG greenlens.worldbank_climate: WB heat fallback CIV \u2192 0.700
[2026-04-22 17:09:22,452] INFO greenlens.ml_engine: Predicted bond CIV_Social_Bond_2017: score=49.3 [Medium-High]
[2026-04-22 17:09:23,249] DEBUG greenlens.worldbank_climate: WB CKP API pr/CIV returned 404
[2026-04-22 17:09:23,249] DEBUG greenlens.worldbank_climate: WB flood fallback CIV \u2192 0.620
[2026-04-22 17:09:23,328] DEBUG greenlens.worldbank_climate: WB CKP API tas/CIV returned 404
[2026-04-22 17:09:23,328] DEBUG greenlens.worldbank_climate: WB heat fallback CIV \u2192 0.700
[2026-04-22 17:09:23,347] INFO greenlens.ml_engine: Predicted bond CIV_Social_Bond_2018: score=49.3 [Medium-High]
[2026-04-22 17:09:24,176] DEBUG greenlens.worldbank_climate: WB CKP API pr/CIV returned 404
[2026-04-22 17:09:24,176] DEBUG greenlens.worldbank_climate: WB flood fallback CIV \u2192 0.620
[2026-04-22 17:09:24,272] DEBUG greenlens.worldbank_climate: WB CKP API tas/CIV returned 404
[2026-04-22 17:09:24,272] DEBUG greenlens.worldbank_climate: WB heat fallback CIV \u2192 0.700
[2026-04-22 17:09:24,296] INFO greenlens.ml_engine: Predicted bond CIV_Social_Bond_2019: score=49.3 [Medium-High]
[2026-04-22 17:09:25,194] DEBUG greenlens.worldbank_climate: WB CKP API pr/CIV returned 404
[2026-04-22 17:09:25,194] DEBUG greenlens.worldbank_climate: WB flood fallback CIV \u2192 0.620
[2026-04-22 17:09:25,296] DEBUG greenlens.worldbank_climate: WB CKP API tas/CIV returned 404
[2026-04-22 17:09:25,296] DEBUG greenlens.worldbank_climate: WB heat fallback CIV \u2192 0.700
[2026-04-22 17:09:25,315] INFO greenlens.ml_engine: Predicted bond CIV_Social_Bond_2020: score=49.3 [Medium-High]
[2026-04-22 17:09:26,429] DEBUG greenlens.worldbank_climate: WB CKP API pr/CIV returned 404
[2026-04-22 17:09:26,429] DEBUG greenlens.worldbank_climate: WB flood fallback CIV \u2192 0.620
[2026-04-22 17:09:26,510] DEBUG greenlens.worldbank_climate: WB CKP API tas/CIV returned 404
[2026-04-22 17:09:26,510] DEBUG greenlens.worldbank_climate: WB heat fallback CIV \u2192 0.700
[2026-04-22 17:09:26,528] INFO greenlens.ml_engine: Predicted bond CIV_Social_Bond_2021: score=49.3 [Medium-High]
[2026-04-22 17:09:27,139] DEBUG greenlens.worldbank_climate: WB CKP API pr/CIV returned 404
[2026-04-22 17:09:27,139] DEBUG greenlens.worldbank_climate: WB flood fallback CIV \u2192 0.620
[2026-04-22 17:09:27,242] DEBUG greenlens.worldbank_climate: WB CKP API tas/CIV returned 404
[2026-04-22 17:09:27,242] DEBUG greenlens.worldbank_climate: WB heat fallback CIV \u2192 0.700
[2026-04-22 17:09:27,268] INFO greenlens.ml_engine: Predicted bond CIV_Social_Bond_2022: score=49.3 [Medium-High]
[2026-04-22 17:09:27,959] DEBUG greenlens.worldbank_climate: WB CKP API pr/CIV returned 404
[2026-04-22 17:09:27,959] DEBUG greenlens.worldbank_climate: WB flood fallback CIV \u2192 0.620
[2026-04-22 17:09:28,061] DEBUG greenlens.worldbank_climate: WB CKP API tas/CIV returned 404
[2026-04-22 17:09:28,061] DEBUG greenlens.worldbank_climate: WB heat fallback CIV \u2192 0.700
[2026-04-22 17:09:28,079] INFO greenlens.ml_engine: Predicted bond CIV_Social_Bond_2023: score=49.3 [Medium-High]
[2026-04-22 17:09:28,779] DEBUG greenlens.worldbank_climate: WB CKP API pr/CIV returned 404
[2026-04-22 17:09:28,779] DEBUG greenlens.worldbank_climate: WB flood fallback CIV \u2192 0.620
[2026-04-22 17:09:28,880] DEBUG greenlens.worldbank_climate: WB CKP API tas/CIV returned 404
[2026-04-22 17:09:28,880] DEBUG greenlens.worldbank_climate: WB heat fallback CIV \u2192 0.700
[2026-04-22 17:09:28,898] INFO greenlens.ml_engine: Predicted bond CIV_Social_Bond_2024: score=49.3 [Medium-High]
[2026-04-22 17:09:29,495] DEBUG greenlens.worldbank_climate: WB CKP API pr/CIV returned 404
[2026-04-22 17:09:29,495] DEBUG greenlens.worldbank_climate: WB flood fallback CIV \u2192 0.620
[2026-04-22 17:09:29,563] DEBUG greenlens.worldbank_climate: WB CKP API tas/CIV returned 404
[2026-04-22 17:09:29,563] DEBUG greenlens.worldbank_climate: WB heat fallback CIV \u2192 0.700
[2026-04-22 17:09:29,582] INFO greenlens.ml_engine: Predicted bond CIV_Sustainabili_2024: score=49.3 [Medium-High]
[2026-04-22 17:09:30,212] DEBUG greenlens.worldbank_climate: WB CKP API pr/HRV returned 404
[2026-04-22 17:09:30,212] DEBUG greenlens.worldbank_climate: WB flood fallback HRV \u2192 0.400
[2026-04-22 17:09:30,289] DEBUG greenlens.worldbank_climate: WB CKP API tas/HRV returned 404
[2026-04-22 17:09:30,289] DEBUG greenlens.worldbank_climate: WB heat fallback HRV \u2192 0.450
[2026-04-22 17:09:30,306] INFO greenlens.ml_engine: Predicted bond HRV_Green_Bonds_2023: score=31.8 [Medium-Low]
[2026-04-22 17:09:30,928] DEBUG greenlens.worldbank_climate: WB CKP API pr/HRV returned 404
[2026-04-22 17:09:30,929] DEBUG greenlens.worldbank_climate: WB flood fallback HRV \u2192 0.400
[2026-04-22 17:09:31,030] DEBUG greenlens.worldbank_climate: WB CKP API tas/HRV returned 404
[2026-04-22 17:09:31,030] DEBUG greenlens.worldbank_climate: WB heat fallback HRV \u2192 0.450
[2026-04-22 17:09:31,046] INFO greenlens.ml_engine: Predicted bond HRV_Green_Bonds_2024: score=31.8 [Medium-Low]
[2026-04-22 17:09:31,747] DEBUG greenlens.worldbank_climate: WB CKP API pr/HRV returned 404
[2026-04-22 17:09:31,748] DEBUG greenlens.worldbank_climate: WB flood fallback HRV \u2192 0.400
[2026-04-22 17:09:31,850] DEBUG greenlens.worldbank_climate: WB CKP API tas/HRV returned 404
[2026-04-22 17:09:31,850] DEBUG greenlens.worldbank_climate: WB heat fallback HRV \u2192 0.450
[2026-04-22 17:09:31,869] INFO greenlens.ml_engine: Predicted bond HRV_Sustainabili_2022: score=31.8 [Medium-Low]
[2026-04-22 17:09:32,465] DEBUG greenlens.worldbank_climate: WB CKP API pr/HRV returned 404
[2026-04-22 17:09:32,465] DEBUG greenlens.worldbank_climate: WB flood fallback HRV \u2192 0.400
[2026-04-22 17:09:32,563] DEBUG greenlens.worldbank_climate: WB CKP API tas/HRV returned 404
[2026-04-22 17:09:32,564] DEBUG greenlens.worldbank_climate: WB heat fallback HRV \u2192 0.450
[2026-04-22 17:09:32,584] INFO greenlens.ml_engine: Predicted bond HRV_Linked_Bond_2022: score=31.8 [Medium-Low]
[2026-04-22 17:09:33,181] DEBUG greenlens.worldbank_climate: WB CKP API pr/CYP returned 404
[2026-04-22 17:09:33,181] DEBUG greenlens.worldbank_climate: WB flood fallback CYP \u2192 0.400
[2026-04-22 17:09:33,254] DEBUG greenlens.worldbank_climate: WB CKP API tas/CYP returned 404
[2026-04-22 17:09:33,254] DEBUG greenlens.worldbank_climate: WB heat fallback CYP \u2192 0.450
[2026-04-22 17:09:33,272] INFO greenlens.ml_engine: Predicted bond CYP_Green_Bonds_2021: score=31.8 [Medium-Low]
[2026-04-22 17:09:34,001] DEBUG greenlens.worldbank_climate: WB CKP API pr/CYP returned 404
[2026-04-22 17:09:34,001] DEBUG greenlens.worldbank_climate: WB flood fallback CYP \u2192 0.400
[2026-04-22 17:09:34,103] DEBUG greenlens.worldbank_climate: WB CKP API tas/CYP returned 404
[2026-04-22 17:09:34,103] DEBUG greenlens.worldbank_climate: WB heat fallback CYP \u2192 0.450
[2026-04-22 17:09:34,126] INFO greenlens.ml_engine: Predicted bond CYP_Green_Bonds_2024: score=31.8 [Medium-Low]
[2026-04-22 17:09:34,819] DEBUG greenlens.worldbank_climate: WB CKP API pr/CYP returned 404
[2026-04-22 17:09:34,820] DEBUG greenlens.worldbank_climate: WB flood fallback CYP \u2192 0.400
[2026-04-22 17:09:34,921] DEBUG greenlens.worldbank_climate: WB CKP API tas/CYP returned 404
[2026-04-22 17:09:34,921] DEBUG greenlens.worldbank_climate: WB heat fallback CYP \u2192 0.450
[2026-04-22 17:09:34,941] INFO greenlens.ml_engine: Predicted bond CYP_Sustainabili_2023: score=31.8 [Medium-Low]
[2026-04-22 17:09:35,638] DEBUG greenlens.worldbank_climate: WB CKP API pr/CZE returned 404
[2026-04-22 17:09:35,639] DEBUG greenlens.worldbank_climate: WB flood fallback CZE \u2192 0.400
[2026-04-22 17:09:35,741] DEBUG greenlens.worldbank_climate: WB CKP API tas/CZE returned 404
[2026-04-22 17:09:35,741] DEBUG greenlens.worldbank_climate: WB heat fallback CZE \u2192 0.450
[2026-04-22 17:09:35,764] INFO greenlens.ml_engine: Predicted bond CZE_Green_Bonds_2021: score=31.8 [Medium-Low]
[2026-04-22 17:09:36,457] DEBUG greenlens.worldbank_climate: WB CKP API pr/CZE returned 404
[2026-04-22 17:09:36,457] DEBUG greenlens.worldbank_climate: WB flood fallback CZE \u2192 0.400
[2026-04-22 17:09:36,560] DEBUG greenlens.worldbank_climate: WB CKP API tas/CZE returned 404
[2026-04-22 17:09:36,560] DEBUG greenlens.worldbank_climate: WB heat fallback CZE \u2192 0.450
[2026-04-22 17:09:36,580] INFO greenlens.ml_engine: Predicted bond CZE_Green_Bonds_2022: score=31.8 [Medium-Low]
[2026-04-22 17:09:37,184] DEBUG greenlens.worldbank_climate: WB CKP API pr/CZE returned 404
[2026-04-22 17:09:37,185] DEBUG greenlens.worldbank_climate: WB flood fallback CZE \u2192 0.400
[2026-04-22 17:09:37,251] DEBUG greenlens.worldbank_climate: WB CKP API tas/CZE returned 404
[2026-04-22 17:09:37,251] DEBUG greenlens.worldbank_climate: WB heat fallback CZE \u2192 0.450
[2026-04-22 17:09:37,274] INFO greenlens.ml_engine: Predicted bond CZE_Green_Bonds_2023: score=31.8 [Medium-Low]
[2026-04-22 17:09:37,903] DEBUG greenlens.worldbank_climate: WB CKP API pr/CZE returned 404
[2026-04-22 17:09:37,903] DEBUG greenlens.worldbank_climate: WB flood fallback CZE \u2192 0.400
[2026-04-22 17:09:37,977] DEBUG greenlens.worldbank_climate: WB CKP API tas/CZE returned 404
[2026-04-22 17:09:37,977] DEBUG greenlens.worldbank_climate: WB heat fallback CZE \u2192 0.450
[2026-04-22 17:09:37,992] INFO greenlens.ml_engine: Predicted bond CZE_Green_Bonds_2024: score=31.8 [Medium-Low]
[2026-04-22 17:09:38,710] DEBUG greenlens.worldbank_climate: WB CKP API pr/CZE returned 404
[2026-04-22 17:09:38,710] DEBUG greenlens.worldbank_climate: WB flood fallback CZE \u2192 0.400
[2026-04-22 17:09:38,915] DEBUG greenlens.worldbank_climate: WB CKP API tas/CZE returned 404
[2026-04-22 17:09:38,915] DEBUG greenlens.worldbank_climate: WB heat fallback CZE \u2192 0.450
[2026-04-22 17:09:38,931] INFO greenlens.ml_engine: Predicted bond CZE_Sustainabili_2023: score=31.8 [Medium-Low]
[2026-04-22 17:09:39,634] DEBUG greenlens.worldbank_climate: WB CKP API pr/CZE returned 404
[2026-04-22 17:09:39,635] DEBUG greenlens.worldbank_climate: WB flood fallback CZE \u2192 0.400
[2026-04-22 17:09:39,727] DEBUG greenlens.worldbank_climate: WB CKP API tas/CZE returned 404
[2026-04-22 17:09:39,727] DEBUG greenlens.worldbank_climate: WB heat fallback CZE \u2192 0.450
[2026-04-22 17:09:39,748] INFO greenlens.ml_engine: Predicted bond CZE_Sustainabili_2024: score=31.8 [Medium-Low]
[2026-04-22 17:09:40,617] DEBUG greenlens.worldbank_climate: WB CKP API pr/CZE returned 404
[2026-04-22 17:09:40,617] DEBUG greenlens.worldbank_climate: WB flood fallback CZE \u2192 0.400
[2026-04-22 17:09:40,759] DEBUG greenlens.worldbank_climate: WB CKP API tas/CZE returned 404
[2026-04-22 17:09:40,759] DEBUG greenlens.worldbank_climate: WB heat fallback CZE \u2192 0.450
[2026-04-22 17:09:40,776] INFO greenlens.ml_engine: Predicted bond CZE_Linked_Bond_2022: score=31.8 [Medium-Low]
[2026-04-22 17:09:41,542] DEBUG greenlens.worldbank_climate: WB CKP API pr/CZE returned 404
[2026-04-22 17:09:41,543] DEBUG greenlens.worldbank_climate: WB flood fallback CZE \u2192 0.400
[2026-04-22 17:09:41,680] DEBUG greenlens.worldbank_climate: WB CKP API tas/CZE returned 404
[2026-04-22 17:09:41,681] DEBUG greenlens.worldbank_climate: WB heat fallback CZE \u2192 0.450
[2026-04-22 17:09:41,701] INFO greenlens.ml_engine: Predicted bond CZE_Linked_Bond_2024: score=31.8 [Medium-Low]
[2026-04-22 17:09:42,501] DEBUG greenlens.worldbank_climate: WB CKP API pr/DNK returned 404
[2026-04-22 17:09:42,501] DEBUG greenlens.worldbank_climate: WB flood fallback DNK \u2192 0.300
[2026-04-22 17:09:42,601] DEBUG greenlens.worldbank_climate: WB CKP API tas/DNK returned 404
[2026-04-22 17:09:42,601] DEBUG greenlens.worldbank_climate: WB heat fallback DNK \u2192 0.200
[2026-04-22 17:09:42,622] INFO greenlens.ml_engine: Predicted bond DNK_Green_Bonds_2015: score=19.4 [Low]
[2026-04-22 17:09:43,524] DEBUG greenlens.worldbank_climate: WB CKP API pr/DNK returned 404
[2026-04-22 17:09:43,524] DEBUG greenlens.worldbank_climate: WB flood fallback DNK \u2192 0.300
[2026-04-22 17:09:43,603] DEBUG greenlens.worldbank_climate: WB CKP API tas/DNK returned 404
[2026-04-22 17:09:43,604] DEBUG greenlens.worldbank_climate: WB heat fallback DNK \u2192 0.200
[2026-04-22 17:09:43,622] INFO greenlens.ml_engine: Predicted bond DNK_Green_Bonds_2017: score=19.4 [Low]
[2026-04-22 17:09:44,854] DEBUG greenlens.worldbank_climate: WB CKP API pr/DNK returned 404
[2026-04-22 17:09:44,854] DEBUG greenlens.worldbank_climate: WB flood fallback DNK \u2192 0.300
[2026-04-22 17:09:44,965] DEBUG greenlens.worldbank_climate: WB CKP API tas/DNK returned 404
[2026-04-22 17:09:44,965] DEBUG greenlens.worldbank_climate: WB heat fallback DNK \u2192 0.200
[2026-04-22 17:09:44,981] INFO greenlens.ml_engine: Predicted bond DNK_Green_Bonds_2018: score=19.4 [Low]
[2026-04-22 17:09:45,776] DEBUG greenlens.worldbank_climate: WB CKP API pr/DNK returned 404
[2026-04-22 17:09:45,776] DEBUG greenlens.worldbank_climate: WB flood fallback DNK \u2192 0.300
[2026-04-22 17:09:45,881] DEBUG greenlens.worldbank_climate: WB CKP API tas/DNK returned 404
[2026-04-22 17:09:45,881] DEBUG greenlens.worldbank_climate: WB heat fallback DNK \u2192 0.200
[2026-04-22 17:09:45,904] INFO greenlens.ml_engine: Predicted bond DNK_Green_Bonds_2019: score=19.4 [Low]
[2026-04-22 17:09:46,664] DEBUG greenlens.worldbank_climate: WB CKP API pr/DNK returned 404
[2026-04-22 17:09:46,664] DEBUG greenlens.worldbank_climate: WB flood fallback DNK \u2192 0.300
[2026-04-22 17:09:46,801] DEBUG greenlens.worldbank_climate: WB CKP API tas/DNK returned 404
[2026-04-22 17:09:46,802] DEBUG greenlens.worldbank_climate: WB heat fallback DNK \u2192 0.200
[2026-04-22 17:09:46,871] INFO greenlens.ml_engine: Predicted bond DNK_Green_Bonds_2020: score=19.4 [Low]
[2026-04-22 17:09:47,570] DEBUG greenlens.worldbank_climate: WB CKP API pr/DNK returned 404
[2026-04-22 17:09:47,570] DEBUG greenlens.worldbank_climate: WB flood fallback DNK \u2192 0.300
[2026-04-22 17:09:47,721] DEBUG greenlens.worldbank_climate: WB CKP API tas/DNK returned 404
[2026-04-22 17:09:47,722] DEBUG greenlens.worldbank_climate: WB heat fallback DNK \u2192 0.200
[2026-04-22 17:09:47,739] INFO greenlens.ml_engine: Predicted bond DNK_Green_Bonds_2021: score=19.4 [Low]
[2026-04-22 17:09:48,888] DEBUG greenlens.worldbank_climate: WB CKP API pr/DNK returned 404
[2026-04-22 17:09:48,892] DEBUG greenlens.worldbank_climate: WB flood fallback DNK \u2192 0.300
[2026-04-22 17:09:49,053] DEBUG greenlens.worldbank_climate: WB CKP API tas/DNK returned 404
[2026-04-22 17:09:49,053] DEBUG greenlens.worldbank_climate: WB heat fallback DNK \u2192 0.200
[2026-04-22 17:09:49,087] INFO greenlens.ml_engine: Predicted bond DNK_Green_Bonds_2022: score=19.4 [Low]
[2026-04-22 17:09:50,078] DEBUG greenlens.worldbank_climate: WB CKP API pr/DNK returned 404
[2026-04-22 17:09:50,078] DEBUG greenlens.worldbank_climate: WB flood fallback DNK \u2192 0.300
[2026-04-22 17:09:50,182] DEBUG greenlens.worldbank_climate: WB CKP API tas/DNK returned 404
[2026-04-22 17:09:50,183] DEBUG greenlens.worldbank_climate: WB heat fallback DNK \u2192 0.200
[2026-04-22 17:09:50,209] INFO greenlens.ml_engine: Predicted bond DNK_Green_Bonds_2023: score=19.4 [Low]
[2026-04-22 17:09:51,388] DEBUG greenlens.worldbank_climate: WB CKP API pr/DNK returned 404
[2026-04-22 17:09:51,388] DEBUG greenlens.worldbank_climate: WB flood fallback DNK \u2192 0.300
[2026-04-22 17:09:51,481] DEBUG greenlens.worldbank_climate: WB CKP API tas/DNK returned 404
[2026-04-22 17:09:51,481] DEBUG greenlens.worldbank_climate: WB heat fallback DNK \u2192 0.200
[2026-04-22 17:09:51,516] INFO greenlens.ml_engine: Predicted bond DNK_Green_Bonds_2024: score=19.4 [Low]
[2026-04-22 17:09:52,180] DEBUG greenlens.worldbank_climate: WB CKP API pr/DNK returned 404
[2026-04-22 17:09:52,180] DEBUG greenlens.worldbank_climate: WB flood fallback DNK \u2192 0.300
[2026-04-22 17:09:52,263] DEBUG greenlens.worldbank_climate: WB CKP API tas/DNK returned 404
[2026-04-22 17:09:52,264] DEBUG greenlens.worldbank_climate: WB heat fallback DNK \u2192 0.200
[2026-04-22 17:09:52,284] INFO greenlens.ml_engine: Predicted bond DNK_Linked_Bond_2022: score=19.4 [Low]
[2026-04-22 17:09:53,004] DEBUG greenlens.worldbank_climate: WB CKP API pr/DNK returned 404
[2026-04-22 17:09:53,004] DEBUG greenlens.worldbank_climate: WB flood fallback DNK \u2192 0.300
[2026-04-22 17:09:53,071] DEBUG greenlens.worldbank_climate: WB CKP API tas/DNK returned 404
[2026-04-22 17:09:53,071] DEBUG greenlens.worldbank_climate: WB heat fallback DNK \u2192 0.200
[2026-04-22 17:09:53,090] INFO greenlens.ml_engine: Predicted bond DNK_Linked_Bond_2023: score=19.4 [Low]
[2026-04-22 17:09:53,717] DEBUG greenlens.worldbank_climate: WB CKP API pr/DNK returned 404
[2026-04-22 17:09:53,717] DEBUG greenlens.worldbank_climate: WB flood fallback DNK \u2192 0.300
[2026-04-22 17:09:53,790] DEBUG greenlens.worldbank_climate: WB CKP API tas/DNK returned 404
[2026-04-22 17:09:53,790] DEBUG greenlens.worldbank_climate: WB heat fallback DNK \u2192 0.200
[2026-04-22 17:09:53,811] INFO greenlens.ml_engine: Predicted bond DNK_Linked_Bond_2024: score=19.4 [Low]
[2026-04-22 17:09:54,400] DEBUG greenlens.worldbank_climate: WB CKP API pr/DOM returned 404
[2026-04-22 17:09:54,400] DEBUG greenlens.worldbank_climate: WB flood fallback DOM \u2192 0.600
[2026-04-22 17:09:54,480] DEBUG greenlens.worldbank_climate: WB CKP API tas/DOM returned 404
[2026-04-22 17:09:54,480] DEBUG greenlens.worldbank_climate: WB heat fallback DOM \u2192 0.700
[2026-04-22 17:09:54,497] INFO greenlens.ml_engine: Predicted bond DOM_Linked_Bond_2021: score=48.5 [Medium-High]
[2026-04-22 17:09:55,708] DEBUG greenlens.worldbank_climate: WB CKP API pr/ECU returned 404
[2026-04-22 17:09:55,709] DEBUG greenlens.worldbank_climate: WB flood fallback ECU \u2192 0.600
[2026-04-22 17:09:55,781] DEBUG greenlens.worldbank_climate: WB CKP API tas/ECU returned 404
[2026-04-22 17:09:55,781] DEBUG greenlens.worldbank_climate: WB heat fallback ECU \u2192 0.580
[2026-04-22 17:09:55,801] INFO greenlens.ml_engine: Predicted bond ECU_Social_Bond_2020: score=45.0 [Medium-Low]
[2026-04-22 17:09:56,528] DEBUG greenlens.worldbank_climate: WB CKP API pr/EGY returned 404
[2026-04-22 17:09:56,528] DEBUG greenlens.worldbank_climate: WB flood fallback EGY \u2192 0.200
[2026-04-22 17:09:56,609] DEBUG greenlens.worldbank_climate: WB CKP API tas/EGY returned 404
[2026-04-22 17:09:56,609] DEBUG greenlens.worldbank_climate: WB heat fallback EGY \u2192 0.820
[2026-04-22 17:09:56,630] INFO greenlens.ml_engine: Predicted bond EGY_Green_Bonds_2020: score=36.7 [Medium-Low]
[2026-04-22 17:09:57,348] DEBUG greenlens.worldbank_climate: WB CKP API pr/EGY returned 404
[2026-04-22 17:09:57,348] DEBUG greenlens.worldbank_climate: WB flood fallback EGY \u2192 0.200
[2026-04-22 17:09:57,417] DEBUG greenlens.worldbank_climate: WB CKP API tas/EGY returned 404
[2026-04-22 17:09:57,418] DEBUG greenlens.worldbank_climate: WB heat fallback EGY \u2192 0.820
[2026-04-22 17:09:57,439] INFO greenlens.ml_engine: Predicted bond EGY_Sustainabili_2023: score=36.7 [Medium-Low]
[2026-04-22 17:09:58,269] DEBUG greenlens.worldbank_climate: WB CKP API pr/EST returned 404
[2026-04-22 17:09:58,269] DEBUG greenlens.worldbank_climate: WB flood fallback EST \u2192 0.400
[2026-04-22 17:09:58,348] DEBUG greenlens.worldbank_climate: WB CKP API tas/EST returned 404
[2026-04-22 17:09:58,349] DEBUG greenlens.worldbank_climate: WB heat fallback EST \u2192 0.450
[2026-04-22 17:09:58,374] INFO greenlens.ml_engine: Predicted bond EST_Green_Bonds_2015: score=31.8 [Medium-Low]
[2026-04-22 17:09:59,012] DEBUG greenlens.worldbank_climate: WB CKP API pr/EST returned 404
[2026-04-22 17:09:59,012] DEBUG greenlens.worldbank_climate: WB flood fallback EST \u2192 0.400
[2026-04-22 17:09:59,088] DEBUG greenlens.worldbank_climate: WB CKP API tas/EST returned 404
[2026-04-22 17:09:59,088] DEBUG greenlens.worldbank_climate: WB heat fallback EST \u2192 0.450
[2026-04-22 17:09:59,108] INFO greenlens.ml_engine: Predicted bond EST_Green_Bonds_2024: score=31.8 [Medium-Low]
[2026-04-22 17:09:59,786] DEBUG greenlens.worldbank_climate: WB CKP API pr/FJI returned 404
[2026-04-22 17:09:59,786] DEBUG greenlens.worldbank_climate: WB flood fallback FJI \u2192 0.400
[2026-04-22 17:09:59,858] DEBUG greenlens.worldbank_climate: WB CKP API tas/FJI returned 404
[2026-04-22 17:09:59,858] DEBUG greenlens.worldbank_climate: WB heat fallback FJI \u2192 0.450
[2026-04-22 17:09:59,877] INFO greenlens.ml_engine: Predicted bond FJI_Green_Bonds_2017: score=31.8 [Medium-Low]
[2026-04-22 17:10:00,628] DEBUG greenlens.worldbank_climate: WB CKP API pr/FJI returned 404
[2026-04-22 17:10:00,628] DEBUG greenlens.worldbank_climate: WB flood fallback FJI \u2192 0.400
[2026-04-22 17:10:00,690] DEBUG greenlens.worldbank_climate: WB CKP API tas/FJI returned 404
[2026-04-22 17:10:00,691] DEBUG greenlens.worldbank_climate: WB heat fallback FJI \u2192 0.450
[2026-04-22 17:10:00,712] INFO greenlens.ml_engine: Predicted bond FJI_Green_Bonds_2023: score=31.8 [Medium-Low]
[2026-04-22 17:10:01,492] DEBUG greenlens.worldbank_climate: WB CKP API pr/FIN returned 404
[2026-04-22 17:10:01,493] DEBUG greenlens.worldbank_climate: WB flood fallback FIN \u2192 0.220
[2026-04-22 17:10:01,562] DEBUG greenlens.worldbank_climate: WB CKP API tas/FIN returned 404
[2026-04-22 17:10:01,562] DEBUG greenlens.worldbank_climate: WB heat fallback FIN \u2192 0.150
[2026-04-22 17:10:01,581] INFO greenlens.ml_engine: Predicted bond FIN_Green_Bonds_2010: score=14.1 [Low]
[2026-04-22 17:10:02,364] DEBUG greenlens.worldbank_climate: WB CKP API pr/FIN returned 404
[2026-04-22 17:10:02,364] DEBUG greenlens.worldbank_climate: WB flood fallback FIN \u2192 0.220
[2026-04-22 17:10:02,466] DEBUG greenlens.worldbank_climate: WB CKP API tas/FIN returned 404
[2026-04-22 17:10:02,467] DEBUG greenlens.worldbank_climate: WB heat fallback FIN \u2192 0.150
[2026-04-22 17:10:02,484] INFO greenlens.ml_engine: Predicted bond FIN_Green_Bonds_2011: score=14.1 [Low]
[2026-04-22 17:10:03,082] DEBUG greenlens.worldbank_climate: WB CKP API pr/FIN returned 404
[2026-04-22 17:10:03,082] DEBUG greenlens.worldbank_climate: WB flood fallback FIN \u2192 0.220
[2026-04-22 17:10:03,150] DEBUG greenlens.worldbank_climate: WB CKP API tas/FIN returned 404
[2026-04-22 17:10:03,150] DEBUG greenlens.worldbank_climate: WB heat fallback FIN \u2192 0.150
[2026-04-22 17:10:03,167] INFO greenlens.ml_engine: Predicted bond FIN_Green_Bonds_2012: score=14.1 [Low]
[2026-04-22 17:10:03,767] DEBUG greenlens.worldbank_climate: WB CKP API pr/FIN returned 404
[2026-04-22 17:10:03,767] DEBUG greenlens.worldbank_climate: WB flood fallback FIN \u2192 0.220
[2026-04-22 17:10:03,900] DEBUG greenlens.worldbank_climate: WB CKP API tas/FIN returned 404
[2026-04-22 17:10:03,900] DEBUG greenlens.worldbank_climate: WB heat fallback FIN \u2192 0.150
[2026-04-22 17:10:03,918] INFO greenlens.ml_engine: Predicted bond FIN_Green_Bonds_2013: score=14.1 [Low]
[2026-04-22 17:10:04,533] DEBUG greenlens.worldbank_climate: WB CKP API pr/FIN returned 404
[2026-04-22 17:10:04,533] DEBUG greenlens.worldbank_climate: WB flood fallback FIN \u2192 0.220
[2026-04-22 17:10:04,629] DEBUG greenlens.worldbank_climate: WB CKP API tas/FIN returned 404
[2026-04-22 17:10:04,629] DEBUG greenlens.worldbank_climate: WB heat fallback FIN \u2192 0.150
[2026-04-22 17:10:04,648] INFO greenlens.ml_engine: Predicted bond FIN_Green_Bonds_2014: score=14.1 [Low]
[2026-04-22 17:10:05,283] DEBUG greenlens.worldbank_climate: WB CKP API pr/FIN returned 404
[2026-04-22 17:10:05,283] DEBUG greenlens.worldbank_climate: WB flood fallback FIN \u2192 0.220
[2026-04-22 17:10:05,436] DEBUG greenlens.worldbank_climate: WB CKP API tas/FIN returned 404
[2026-04-22 17:10:05,437] DEBUG greenlens.worldbank_climate: WB heat fallback FIN \u2192 0.150
[2026-04-22 17:10:05,457] INFO greenlens.ml_engine: Predicted bond FIN_Green_Bonds_2015: score=14.1 [Low]
[2026-04-22 17:10:06,473] DEBUG greenlens.worldbank_climate: WB CKP API pr/FIN returned 404
[2026-04-22 17:10:06,474] DEBUG greenlens.worldbank_climate: WB flood fallback FIN \u2192 0.220
[2026-04-22 17:10:06,565] DEBUG greenlens.worldbank_climate: WB CKP API tas/FIN returned 404
[2026-04-22 17:10:06,565] DEBUG greenlens.worldbank_climate: WB heat fallback FIN \u2192 0.150
[2026-04-22 17:10:06,584] INFO greenlens.ml_engine: Predicted bond FIN_Green_Bonds_2016: score=14.1 [Low]
[2026-04-22 17:10:07,176] DEBUG greenlens.worldbank_climate: WB CKP API pr/FIN returned 404
[2026-04-22 17:10:07,176] DEBUG greenlens.worldbank_climate: WB flood fallback FIN \u2192 0.220
[2026-04-22 17:10:07,285] DEBUG greenlens.worldbank_climate: WB CKP API tas/FIN returned 404
[2026-04-22 17:10:07,285] DEBUG greenlens.worldbank_climate: WB heat fallback FIN \u2192 0.150
[2026-04-22 17:10:07,309] INFO greenlens.ml_engine: Predicted bond FIN_Green_Bonds_2017: score=14.1 [Low]
[2026-04-22 17:10:07,942] DEBUG greenlens.worldbank_climate: WB CKP API pr/FIN returned 404
[2026-04-22 17:10:07,942] DEBUG greenlens.worldbank_climate: WB flood fallback FIN \u2192 0.220
[2026-04-22 17:10:08,007] DEBUG greenlens.worldbank_climate: WB CKP API tas/FIN returned 404
[2026-04-22 17:10:08,007] DEBUG greenlens.worldbank_climate: WB heat fallback FIN \u2192 0.150
[2026-04-22 17:10:08,040] INFO greenlens.ml_engine: Predicted bond FIN_Green_Bonds_2018: score=14.1 [Low]
[2026-04-22 17:10:08,775] DEBUG greenlens.worldbank_climate: WB CKP API pr/FIN returned 404
[2026-04-22 17:10:08,775] DEBUG greenlens.worldbank_climate: WB flood fallback FIN \u2192 0.220
[2026-04-22 17:10:08,931] DEBUG greenlens.worldbank_climate: WB CKP API tas/FIN returned 404
[2026-04-22 17:10:08,932] DEBUG greenlens.worldbank_climate: WB heat fallback FIN \u2192 0.150
[2026-04-22 17:10:08,958] INFO greenlens.ml_engine: Predicted bond FIN_Green_Bonds_2019: score=14.1 [Low]
[2026-04-22 17:10:09,664] DEBUG greenlens.worldbank_climate: WB CKP API pr/FIN returned 404
[2026-04-22 17:10:09,664] DEBUG greenlens.worldbank_climate: WB flood fallback FIN \u2192 0.220
[2026-04-22 17:10:09,742] DEBUG greenlens.worldbank_climate: WB CKP API tas/FIN returned 404
[2026-04-22 17:10:09,743] DEBUG greenlens.worldbank_climate: WB heat fallback FIN \u2192 0.150
[2026-04-22 17:10:09,806] INFO greenlens.ml_engine: Predicted bond FIN_Green_Bonds_2020: score=14.1 [Low]
[2026-04-22 17:10:10,711] DEBUG greenlens.worldbank_climate: WB CKP API pr/FIN returned 404
[2026-04-22 17:10:10,711] DEBUG greenlens.worldbank_climate: WB flood fallback FIN \u2192 0.220
[2026-04-22 17:10:10,787] DEBUG greenlens.worldbank_climate: WB CKP API tas/FIN returned 404
[2026-04-22 17:10:10,787] DEBUG greenlens.worldbank_climate: WB heat fallback FIN \u2192 0.150
[2026-04-22 17:10:10,805] INFO greenlens.ml_engine: Predicted bond FIN_Green_Bonds_2021: score=14.1 [Low]
[2026-04-22 17:10:11,424] DEBUG greenlens.worldbank_climate: WB CKP API pr/FIN returned 404
[2026-04-22 17:10:11,424] DEBUG greenlens.worldbank_climate: WB flood fallback FIN \u2192 0.220
[2026-04-22 17:10:11,485] DEBUG greenlens.worldbank_climate: WB CKP API tas/FIN returned 404
[2026-04-22 17:10:11,485] DEBUG greenlens.worldbank_climate: WB heat fallback FIN \u2192 0.150
[2026-04-22 17:10:11,512] INFO greenlens.ml_engine: Predicted bond FIN_Green_Bonds_2022: score=14.1 [Low]
[2026-04-22 17:10:12,150] DEBUG greenlens.worldbank_climate: WB CKP API pr/FIN returned 404
[2026-04-22 17:10:12,151] DEBUG greenlens.worldbank_climate: WB flood fallback FIN \u2192 0.220
[2026-04-22 17:10:12,280] DEBUG greenlens.worldbank_climate: WB CKP API tas/FIN returned 404
[2026-04-22 17:10:12,280] DEBUG greenlens.worldbank_climate: WB heat fallback FIN \u2192 0.150
[2026-04-22 17:10:12,300] INFO greenlens.ml_engine: Predicted bond FIN_Green_Bonds_2023: score=14.1 [Low]
[2026-04-22 17:10:12,973] DEBUG greenlens.worldbank_climate: WB CKP API pr/FIN returned 404
[2026-04-22 17:10:12,974] DEBUG greenlens.worldbank_climate: WB flood fallback FIN \u2192 0.220
[2026-04-22 17:10:13,053] DEBUG greenlens.worldbank_climate: WB CKP API tas/FIN returned 404
[2026-04-22 17:10:13,053] DEBUG greenlens.worldbank_climate: WB heat fallback FIN \u2192 0.150
[2026-04-22 17:10:13,079] INFO greenlens.ml_engine: Predicted bond FIN_Green_Bonds_2024: score=14.1 [Low]
[2026-04-22 17:10:13,678] DEBUG greenlens.worldbank_climate: WB CKP API pr/FIN returned 404
[2026-04-22 17:10:13,678] DEBUG greenlens.worldbank_climate: WB flood fallback FIN \u2192 0.220
[2026-04-22 17:10:13,941] DEBUG greenlens.worldbank_climate: WB CKP API tas/FIN returned 404
[2026-04-22 17:10:13,942] DEBUG greenlens.worldbank_climate: WB heat fallback FIN \u2192 0.150
[2026-04-22 17:10:13,960] INFO greenlens.ml_engine: Predicted bond FIN_Social_Bond_2020: score=14.1 [Low]
[2026-04-22 17:10:14,652] DEBUG greenlens.worldbank_climate: WB CKP API pr/FIN returned 404
[2026-04-22 17:10:14,652] DEBUG greenlens.worldbank_climate: WB flood fallback FIN \u2192 0.220
[2026-04-22 17:10:14,729] DEBUG greenlens.worldbank_climate: WB CKP API tas/FIN returned 404
[2026-04-22 17:10:14,729] DEBUG greenlens.worldbank_climate: WB heat fallback FIN \u2192 0.150
[2026-04-22 17:10:14,755] INFO greenlens.ml_engine: Predicted bond FIN_Social_Bond_2021: score=14.1 [Low]
[2026-04-22 17:10:15,447] DEBUG greenlens.worldbank_climate: WB CKP API pr/FIN returned 404
[2026-04-22 17:10:15,448] DEBUG greenlens.worldbank_climate: WB flood fallback FIN \u2192 0.220
[2026-04-22 17:10:15,584] DEBUG greenlens.worldbank_climate: WB CKP API tas/FIN returned 404
[2026-04-22 17:10:15,585] DEBUG greenlens.worldbank_climate: WB heat fallback FIN \u2192 0.150
[2026-04-22 17:10:15,605] INFO greenlens.ml_engine: Predicted bond FIN_Social_Bond_2022: score=14.1 [Low]
[2026-04-22 17:10:16,241] DEBUG greenlens.worldbank_climate: WB CKP API pr/FIN returned 404
[2026-04-22 17:10:16,241] DEBUG greenlens.worldbank_climate: WB flood fallback FIN \u2192 0.220
[2026-04-22 17:10:16,315] DEBUG greenlens.worldbank_climate: WB CKP API tas/FIN returned 404
[2026-04-22 17:10:16,316] DEBUG greenlens.worldbank_climate: WB heat fallback FIN \u2192 0.150
[2026-04-22 17:10:16,337] INFO greenlens.ml_engine: Predicted bond FIN_Social_Bond_2023: score=14.1 [Low]
[2026-04-22 17:10:16,921] DEBUG greenlens.worldbank_climate: WB CKP API pr/FIN returned 404
[2026-04-22 17:10:16,922] DEBUG greenlens.worldbank_climate: WB flood fallback FIN \u2192 0.220
[2026-04-22 17:10:16,991] DEBUG greenlens.worldbank_climate: WB CKP API tas/FIN returned 404
[2026-04-22 17:10:16,992] DEBUG greenlens.worldbank_climate: WB heat fallback FIN \u2192 0.150
[2026-04-22 17:10:17,014] INFO greenlens.ml_engine: Predicted bond FIN_Social_Bond_2024: score=14.1 [Low]
[2026-04-22 17:10:17,792] DEBUG greenlens.worldbank_climate: WB CKP API pr/FIN returned 404
[2026-04-22 17:10:17,792] DEBUG greenlens.worldbank_climate: WB flood fallback FIN \u2192 0.220
[2026-04-22 17:10:17,915] DEBUG greenlens.worldbank_climate: WB CKP API tas/FIN returned 404
[2026-04-22 17:10:17,915] DEBUG greenlens.worldbank_climate: WB heat fallback FIN \u2192 0.150
[2026-04-22 17:10:17,933] INFO greenlens.ml_engine: Predicted bond FIN_Sustainabili_2021: score=14.1 [Low]
[2026-04-22 17:10:18,659] DEBUG greenlens.worldbank_climate: WB CKP API pr/FIN returned 404
[2026-04-22 17:10:18,660] DEBUG greenlens.worldbank_climate: WB flood fallback FIN \u2192 0.220
[2026-04-22 17:10:18,777] DEBUG greenlens.worldbank_climate: WB CKP API tas/FIN returned 404
[2026-04-22 17:10:18,777] DEBUG greenlens.worldbank_climate: WB heat fallback FIN \u2192 0.150
[2026-04-22 17:10:18,795] INFO greenlens.ml_engine: Predicted bond FIN_Linked_Bond_2022: score=14.1 [Low]
[2026-04-22 17:10:19,611] DEBUG greenlens.worldbank_climate: WB CKP API pr/FIN returned 404
[2026-04-22 17:10:19,612] DEBUG greenlens.worldbank_climate: WB flood fallback FIN \u2192 0.220
[2026-04-22 17:10:19,779] DEBUG greenlens.worldbank_climate: WB CKP API tas/FIN returned 404
[2026-04-22 17:10:19,779] DEBUG greenlens.worldbank_climate: WB heat fallback FIN \u2192 0.150
[2026-04-22 17:10:19,793] INFO greenlens.ml_engine: Predicted bond FIN_Linked_Bond_2023: score=14.1 [Low]
[2026-04-22 17:10:20,679] DEBUG greenlens.worldbank_climate: WB CKP API pr/FIN returned 404
[2026-04-22 17:10:20,679] DEBUG greenlens.worldbank_climate: WB flood fallback FIN \u2192 0.220
[2026-04-22 17:10:20,868] DEBUG greenlens.worldbank_climate: WB CKP API tas/FIN returned 404
[2026-04-22 17:10:20,868] DEBUG greenlens.worldbank_climate: WB heat fallback FIN \u2192 0.150
[2026-04-22 17:10:20,895] INFO greenlens.ml_engine: Predicted bond FIN_Linked_Bond_2024: score=14.1 [Low]
[2026-04-22 17:10:21,602] DEBUG greenlens.worldbank_climate: WB CKP API pr/FRA returned 404
[2026-04-22 17:10:21,602] DEBUG greenlens.worldbank_climate: WB flood fallback FRA \u2192 0.380
[2026-04-22 17:10:21,772] DEBUG greenlens.worldbank_climate: WB CKP API tas/FRA returned 404
[2026-04-22 17:10:21,772] DEBUG greenlens.worldbank_climate: WB heat fallback FRA \u2192 0.320
[2026-04-22 17:10:21,786] INFO greenlens.ml_engine: Predicted bond FRA_Green_Bonds_2012: score=26.7 [Medium-Low]
[2026-04-22 17:10:22,586] DEBUG greenlens.worldbank_climate: WB CKP API pr/FRA returned 404
[2026-04-22 17:10:22,586] DEBUG greenlens.worldbank_climate: WB flood fallback FRA \u2192 0.380
[2026-04-22 17:10:22,709] DEBUG greenlens.worldbank_climate: WB CKP API tas/FRA returned 404
[2026-04-22 17:10:22,709] DEBUG greenlens.worldbank_climate: WB heat fallback FRA \u2192 0.320
[2026-04-22 17:10:22,728] INFO greenlens.ml_engine: Predicted bond FRA_Green_Bonds_2013: score=26.7 [Medium-Low]
[2026-04-22 17:10:23,671] DEBUG greenlens.worldbank_climate: WB CKP API pr/FRA returned 404
[2026-04-22 17:10:23,672] DEBUG greenlens.worldbank_climate: WB flood fallback FRA \u2192 0.380
[2026-04-22 17:10:23,765] DEBUG greenlens.worldbank_climate: WB CKP API tas/FRA returned 404
[2026-04-22 17:10:23,765] DEBUG greenlens.worldbank_climate: WB heat fallback FRA \u2192 0.320
[2026-04-22 17:10:23,782] INFO greenlens.ml_engine: Predicted bond FRA_Green_Bonds_2014: score=26.7 [Medium-Low]
[2026-04-22 17:10:24,585] DEBUG greenlens.worldbank_climate: WB CKP API pr/FRA returned 404
[2026-04-22 17:10:24,585] DEBUG greenlens.worldbank_climate: WB flood fallback FRA \u2192 0.380
[2026-04-22 17:10:24,689] DEBUG greenlens.worldbank_climate: WB CKP API tas/FRA returned 404
[2026-04-22 17:10:24,689] DEBUG greenlens.worldbank_climate: WB heat fallback FRA \u2192 0.320
[2026-04-22 17:10:24,708] INFO greenlens.ml_engine: Predicted bond FRA_Green_Bonds_2015: score=26.7 [Medium-Low]
[2026-04-22 17:10:25,613] DEBUG greenlens.worldbank_climate: WB CKP API pr/FRA returned 404
[2026-04-22 17:10:25,613] DEBUG greenlens.worldbank_climate: WB flood fallback FRA \u2192 0.380
[2026-04-22 17:10:25,705] DEBUG greenlens.worldbank_climate: WB CKP API tas/FRA returned 404
[2026-04-22 17:10:25,705] DEBUG greenlens.worldbank_climate: WB heat fallback FRA \u2192 0.320
[2026-04-22 17:10:25,724] INFO greenlens.ml_engine: Predicted bond FRA_Green_Bonds_2016: score=26.7 [Medium-Low]
[2026-04-22 17:10:26,649] DEBUG greenlens.worldbank_climate: WB CKP API pr/FRA returned 404
[2026-04-22 17:10:26,649] DEBUG greenlens.worldbank_climate: WB flood fallback FRA \u2192 0.380
[2026-04-22 17:10:26,756] DEBUG greenlens.worldbank_climate: WB CKP API tas/FRA returned 404
[2026-04-22 17:10:26,757] DEBUG greenlens.worldbank_climate: WB heat fallback FRA \u2192 0.320
[2026-04-22 17:10:26,774] INFO greenlens.ml_engine: Predicted bond FRA_Green_Bonds_2017: score=26.7 [Medium-Low]
[2026-04-22 17:10:27,404] DEBUG greenlens.worldbank_climate: WB CKP API pr/FRA returned 404
[2026-04-22 17:10:27,404] DEBUG greenlens.worldbank_climate: WB flood fallback FRA \u2192 0.380
[2026-04-22 17:10:27,477] DEBUG greenlens.worldbank_climate: WB CKP API tas/FRA returned 404
[2026-04-22 17:10:27,477] DEBUG greenlens.worldbank_climate: WB heat fallback FRA \u2192 0.320
[2026-04-22 17:10:27,504] INFO greenlens.ml_engine: Predicted bond FRA_Green_Bonds_2018: score=26.7 [Medium-Low]
[2026-04-22 17:10:28,270] DEBUG greenlens.worldbank_climate: WB CKP API pr/FRA returned 404
[2026-04-22 17:10:28,270] DEBUG greenlens.worldbank_climate: WB flood fallback FRA \u2192 0.380
[2026-04-22 17:10:28,375] DEBUG greenlens.worldbank_climate: WB CKP API tas/FRA returned 404
[2026-04-22 17:10:28,375] DEBUG greenlens.worldbank_climate: WB heat fallback FRA \u2192 0.320
[2026-04-22 17:10:28,399] INFO greenlens.ml_engine: Predicted bond FRA_Green_Bonds_2019: score=26.7 [Medium-Low]
[2026-04-22 17:10:29,193] DEBUG greenlens.worldbank_climate: WB CKP API pr/FRA returned 404
[2026-04-22 17:10:29,193] DEBUG greenlens.worldbank_climate: WB flood fallback FRA \u2192 0.380
[2026-04-22 17:10:29,295] DEBUG greenlens.worldbank_climate: WB CKP API tas/FRA returned 404
[2026-04-22 17:10:29,295] DEBUG greenlens.worldbank_climate: WB heat fallback FRA \u2192 0.320
[2026-04-22 17:10:29,318] INFO greenlens.ml_engine: Predicted bond FRA_Green_Bonds_2020: score=26.7 [Medium-Low]
[2026-04-22 17:10:30,002] DEBUG greenlens.worldbank_climate: WB CKP API pr/FRA returned 404
[2026-04-22 17:10:30,002] DEBUG greenlens.worldbank_climate: WB flood fallback FRA \u2192 0.380
[2026-04-22 17:10:30,116] DEBUG greenlens.worldbank_climate: WB CKP API tas/FRA returned 404
[2026-04-22 17:10:30,116] DEBUG greenlens.worldbank_climate: WB heat fallback FRA \u2192 0.320
[2026-04-22 17:10:30,138] INFO greenlens.ml_engine: Predicted bond FRA_Green_Bonds_2021: score=26.7 [Medium-Low]
[2026-04-22 17:10:30,900] DEBUG greenlens.worldbank_climate: WB CKP API pr/FRA returned 404
[2026-04-22 17:10:30,900] DEBUG greenlens.worldbank_climate: WB flood fallback FRA \u2192 0.380
[2026-04-22 17:10:31,026] DEBUG greenlens.worldbank_climate: WB CKP API tas/FRA returned 404
[2026-04-22 17:10:31,026] DEBUG greenlens.worldbank_climate: WB heat fallback FRA \u2192 0.320
[2026-04-22 17:10:31,042] INFO greenlens.ml_engine: Predicted bond FRA_Green_Bonds_2022: score=26.7 [Medium-Low]
[2026-04-22 17:10:31,650] DEBUG greenlens.worldbank_climate: WB CKP API pr/FRA returned 404
[2026-04-22 17:10:31,651] DEBUG greenlens.worldbank_climate: WB flood fallback FRA \u2192 0.380
[2026-04-22 17:10:31,716] DEBUG greenlens.worldbank_climate: WB CKP API tas/FRA returned 404
[2026-04-22 17:10:31,716] DEBUG greenlens.worldbank_climate: WB heat fallback FRA \u2192 0.320
[2026-04-22 17:10:31,733] INFO greenlens.ml_engine: Predicted bond FRA_Green_Bonds_2023: score=26.7 [Medium-Low]
[2026-04-22 17:10:32,328] DEBUG greenlens.worldbank_climate: WB CKP API pr/FRA returned 404
[2026-04-22 17:10:32,328] DEBUG greenlens.worldbank_climate: WB flood fallback FRA \u2192 0.380
[2026-04-22 17:10:32,470] DEBUG greenlens.worldbank_climate: WB CKP API tas/FRA returned 404
[2026-04-22 17:10:32,470] DEBUG greenlens.worldbank_climate: WB heat fallback FRA \u2192 0.320
[2026-04-22 17:10:32,483] INFO greenlens.ml_engine: Predicted bond FRA_Green_Bonds_2024: score=26.7 [Medium-Low]
[2026-04-22 17:10:33,084] DEBUG greenlens.worldbank_climate: WB CKP API pr/FRA returned 404
[2026-04-22 17:10:33,084] DEBUG greenlens.worldbank_climate: WB flood fallback FRA \u2192 0.380
[2026-04-22 17:10:33,149] DEBUG greenlens.worldbank_climate: WB CKP API tas/FRA returned 404
[2026-04-22 17:10:33,149] DEBUG greenlens.worldbank_climate: WB heat fallback FRA \u2192 0.320
[2026-04-22 17:10:33,166] INFO greenlens.ml_engine: Predicted bond FRA_Social_Bond_2012: score=26.7 [Medium-Low]
[2026-04-22 17:10:33,722] DEBUG greenlens.worldbank_climate: WB CKP API pr/FRA returned 404
[2026-04-22 17:10:33,722] DEBUG greenlens.worldbank_climate: WB flood fallback FRA \u2192 0.380
[2026-04-22 17:10:33,802] DEBUG greenlens.worldbank_climate: WB CKP API tas/FRA returned 404
[2026-04-22 17:10:33,802] DEBUG greenlens.worldbank_climate: WB heat fallback FRA \u2192 0.320
[2026-04-22 17:10:33,822] INFO greenlens.ml_engine: Predicted bond FRA_Social_Bond_2017: score=26.7 [Medium-Low]
[2026-04-22 17:10:34,451] DEBUG greenlens.worldbank_climate: WB CKP API pr/FRA returned 404
[2026-04-22 17:10:34,451] DEBUG greenlens.worldbank_climate: WB flood fallback FRA \u2192 0.380
[2026-04-22 17:10:34,516] DEBUG greenlens.worldbank_climate: WB CKP API tas/FRA returned 404
[2026-04-22 17:10:34,516] DEBUG greenlens.worldbank_climate: WB heat fallback FRA \u2192 0.320
[2026-04-22 17:10:34,537] INFO greenlens.ml_engine: Predicted bond FRA_Social_Bond_2018: score=26.7 [Medium-Low]
[2026-04-22 17:10:35,093] DEBUG greenlens.worldbank_climate: WB CKP API pr/FRA returned 404
[2026-04-22 17:10:35,093] DEBUG greenlens.worldbank_climate: WB flood fallback FRA \u2192 0.380
[2026-04-22 17:10:35,235] DEBUG greenlens.worldbank_climate: WB CKP API tas/FRA returned 404
[2026-04-22 17:10:35,235] DEBUG greenlens.worldbank_climate: WB heat fallback FRA \u2192 0.320
[2026-04-22 17:10:35,253] INFO greenlens.ml_engine: Predicted bond FRA_Social_Bond_2019: score=26.7 [Medium-Low]
[2026-04-22 17:10:35,849] DEBUG greenlens.worldbank_climate: WB CKP API pr/FRA returned 404
[2026-04-22 17:10:35,850] DEBUG greenlens.worldbank_climate: WB flood fallback FRA \u2192 0.380
[2026-04-22 17:10:35,951] DEBUG greenlens.worldbank_climate: WB CKP API tas/FRA returned 404
[2026-04-22 17:10:35,951] DEBUG greenlens.worldbank_climate: WB heat fallback FRA \u2192 0.320
[2026-04-22 17:10:35,971] INFO greenlens.ml_engine: Predicted bond FRA_Social_Bond_2020: score=26.7 [Medium-Low]
[2026-04-22 17:10:36,733] DEBUG greenlens.worldbank_climate: WB CKP API pr/FRA returned 404
[2026-04-22 17:10:36,733] DEBUG greenlens.worldbank_climate: WB flood fallback FRA \u2192 0.380
[2026-04-22 17:10:36,890] DEBUG greenlens.worldbank_climate: WB CKP API tas/FRA returned 404
[2026-04-22 17:10:36,890] DEBUG greenlens.worldbank_climate: WB heat fallback FRA \u2192 0.320
[2026-04-22 17:10:36,910] INFO greenlens.ml_engine: Predicted bond FRA_Social_Bond_2021: score=26.7 [Medium-Low]
[2026-04-22 17:10:37,796] DEBUG greenlens.worldbank_climate: WB CKP API pr/FRA returned 404
[2026-04-22 17:10:37,796] DEBUG greenlens.worldbank_climate: WB flood fallback FRA \u2192 0.380
[2026-04-22 17:10:37,897] DEBUG greenlens.worldbank_climate: WB CKP API tas/FRA returned 404
[2026-04-22 17:10:37,897] DEBUG greenlens.worldbank_climate: WB heat fallback FRA \u2192 0.320
[2026-04-22 17:10:37,916] INFO greenlens.ml_engine: Predicted bond FRA_Social_Bond_2022: score=26.7 [Medium-Low]
[2026-04-22 17:10:39,087] DEBUG greenlens.worldbank_climate: WB CKP API pr/FRA returned 404
[2026-04-22 17:10:39,087] DEBUG greenlens.worldbank_climate: WB flood fallback FRA \u2192 0.380
[2026-04-22 17:10:39,228] DEBUG greenlens.worldbank_climate: WB CKP API tas/FRA returned 404
[2026-04-22 17:10:39,228] DEBUG greenlens.worldbank_climate: WB heat fallback FRA \u2192 0.320
[2026-04-22 17:10:39,246] INFO greenlens.ml_engine: Predicted bond FRA_Social_Bond_2023: score=26.7 [Medium-Low]
[2026-04-22 17:10:39,945] DEBUG greenlens.worldbank_climate: WB CKP API pr/FRA returned 404
[2026-04-22 17:10:39,945] DEBUG greenlens.worldbank_climate: WB flood fallback FRA \u2192 0.380
[2026-04-22 17:10:40,047] DEBUG greenlens.worldbank_climate: WB CKP API tas/FRA returned 404
[2026-04-22 17:10:40,047] DEBUG greenlens.worldbank_climate: WB heat fallback FRA \u2192 0.320
[2026-04-22 17:10:40,063] INFO greenlens.ml_engine: Predicted bond FRA_Social_Bond_2024: score=26.7 [Medium-Low]
[2026-04-22 17:10:40,765] DEBUG greenlens.worldbank_climate: WB CKP API pr/FRA returned 404
[2026-04-22 17:10:40,765] DEBUG greenlens.worldbank_climate: WB flood fallback FRA \u2192 0.380
[2026-04-22 17:10:40,867] DEBUG greenlens.worldbank_climate: WB CKP API tas/FRA returned 404
[2026-04-22 17:10:40,867] DEBUG greenlens.worldbank_climate: WB heat fallback FRA \u2192 0.320
[2026-04-22 17:10:40,896] INFO greenlens.ml_engine: Predicted bond FRA_Sustainabili_2008: score=26.7 [Medium-Low]
[2026-04-22 17:10:41,687] DEBUG greenlens.worldbank_climate: WB CKP API pr/FRA returned 404
[2026-04-22 17:10:41,687] DEBUG greenlens.worldbank_climate: WB flood fallback FRA \u2192 0.380
[2026-04-22 17:10:41,787] DEBUG greenlens.worldbank_climate: WB CKP API tas/FRA returned 404
[2026-04-22 17:10:41,787] DEBUG greenlens.worldbank_climate: WB heat fallback FRA \u2192 0.320
[2026-04-22 17:10:41,809] INFO greenlens.ml_engine: Predicted bond FRA_Sustainabili_2014: score=26.7 [Medium-Low]
[2026-04-22 17:10:42,402] DEBUG greenlens.worldbank_climate: WB CKP API pr/FRA returned 404
[2026-04-22 17:10:42,402] DEBUG greenlens.worldbank_climate: WB flood fallback FRA \u2192 0.380
[2026-04-22 17:10:42,505] DEBUG greenlens.worldbank_climate: WB CKP API tas/FRA returned 404
[2026-04-22 17:10:42,505] DEBUG greenlens.worldbank_climate: WB heat fallback FRA \u2192 0.320
[2026-04-22 17:10:42,520] INFO greenlens.ml_engine: Predicted bond FRA_Sustainabili_2015: score=26.7 [Medium-Low]
[2026-04-22 17:10:43,075] DEBUG greenlens.worldbank_climate: WB CKP API pr/FRA returned 404
[2026-04-22 17:10:43,075] DEBUG greenlens.worldbank_climate: WB flood fallback FRA \u2192 0.380
[2026-04-22 17:10:43,222] DEBUG greenlens.worldbank_climate: WB CKP API tas/FRA returned 404
[2026-04-22 17:10:43,222] DEBUG greenlens.worldbank_climate: WB heat fallback FRA \u2192 0.320
[2026-04-22 17:10:43,242] INFO greenlens.ml_engine: Predicted bond FRA_Sustainabili_2016: score=26.7 [Medium-Low]
[2026-04-22 17:10:43,939] DEBUG greenlens.worldbank_climate: WB CKP API pr/FRA returned 404
[2026-04-22 17:10:43,939] DEBUG greenlens.worldbank_climate: WB flood fallback FRA \u2192 0.380
[2026-04-22 17:10:44,009] DEBUG greenlens.worldbank_climate: WB CKP API tas/FRA returned 404
[2026-04-22 17:10:44,009] DEBUG greenlens.worldbank_climate: WB heat fallback FRA \u2192 0.320
[2026-04-22 17:10:44,049] INFO greenlens.ml_engine: Predicted bond FRA_Sustainabili_2017: score=26.7 [Medium-Low]
[2026-04-22 17:10:44,792] DEBUG greenlens.worldbank_climate: WB CKP API pr/FRA returned 404
[2026-04-22 17:10:44,792] DEBUG greenlens.worldbank_climate: WB flood fallback FRA \u2192 0.380
[2026-04-22 17:10:44,910] DEBUG greenlens.worldbank_climate: WB CKP API tas/FRA returned 404
[2026-04-22 17:10:44,910] DEBUG greenlens.worldbank_climate: WB heat fallback FRA \u2192 0.320
[2026-04-22 17:10:44,928] INFO greenlens.ml_engine: Predicted bond FRA_Sustainabili_2018: score=26.7 [Medium-Low]
[2026-04-22 17:10:45,742] DEBUG greenlens.worldbank_climate: WB CKP API pr/FRA returned 404
[2026-04-22 17:10:45,742] DEBUG greenlens.worldbank_climate: WB flood fallback FRA \u2192 0.380
[2026-04-22 17:10:45,887] DEBUG greenlens.worldbank_climate: WB CKP API tas/FRA returned 404
[2026-04-22 17:10:45,887] DEBUG greenlens.worldbank_climate: WB heat fallback FRA \u2192 0.320
[2026-04-22 17:10:45,906] INFO greenlens.ml_engine: Predicted bond FRA_Sustainabili_2019: score=26.7 [Medium-Low]
[2026-04-22 17:10:46,706] DEBUG greenlens.worldbank_climate: WB CKP API pr/FRA returned 404
[2026-04-22 17:10:46,706] DEBUG greenlens.worldbank_climate: WB flood fallback FRA \u2192 0.380
[2026-04-22 17:10:46,805] DEBUG greenlens.worldbank_climate: WB CKP API tas/FRA returned 404
[2026-04-22 17:10:46,805] DEBUG greenlens.worldbank_climate: WB heat fallback FRA \u2192 0.320
[2026-04-22 17:10:46,825] INFO greenlens.ml_engine: Predicted bond FRA_Sustainabili_2020: score=26.7 [Medium-Low]
[2026-04-22 17:10:47,521] DEBUG greenlens.worldbank_climate: WB CKP API pr/FRA returned 404
[2026-04-22 17:10:47,522] DEBUG greenlens.worldbank_climate: WB flood fallback FRA \u2192 0.380
[2026-04-22 17:10:47,627] DEBUG greenlens.worldbank_climate: WB CKP API tas/FRA returned 404
[2026-04-22 17:10:47,628] DEBUG greenlens.worldbank_climate: WB heat fallback FRA \u2192 0.320
[2026-04-22 17:10:47,647] INFO greenlens.ml_engine: Predicted bond FRA_Sustainabili_2021: score=26.7 [Medium-Low]
[2026-04-22 17:10:48,342] DEBUG greenlens.worldbank_climate: WB CKP API pr/FRA returned 404
[2026-04-22 17:10:48,343] DEBUG greenlens.worldbank_climate: WB flood fallback FRA \u2192 0.380
[2026-04-22 17:10:48,444] DEBUG greenlens.worldbank_climate: WB CKP API tas/FRA returned 404
[2026-04-22 17:10:48,445] DEBUG greenlens.worldbank_climate: WB heat fallback FRA \u2192 0.320
[2026-04-22 17:10:48,464] INFO greenlens.ml_engine: Predicted bond FRA_Sustainabili_2022: score=26.7 [Medium-Low]
[2026-04-22 17:10:49,161] DEBUG greenlens.worldbank_climate: WB CKP API pr/FRA returned 404
[2026-04-22 17:10:49,161] DEBUG greenlens.worldbank_climate: WB flood fallback FRA \u2192 0.380
[2026-04-22 17:10:49,264] DEBUG greenlens.worldbank_climate: WB CKP API tas/FRA returned 404
[2026-04-22 17:10:49,264] DEBUG greenlens.worldbank_climate: WB heat fallback FRA \u2192 0.320
[2026-04-22 17:10:49,291] INFO greenlens.ml_engine: Predicted bond FRA_Sustainabili_2023: score=26.7 [Medium-Low]
[2026-04-22 17:10:49,979] DEBUG greenlens.worldbank_climate: WB CKP API pr/FRA returned 404
[2026-04-22 17:10:49,979] DEBUG greenlens.worldbank_climate: WB flood fallback FRA \u2192 0.380
[2026-04-22 17:10:50,081] DEBUG greenlens.worldbank_climate: WB CKP API tas/FRA returned 404
[2026-04-22 17:10:50,081] DEBUG greenlens.worldbank_climate: WB heat fallback FRA \u2192 0.320
[2026-04-22 17:10:50,098] INFO greenlens.ml_engine: Predicted bond FRA_Sustainabili_2024: score=26.7 [Medium-Low]
[2026-04-22 17:10:50,695] DEBUG greenlens.worldbank_climate: WB CKP API pr/FRA returned 404
[2026-04-22 17:10:50,695] DEBUG greenlens.worldbank_climate: WB flood fallback FRA \u2192 0.380
[2026-04-22 17:10:50,764] DEBUG greenlens.worldbank_climate: WB CKP API tas/FRA returned 404
[2026-04-22 17:10:50,764] DEBUG greenlens.worldbank_climate: WB heat fallback FRA \u2192 0.320
[2026-04-22 17:10:50,780] INFO greenlens.ml_engine: Predicted bond FRA_Linked_Bond_2020: score=26.7 [Medium-Low]
[2026-04-22 17:10:51,925] DEBUG greenlens.worldbank_climate: WB CKP API pr/FRA returned 404
[2026-04-22 17:10:51,925] DEBUG greenlens.worldbank_climate: WB flood fallback FRA \u2192 0.380
[2026-04-22 17:10:51,998] DEBUG greenlens.worldbank_climate: WB CKP API tas/FRA returned 404
[2026-04-22 17:10:51,998] DEBUG greenlens.worldbank_climate: WB heat fallback FRA \u2192 0.320
[2026-04-22 17:10:52,020] INFO greenlens.ml_engine: Predicted bond FRA_Linked_Bond_2021: score=26.7 [Medium-Low]
[2026-04-22 17:10:52,744] DEBUG greenlens.worldbank_climate: WB CKP API pr/FRA returned 404
[2026-04-22 17:10:52,744] DEBUG greenlens.worldbank_climate: WB flood fallback FRA \u2192 0.380
[2026-04-22 17:10:52,846] DEBUG greenlens.worldbank_climate: WB CKP API tas/FRA returned 404
[2026-04-22 17:10:52,846] DEBUG greenlens.worldbank_climate: WB heat fallback FRA \u2192 0.320
[2026-04-22 17:10:52,869] INFO greenlens.ml_engine: Predicted bond FRA_Linked_Bond_2022: score=26.7 [Medium-Low]
[2026-04-22 17:10:53,665] DEBUG greenlens.worldbank_climate: WB CKP API pr/FRA returned 404
[2026-04-22 17:10:53,665] DEBUG greenlens.worldbank_climate: WB flood fallback FRA \u2192 0.380
[2026-04-22 17:10:53,760] DEBUG greenlens.worldbank_climate: WB CKP API tas/FRA returned 404
[2026-04-22 17:10:53,760] DEBUG greenlens.worldbank_climate: WB heat fallback FRA \u2192 0.320
[2026-04-22 17:10:53,776] INFO greenlens.ml_engine: Predicted bond FRA_Linked_Bond_2023: score=26.7 [Medium-Low]
[2026-04-22 17:10:54,383] DEBUG greenlens.worldbank_climate: WB CKP API pr/FRA returned 404
[2026-04-22 17:10:54,383] DEBUG greenlens.worldbank_climate: WB flood fallback FRA \u2192 0.380
[2026-04-22 17:10:54,485] DEBUG greenlens.worldbank_climate: WB CKP API tas/FRA returned 404
[2026-04-22 17:10:54,485] DEBUG greenlens.worldbank_climate: WB heat fallback FRA \u2192 0.320
[2026-04-22 17:10:54,512] INFO greenlens.ml_engine: Predicted bond FRA_Linked_Bond_2024: score=26.7 [Medium-Low]
[2026-04-22 17:10:55,258] DEBUG greenlens.worldbank_climate: WB CKP API pr/GEO returned 404
[2026-04-22 17:10:55,258] DEBUG greenlens.worldbank_climate: WB flood fallback GEO \u2192 0.420
[2026-04-22 17:10:55,405] DEBUG greenlens.worldbank_climate: WB CKP API tas/GEO returned 404
[2026-04-22 17:10:55,406] DEBUG greenlens.worldbank_climate: WB heat fallback GEO \u2192 0.350
[2026-04-22 17:10:55,421] INFO greenlens.ml_engine: Predicted bond GEO_Green_Bonds_2020: score=29.6 [Medium-Low]
[2026-04-22 17:10:56,022] DEBUG greenlens.worldbank_climate: WB CKP API pr/GEO returned 404
[2026-04-22 17:10:56,022] DEBUG greenlens.worldbank_climate: WB flood fallback GEO \u2192 0.420
[2026-04-22 17:10:56,122] DEBUG greenlens.worldbank_climate: WB CKP API tas/GEO returned 404
[2026-04-22 17:10:56,123] DEBUG greenlens.worldbank_climate: WB heat fallback GEO \u2192 0.350
[2026-04-22 17:10:56,141] INFO greenlens.ml_engine: Predicted bond GEO_Green_Bonds_2021: score=29.6 [Medium-Low]
[2026-04-22 17:10:56,739] DEBUG greenlens.worldbank_climate: WB CKP API pr/GEO returned 404
[2026-04-22 17:10:56,739] DEBUG greenlens.worldbank_climate: WB flood fallback GEO \u2192 0.420
[2026-04-22 17:10:56,840] DEBUG greenlens.worldbank_climate: WB CKP API tas/GEO returned 404
[2026-04-22 17:10:56,840] DEBUG greenlens.worldbank_climate: WB heat fallback GEO \u2192 0.350
[2026-04-22 17:10:56,863] INFO greenlens.ml_engine: Predicted bond GEO_Green_Bonds_2024: score=29.6 [Medium-Low]
[2026-04-22 17:10:57,655] DEBUG greenlens.worldbank_climate: WB CKP API pr/DEU returned 404
[2026-04-22 17:10:57,655] DEBUG greenlens.worldbank_climate: WB flood fallback DEU \u2192 0.350
[2026-04-22 17:10:58,173] DEBUG greenlens.worldbank_climate: WB CKP API tas/DEU returned 404
[2026-04-22 17:10:58,173] DEBUG greenlens.worldbank_climate: WB heat fallback DEU \u2192 0.300
[2026-04-22 17:10:58,194] INFO greenlens.ml_engine: Predicted bond DEU_Green_Bonds_2008: score=24.5 [Medium-Low]
[2026-04-22 17:10:58,887] DEBUG greenlens.worldbank_climate: WB CKP API pr/DEU returned 404
[2026-04-22 17:10:58,887] DEBUG greenlens.worldbank_climate: WB flood fallback DEU \u2192 0.350
[2026-04-22 17:10:58,986] DEBUG greenlens.worldbank_climate: WB CKP API tas/DEU returned 404
[2026-04-22 17:10:58,986] DEBUG greenlens.worldbank_climate: WB heat fallback DEU \u2192 0.300
[2026-04-22 17:10:59,005] INFO greenlens.ml_engine: Predicted bond DEU_Green_Bonds_2013: score=24.5 [Medium-Low]
[2026-04-22 17:10:59,561] DEBUG greenlens.worldbank_climate: WB CKP API pr/DEU returned 404
[2026-04-22 17:10:59,561] DEBUG greenlens.worldbank_climate: WB flood fallback DEU \u2192 0.350
[2026-04-22 17:10:59,706] DEBUG greenlens.worldbank_climate: WB CKP API tas/DEU returned 404
[2026-04-22 17:10:59,707] DEBUG greenlens.worldbank_climate: WB heat fallback DEU \u2192 0.300
[2026-04-22 17:10:59,722] INFO greenlens.ml_engine: Predicted bond DEU_Green_Bonds_2014: score=24.5 [Medium-Low]
[2026-04-22 17:11:00,323] DEBUG greenlens.worldbank_climate: WB CKP API pr/DEU returned 404
[2026-04-22 17:11:00,323] DEBUG greenlens.worldbank_climate: WB flood fallback DEU \u2192 0.350
[2026-04-22 17:11:00,425] DEBUG greenlens.worldbank_climate: WB CKP API tas/DEU returned 404
[2026-04-22 17:11:00,425] DEBUG greenlens.worldbank_climate: WB heat fallback DEU \u2192 0.300
[2026-04-22 17:11:00,453] INFO greenlens.ml_engine: Predicted bond DEU_Green_Bonds_2015: score=24.5 [Medium-Low]
[2026-04-22 17:11:01,038] DEBUG greenlens.worldbank_climate: WB CKP API pr/DEU returned 404
[2026-04-22 17:11:01,038] DEBUG greenlens.worldbank_climate: WB flood fallback DEU \u2192 0.350
[2026-04-22 17:11:01,141] DEBUG greenlens.worldbank_climate: WB CKP API tas/DEU returned 404
[2026-04-22 17:11:01,141] DEBUG greenlens.worldbank_climate: WB heat fallback DEU \u2192 0.300
[2026-04-22 17:11:01,159] INFO greenlens.ml_engine: Predicted bond DEU_Green_Bonds_2016: score=24.5 [Medium-Low]
[2026-04-22 17:11:01,653] DEBUG greenlens.worldbank_climate: WB CKP API pr/DEU returned 404
[2026-04-22 17:11:01,653] DEBUG greenlens.worldbank_climate: WB flood fallback DEU \u2192 0.350
[2026-04-22 17:11:01,721] DEBUG greenlens.worldbank_climate: WB CKP API tas/DEU returned 404
[2026-04-22 17:11:01,721] DEBUG greenlens.worldbank_climate: WB heat fallback DEU \u2192 0.300
[2026-04-22 17:11:01,739] INFO greenlens.ml_engine: Predicted bond DEU_Green_Bonds_2017: score=24.5 [Medium-Low]
[2026-04-22 17:11:02,370] DEBUG greenlens.worldbank_climate: WB CKP API pr/DEU returned 404
[2026-04-22 17:11:02,370] DEBUG greenlens.worldbank_climate: WB flood fallback DEU \u2192 0.350
[2026-04-22 17:11:02,472] DEBUG greenlens.worldbank_climate: WB CKP API tas/DEU returned 404
[2026-04-22 17:11:02,472] DEBUG greenlens.worldbank_climate: WB heat fallback DEU \u2192 0.300
[2026-04-22 17:11:02,491] INFO greenlens.ml_engine: Predicted bond DEU_Green_Bonds_2018: score=24.5 [Medium-Low]
[2026-04-22 17:11:03,621] DEBUG greenlens.worldbank_climate: WB CKP API pr/DEU returned 404
[2026-04-22 17:11:03,621] DEBUG greenlens.worldbank_climate: WB flood fallback DEU \u2192 0.350
[2026-04-22 17:11:03,697] DEBUG greenlens.worldbank_climate: WB CKP API tas/DEU returned 404
[2026-04-22 17:11:03,697] DEBUG greenlens.worldbank_climate: WB heat fallback DEU \u2192 0.300
[2026-04-22 17:11:03,717] INFO greenlens.ml_engine: Predicted bond DEU_Green_Bonds_2019: score=24.5 [Medium-Low]
[2026-04-22 17:11:04,375] DEBUG greenlens.worldbank_climate: WB CKP API pr/DEU returned 404
[2026-04-22 17:11:04,375] DEBUG greenlens.worldbank_climate: WB flood fallback DEU \u2192 0.350
[2026-04-22 17:11:04,521] DEBUG greenlens.worldbank_climate: WB CKP API tas/DEU returned 404
[2026-04-22 17:11:04,521] DEBUG greenlens.worldbank_climate: WB heat fallback DEU \u2192 0.300
[2026-04-22 17:11:04,543] INFO greenlens.ml_engine: Predicted bond DEU_Green_Bonds_2020: score=24.5 [Medium-Low]
[2026-04-22 17:11:05,136] DEBUG greenlens.worldbank_climate: WB CKP API pr/DEU returned 404
[2026-04-22 17:11:05,136] DEBUG greenlens.worldbank_climate: WB flood fallback DEU \u2192 0.350
[2026-04-22 17:11:05,236] DEBUG greenlens.worldbank_climate: WB CKP API tas/DEU returned 404
[2026-04-22 17:11:05,236] DEBUG greenlens.worldbank_climate: WB heat fallback DEU \u2192 0.300
[2026-04-22 17:11:05,263] INFO greenlens.ml_engine: Predicted bond DEU_Green_Bonds_2021: score=24.5 [Medium-Low]
[2026-04-22 17:11:05,812] DEBUG greenlens.worldbank_climate: WB CKP API pr/DEU returned 404
[2026-04-22 17:11:05,813] DEBUG greenlens.worldbank_climate: WB flood fallback DEU \u2192 0.350
[2026-04-22 17:11:05,955] DEBUG greenlens.worldbank_climate: WB CKP API tas/DEU returned 404
[2026-04-22 17:11:05,955] DEBUG greenlens.worldbank_climate: WB heat fallback DEU \u2192 0.300
[2026-04-22 17:11:05,974] INFO greenlens.ml_engine: Predicted bond DEU_Green_Bonds_2022: score=24.5 [Medium-Low]
[2026-04-22 17:11:06,670] DEBUG greenlens.worldbank_climate: WB CKP API pr/DEU returned 404
[2026-04-22 17:11:06,670] DEBUG greenlens.worldbank_climate: WB flood fallback DEU \u2192 0.350
[2026-04-22 17:11:06,772] DEBUG greenlens.worldbank_climate: WB CKP API tas/DEU returned 404
[2026-04-22 17:11:06,772] DEBUG greenlens.worldbank_climate: WB heat fallback DEU \u2192 0.300
[2026-04-22 17:11:06,787] INFO greenlens.ml_engine: Predicted bond DEU_Green_Bonds_2023: score=24.5 [Medium-Low]
[2026-04-22 17:11:07,591] DEBUG greenlens.worldbank_climate: WB CKP API pr/DEU returned 404
[2026-04-22 17:11:07,592] DEBUG greenlens.worldbank_climate: WB flood fallback DEU \u2192 0.350
[2026-04-22 17:11:07,698] DEBUG greenlens.worldbank_climate: WB CKP API tas/DEU returned 404
[2026-04-22 17:11:07,698] DEBUG greenlens.worldbank_climate: WB heat fallback DEU \u2192 0.300
[2026-04-22 17:11:07,722] INFO greenlens.ml_engine: Predicted bond DEU_Green_Bonds_2024: score=24.5 [Medium-Low]
[2026-04-22 17:11:08,819] DEBUG greenlens.worldbank_climate: WB CKP API pr/DEU returned 404
[2026-04-22 17:11:08,819] DEBUG greenlens.worldbank_climate: WB flood fallback DEU \u2192 0.350
[2026-04-22 17:11:08,922] DEBUG greenlens.worldbank_climate: WB CKP API tas/DEU returned 404
[2026-04-22 17:11:08,922] DEBUG greenlens.worldbank_climate: WB heat fallback DEU \u2192 0.300
[2026-04-22 17:11:08,949] INFO greenlens.ml_engine: Predicted bond DEU_Social_Bond_2016: score=24.5 [Medium-Low]
[2026-04-22 17:11:09,537] DEBUG greenlens.worldbank_climate: WB CKP API pr/DEU returned 404
[2026-04-22 17:11:09,537] DEBUG greenlens.worldbank_climate: WB flood fallback DEU \u2192 0.350
[2026-04-22 17:11:09,639] DEBUG greenlens.worldbank_climate: WB CKP API tas/DEU returned 404
[2026-04-22 17:11:09,639] DEBUG greenlens.worldbank_climate: WB heat fallback DEU \u2192 0.300
[2026-04-22 17:11:09,653] INFO greenlens.ml_engine: Predicted bond DEU_Social_Bond_2017: score=24.5 [Medium-Low]
[2026-04-22 17:11:10,255] DEBUG greenlens.worldbank_climate: WB CKP API pr/DEU returned 404
[2026-04-22 17:11:10,255] DEBUG greenlens.worldbank_climate: WB flood fallback DEU \u2192 0.350
[2026-04-22 17:11:10,357] DEBUG greenlens.worldbank_climate: WB CKP API tas/DEU returned 404
[2026-04-22 17:11:10,357] DEBUG greenlens.worldbank_climate: WB heat fallback DEU \u2192 0.300
[2026-04-22 17:11:10,379] INFO greenlens.ml_engine: Predicted bond DEU_Social_Bond_2018: score=24.5 [Medium-Low]
[2026-04-22 17:11:10,919] DEBUG greenlens.worldbank_climate: WB CKP API pr/DEU returned 404
[2026-04-22 17:11:10,919] DEBUG greenlens.worldbank_climate: WB flood fallback DEU \u2192 0.350
[2026-04-22 17:11:10,996] DEBUG greenlens.worldbank_climate: WB CKP API tas/DEU returned 404
[2026-04-22 17:11:10,996] DEBUG greenlens.worldbank_climate: WB heat fallback DEU \u2192 0.300
[2026-04-22 17:11:11,020] INFO greenlens.ml_engine: Predicted bond DEU_Social_Bond_2019: score=24.5 [Medium-Low]
[2026-04-22 17:11:11,822] DEBUG greenlens.worldbank_climate: WB CKP API pr/DEU returned 404
[2026-04-22 17:11:11,823] DEBUG greenlens.worldbank_climate: WB flood fallback DEU \u2192 0.350
[2026-04-22 17:11:11,894] DEBUG greenlens.worldbank_climate: WB CKP API tas/DEU returned 404
[2026-04-22 17:11:11,894] DEBUG greenlens.worldbank_climate: WB heat fallback DEU \u2192 0.300
[2026-04-22 17:11:11,919] INFO greenlens.ml_engine: Predicted bond DEU_Social_Bond_2020: score=24.5 [Medium-Low]
[2026-04-22 17:11:13,017] DEBUG greenlens.worldbank_climate: WB CKP API pr/DEU returned 404
[2026-04-22 17:11:13,019] DEBUG greenlens.worldbank_climate: WB flood fallback DEU \u2192 0.350
[2026-04-22 17:11:13,099] DEBUG greenlens.worldbank_climate: WB CKP API tas/DEU returned 404
[2026-04-22 17:11:13,099] DEBUG greenlens.worldbank_climate: WB heat fallback DEU \u2192 0.300
[2026-04-22 17:11:13,122] INFO greenlens.ml_engine: Predicted bond DEU_Social_Bond_2021: score=24.5 [Medium-Low]
[2026-04-22 17:11:13,845] DEBUG greenlens.worldbank_climate: WB CKP API pr/DEU returned 404
[2026-04-22 17:11:13,845] DEBUG greenlens.worldbank_climate: WB flood fallback DEU \u2192 0.350
[2026-04-22 17:11:13,940] DEBUG greenlens.worldbank_climate: WB CKP API tas/DEU returned 404
[2026-04-22 17:11:13,941] DEBUG greenlens.worldbank_climate: WB heat fallback DEU \u2192 0.300
[2026-04-22 17:11:13,967] INFO greenlens.ml_engine: Predicted bond DEU_Social_Bond_2022: score=24.5 [Medium-Low]
[2026-04-22 17:11:14,657] DEBUG greenlens.worldbank_climate: WB CKP API pr/DEU returned 404
[2026-04-22 17:11:14,657] DEBUG greenlens.worldbank_climate: WB flood fallback DEU \u2192 0.350
[2026-04-22 17:11:14,760] DEBUG greenlens.worldbank_climate: WB CKP API tas/DEU returned 404
[2026-04-22 17:11:14,760] DEBUG greenlens.worldbank_climate: WB heat fallback DEU \u2192 0.300
[2026-04-22 17:11:14,785] INFO greenlens.ml_engine: Predicted bond DEU_Social_Bond_2023: score=24.5 [Medium-Low]
[2026-04-22 17:11:15,477] DEBUG greenlens.worldbank_climate: WB CKP API pr/DEU returned 404
[2026-04-22 17:11:15,477] DEBUG greenlens.worldbank_climate: WB flood fallback DEU \u2192 0.350
[2026-04-22 17:11:15,579] DEBUG greenlens.worldbank_climate: WB CKP API tas/DEU returned 404
[2026-04-22 17:11:15,579] DEBUG greenlens.worldbank_climate: WB heat fallback DEU \u2192 0.300
[2026-04-22 17:11:15,599] INFO greenlens.ml_engine: Predicted bond DEU_Social_Bond_2024: score=24.5 [Medium-Low]
[2026-04-22 17:11:16,193] DEBUG greenlens.worldbank_climate: WB CKP API pr/DEU returned 404
[2026-04-22 17:11:16,193] DEBUG greenlens.worldbank_climate: WB flood fallback DEU \u2192 0.350
[2026-04-22 17:11:16,260] DEBUG greenlens.worldbank_climate: WB CKP API tas/DEU returned 404
[2026-04-22 17:11:16,260] DEBUG greenlens.worldbank_climate: WB heat fallback DEU \u2192 0.300
[2026-04-22 17:11:16,287] INFO greenlens.ml_engine: Predicted bond DEU_Sustainabili_2014: score=24.5 [Medium-Low]
[2026-04-22 17:11:17,015] DEBUG greenlens.worldbank_climate: WB CKP API pr/DEU returned 404
[2026-04-22 17:11:17,016] DEBUG greenlens.worldbank_climate: WB flood fallback DEU \u2192 0.350
[2026-04-22 17:11:17,087] DEBUG greenlens.worldbank_climate: WB CKP API tas/DEU returned 404
[2026-04-22 17:11:17,087] DEBUG greenlens.worldbank_climate: WB heat fallback DEU \u2192 0.300
[2026-04-22 17:11:17,111] INFO greenlens.ml_engine: Predicted bond DEU_Sustainabili_2015: score=24.5 [Medium-Low]
[2026-04-22 17:11:18,241] DEBUG greenlens.worldbank_climate: WB CKP API pr/DEU returned 404
[2026-04-22 17:11:18,241] DEBUG greenlens.worldbank_climate: WB flood fallback DEU \u2192 0.350
[2026-04-22 17:11:18,344] DEBUG greenlens.worldbank_climate: WB CKP API tas/DEU returned 404
[2026-04-22 17:11:18,344] DEBUG greenlens.worldbank_climate: WB heat fallback DEU \u2192 0.300
[2026-04-22 17:11:18,367] INFO greenlens.ml_engine: Predicted bond DEU_Sustainabili_2016: score=24.5 [Medium-Low]
[2026-04-22 17:11:18,920] DEBUG greenlens.worldbank_climate: WB CKP API pr/DEU returned 404
[2026-04-22 17:11:18,921] DEBUG greenlens.worldbank_climate: WB flood fallback DEU \u2192 0.350
[2026-04-22 17:11:19,059] DEBUG greenlens.worldbank_climate: WB CKP API tas/DEU returned 404
[2026-04-22 17:11:19,060] DEBUG greenlens.worldbank_climate: WB heat fallback DEU \u2192 0.300
[2026-04-22 17:11:19,079] INFO greenlens.ml_engine: Predicted bond DEU_Sustainabili_2017: score=24.5 [Medium-Low]
[2026-04-22 17:11:19,683] DEBUG greenlens.worldbank_climate: WB CKP API pr/DEU returned 404
[2026-04-22 17:11:19,683] DEBUG greenlens.worldbank_climate: WB flood fallback DEU \u2192 0.350
[2026-04-22 17:11:19,779] DEBUG greenlens.worldbank_climate: WB CKP API tas/DEU returned 404
[2026-04-22 17:11:19,779] DEBUG greenlens.worldbank_climate: WB heat fallback DEU \u2192 0.300
[2026-04-22 17:11:19,803] INFO greenlens.ml_engine: Predicted bond DEU_Sustainabili_2018: score=24.5 [Medium-Low]
[2026-04-22 17:11:20,493] DEBUG greenlens.worldbank_climate: WB CKP API pr/DEU returned 404
[2026-04-22 17:11:20,493] DEBUG greenlens.worldbank_climate: WB flood fallback DEU \u2192 0.350
[2026-04-22 17:11:20,563] DEBUG greenlens.worldbank_climate: WB CKP API tas/DEU returned 404
[2026-04-22 17:11:20,563] DEBUG greenlens.worldbank_climate: WB heat fallback DEU \u2192 0.300
[2026-04-22 17:11:20,586] INFO greenlens.ml_engine: Predicted bond DEU_Sustainabili_2019: score=24.5 [Medium-Low]
[2026-04-22 17:11:21,314] DEBUG greenlens.worldbank_climate: WB CKP API pr/DEU returned 404
[2026-04-22 17:11:21,314] DEBUG greenlens.worldbank_climate: WB flood fallback DEU \u2192 0.350
[2026-04-22 17:11:21,426] DEBUG greenlens.worldbank_climate: WB CKP API tas/DEU returned 404
[2026-04-22 17:11:21,426] DEBUG greenlens.worldbank_climate: WB heat fallback DEU \u2192 0.300
[2026-04-22 17:11:21,454] INFO greenlens.ml_engine: Predicted bond DEU_Sustainabili_2020: score=24.5 [Medium-Low]
[2026-04-22 17:11:22,234] DEBUG greenlens.worldbank_climate: WB CKP API pr/DEU returned 404
[2026-04-22 17:11:22,234] DEBUG greenlens.worldbank_climate: WB flood fallback DEU \u2192 0.350
[2026-04-22 17:11:22,337] DEBUG greenlens.worldbank_climate: WB CKP API tas/DEU returned 404
[2026-04-22 17:11:22,337] DEBUG greenlens.worldbank_climate: WB heat fallback DEU \u2192 0.300
[2026-04-22 17:11:22,363] INFO greenlens.ml_engine: Predicted bond DEU_Sustainabili_2021: score=24.5 [Medium-Low]
[2026-04-22 17:11:23,164] DEBUG greenlens.worldbank_climate: WB CKP API pr/DEU returned 404
[2026-04-22 17:11:23,164] DEBUG greenlens.worldbank_climate: WB flood fallback DEU \u2192 0.350
[2026-04-22 17:11:23,986] DEBUG greenlens.worldbank_climate: WB CKP API tas/DEU returned 404
[2026-04-22 17:11:23,987] DEBUG greenlens.worldbank_climate: WB heat fallback DEU \u2192 0.300
[2026-04-22 17:11:24,010] INFO greenlens.ml_engine: Predicted bond DEU_Sustainabili_2022: score=24.5 [Medium-Low]
[2026-04-22 17:11:24,593] DEBUG greenlens.worldbank_climate: WB CKP API pr/DEU returned 404
[2026-04-22 17:11:24,594] DEBUG greenlens.worldbank_climate: WB flood fallback DEU \u2192 0.350
[2026-04-22 17:11:24,692] DEBUG greenlens.worldbank_climate: WB CKP API tas/DEU returned 404
[2026-04-22 17:11:24,693] DEBUG greenlens.worldbank_climate: WB heat fallback DEU \u2192 0.300
[2026-04-22 17:11:24,710] INFO greenlens.ml_engine: Predicted bond DEU_Sustainabili_2023: score=24.5 [Medium-Low]
[2026-04-22 17:11:25,408] DEBUG greenlens.worldbank_climate: WB CKP API pr/DEU returned 404
[2026-04-22 17:11:25,408] DEBUG greenlens.worldbank_climate: WB flood fallback DEU \u2192 0.350
[2026-04-22 17:11:25,511] DEBUG greenlens.worldbank_climate: WB CKP API tas/DEU returned 404
[2026-04-22 17:11:25,511] DEBUG greenlens.worldbank_climate: WB heat fallback DEU \u2192 0.300
[2026-04-22 17:11:25,539] INFO greenlens.ml_engine: Predicted bond DEU_Sustainabili_2024: score=24.5 [Medium-Low]
[2026-04-22 17:11:26,205] DEBUG greenlens.worldbank_climate: WB CKP API pr/DEU returned 404
[2026-04-22 17:11:26,205] DEBUG greenlens.worldbank_climate: WB flood fallback DEU \u2192 0.350
[2026-04-22 17:11:26,330] DEBUG greenlens.worldbank_climate: WB CKP API tas/DEU returned 404
[2026-04-22 17:11:26,331] DEBUG greenlens.worldbank_climate: WB heat fallback DEU \u2192 0.300
[2026-04-22 17:11:26,350] INFO greenlens.ml_engine: Predicted bond DEU_Linked_Bond_2021: score=24.5 [Medium-Low]
[2026-04-22 17:11:26,946] DEBUG greenlens.worldbank_climate: WB CKP API pr/DEU returned 404
[2026-04-22 17:11:26,946] DEBUG greenlens.worldbank_climate: WB flood fallback DEU \u2192 0.350
[2026-04-22 17:11:27,047] DEBUG greenlens.worldbank_climate: WB CKP API tas/DEU returned 404
[2026-04-22 17:11:27,048] DEBUG greenlens.worldbank_climate: WB heat fallback DEU \u2192 0.300
[2026-04-22 17:11:27,064] INFO greenlens.ml_engine: Predicted bond DEU_Linked_Bond_2022: score=24.5 [Medium-Low]
[2026-04-22 17:11:27,825] DEBUG greenlens.worldbank_climate: WB CKP API pr/DEU returned 404
[2026-04-22 17:11:27,826] DEBUG greenlens.worldbank_climate: WB flood fallback DEU \u2192 0.350
[2026-04-22 17:11:27,898] DEBUG greenlens.worldbank_climate: WB CKP API tas/DEU returned 404
[2026-04-22 17:11:27,898] DEBUG greenlens.worldbank_climate: WB heat fallback DEU \u2192 0.300
[2026-04-22 17:11:27,918] INFO greenlens.ml_engine: Predicted bond DEU_Linked_Bond_2023: score=24.5 [Medium-Low]
[2026-04-22 17:11:28,787] DEBUG greenlens.worldbank_climate: WB CKP API pr/DEU returned 404
[2026-04-22 17:11:28,787] DEBUG greenlens.worldbank_climate: WB flood fallback DEU \u2192 0.350
[2026-04-22 17:11:28,889] DEBUG greenlens.worldbank_climate: WB CKP API tas/DEU returned 404
[2026-04-22 17:11:28,890] DEBUG greenlens.worldbank_climate: WB heat fallback DEU \u2192 0.300
[2026-04-22 17:11:28,907] INFO greenlens.ml_engine: Predicted bond DEU_Linked_Bond_2024: score=24.5 [Medium-Low]
[2026-04-22 17:11:29,505] DEBUG greenlens.worldbank_climate: WB CKP API pr/GRC returned 404
[2026-04-22 17:11:29,506] DEBUG greenlens.worldbank_climate: WB flood fallback GRC \u2192 0.380
[2026-04-22 17:11:29,574] DEBUG greenlens.worldbank_climate: WB CKP API tas/GRC returned 404
[2026-04-22 17:11:29,574] DEBUG greenlens.worldbank_climate: WB heat fallback GRC \u2192 0.520
[2026-04-22 17:11:29,592] INFO greenlens.ml_engine: Predicted bond GRC_Green_Bonds_2019: score=33.4 [Medium-Low]
[2026-04-22 17:11:30,296] DEBUG greenlens.worldbank_climate: WB CKP API pr/GRC returned 404
[2026-04-22 17:11:30,296] DEBUG greenlens.worldbank_climate: WB flood fallback GRC \u2192 0.380
[2026-04-22 17:11:30,388] DEBUG greenlens.worldbank_climate: WB CKP API tas/GRC returned 404
[2026-04-22 17:11:30,389] DEBUG greenlens.worldbank_climate: WB heat fallback GRC \u2192 0.520
[2026-04-22 17:11:30,409] INFO greenlens.ml_engine: Predicted bond GRC_Green_Bonds_2020: score=33.4 [Medium-Low]
[2026-04-22 17:11:30,946] DEBUG greenlens.worldbank_climate: WB CKP API pr/GRC returned 404
[2026-04-22 17:11:30,946] DEBUG greenlens.worldbank_climate: WB flood fallback GRC \u2192 0.380
[2026-04-22 17:11:31,021] DEBUG greenlens.worldbank_climate: WB CKP API tas/GRC returned 404
[2026-04-22 17:11:31,022] DEBUG greenlens.worldbank_climate: WB heat fallback GRC \u2192 0.520
[2026-04-22 17:11:31,038] INFO greenlens.ml_engine: Predicted bond GRC_Green_Bonds_2021: score=33.4 [Medium-Low]
[2026-04-22 17:11:31,758] DEBUG greenlens.worldbank_climate: WB CKP API pr/GRC returned 404
[2026-04-22 17:11:31,758] DEBUG greenlens.worldbank_climate: WB flood fallback GRC \u2192 0.380
[2026-04-22 17:11:31,828] DEBUG greenlens.worldbank_climate: WB CKP API tas/GRC returned 404
[2026-04-22 17:11:31,828] DEBUG greenlens.worldbank_climate: WB heat fallback GRC \u2192 0.520
[2026-04-22 17:11:31,846] INFO greenlens.ml_engine: Predicted bond GRC_Green_Bonds_2022: score=33.4 [Medium-Low]
[2026-04-22 17:11:32,532] DEBUG greenlens.worldbank_climate: WB CKP API pr/GRC returned 404
[2026-04-22 17:11:32,532] DEBUG greenlens.worldbank_climate: WB flood fallback GRC \u2192 0.380
[2026-04-22 17:11:32,679] DEBUG greenlens.worldbank_climate: WB CKP API tas/GRC returned 404
[2026-04-22 17:11:32,679] DEBUG greenlens.worldbank_climate: WB heat fallback GRC \u2192 0.520
[2026-04-22 17:11:32,708] INFO greenlens.ml_engine: Predicted bond GRC_Green_Bonds_2024: score=33.4 [Medium-Low]
[2026-04-22 17:11:33,351] DEBUG greenlens.worldbank_climate: WB CKP API pr/GRC returned 404
[2026-04-22 17:11:33,352] DEBUG greenlens.worldbank_climate: WB flood fallback GRC \u2192 0.380
[2026-04-22 17:11:33,499] DEBUG greenlens.worldbank_climate: WB CKP API tas/GRC returned 404
[2026-04-22 17:11:33,499] DEBUG greenlens.worldbank_climate: WB heat fallback GRC \u2192 0.520
[2026-04-22 17:11:33,522] INFO greenlens.ml_engine: Predicted bond GRC_Linked_Bond_2021: score=33.4 [Medium-Low]
[2026-04-22 17:11:34,136] DEBUG greenlens.worldbank_climate: WB CKP API pr/GTM returned 404
[2026-04-22 17:11:34,136] DEBUG greenlens.worldbank_climate: WB flood fallback GTM \u2192 0.620
[2026-04-22 17:11:34,215] DEBUG greenlens.worldbank_climate: WB CKP API tas/GTM returned 404
[2026-04-22 17:11:34,216] DEBUG greenlens.worldbank_climate: WB heat fallback GTM \u2192 0.680
[2026-04-22 17:11:34,234] INFO greenlens.ml_engine: Predicted bond GTM_Social_Bond_2020: score=48.6 [Medium-High]
[2026-04-22 17:11:34,887] DEBUG greenlens.worldbank_climate: WB CKP API pr/GTM returned 404
[2026-04-22 17:11:34,887] DEBUG greenlens.worldbank_climate: WB flood fallback GTM \u2192 0.620
[2026-04-22 17:11:35,034] DEBUG greenlens.worldbank_climate: WB CKP API tas/GTM returned 404
[2026-04-22 17:11:35,034] DEBUG greenlens.worldbank_climate: WB heat fallback GTM \u2192 0.680
[2026-04-22 17:11:35,050] INFO greenlens.ml_engine: Predicted bond GTM_Sustainabili_2024: score=48.6 [Medium-High]
[2026-04-22 17:11:35,609] DEBUG greenlens.worldbank_climate: WB CKP API pr/GGY returned 404
[2026-04-22 17:11:35,609] DEBUG greenlens.worldbank_climate: WB flood fallback GGY \u2192 0.400
[2026-04-22 17:11:35,753] DEBUG greenlens.worldbank_climate: WB CKP API tas/GGY returned 404
[2026-04-22 17:11:35,754] DEBUG greenlens.worldbank_climate: WB heat fallback GGY \u2192 0.450
[2026-04-22 17:11:35,779] INFO greenlens.ml_engine: Predicted bond GGY_Green_Bonds_2019: score=31.8 [Medium-Low]
[2026-04-22 17:11:36,525] DEBUG greenlens.worldbank_climate: WB CKP API pr/GGY returned 404
[2026-04-22 17:11:36,525] DEBUG greenlens.worldbank_climate: WB flood fallback GGY \u2192 0.400
[2026-04-22 17:11:36,673] DEBUG greenlens.worldbank_climate: WB CKP API tas/GGY returned 404
[2026-04-22 17:11:36,674] DEBUG greenlens.worldbank_climate: WB heat fallback GGY \u2192 0.450
[2026-04-22 17:11:36,695] INFO greenlens.ml_engine: Predicted bond GGY_Green_Bonds_2020: score=31.8 [Medium-Low]
[2026-04-22 17:11:37,325] DEBUG greenlens.worldbank_climate: WB CKP API pr/GGY returned 404
[2026-04-22 17:11:37,325] DEBUG greenlens.worldbank_climate: WB flood fallback GGY \u2192 0.400
[2026-04-22 17:11:37,397] DEBUG greenlens.worldbank_climate: WB CKP API tas/GGY returned 404
[2026-04-22 17:11:37,397] DEBUG greenlens.worldbank_climate: WB heat fallback GGY \u2192 0.450
[2026-04-22 17:11:37,423] INFO greenlens.ml_engine: Predicted bond GGY_Green_Bonds_2021: score=31.8 [Medium-Low]
[2026-04-22 17:11:37,901] DEBUG greenlens.worldbank_climate: WB CKP API pr/GGY returned 404
[2026-04-22 17:11:37,901] DEBUG greenlens.worldbank_climate: WB flood fallback GGY \u2192 0.400
[2026-04-22 17:11:37,971] DEBUG greenlens.worldbank_climate: WB CKP API tas/GGY returned 404
[2026-04-22 17:11:37,971] DEBUG greenlens.worldbank_climate: WB heat fallback GGY \u2192 0.450
[2026-04-22 17:11:37,984] INFO greenlens.ml_engine: Predicted bond GGY_Green_Bonds_2024: score=31.8 [Medium-Low]
[2026-04-22 17:11:38,603] DEBUG greenlens.worldbank_climate: WB CKP API pr/GNB returned 404
[2026-04-22 17:11:38,603] DEBUG greenlens.worldbank_climate: WB flood fallback GNB \u2192 0.400
[2026-04-22 17:11:38,680] DEBUG greenlens.worldbank_climate: WB CKP API tas/GNB returned 404
[2026-04-22 17:11:38,680] DEBUG greenlens.worldbank_climate: WB heat fallback GNB \u2192 0.450
[2026-04-22 17:11:38,703] INFO greenlens.ml_engine: Predicted bond GNB_Social_Bond_2020: score=31.8 [Medium-Low]
[2026-04-22 17:11:39,277] DEBUG greenlens.worldbank_climate: WB CKP API pr/GNB returned 404
[2026-04-22 17:11:39,278] DEBUG greenlens.worldbank_climate: WB flood fallback GNB \u2192 0.400
[2026-04-22 17:11:39,346] DEBUG greenlens.worldbank_climate: WB CKP API tas/GNB returned 404
[2026-04-22 17:11:39,346] DEBUG greenlens.worldbank_climate: WB heat fallback GNB \u2192 0.450
[2026-04-22 17:11:39,363] INFO greenlens.ml_engine: Predicted bond GNB_Social_Bond_2021: score=31.8 [Medium-Low]
[2026-04-22 17:11:39,911] DEBUG greenlens.worldbank_climate: WB CKP API pr/GNB returned 404
[2026-04-22 17:11:39,912] DEBUG greenlens.worldbank_climate: WB flood fallback GNB \u2192 0.400
[2026-04-22 17:11:39,975] DEBUG greenlens.worldbank_climate: WB CKP API tas/GNB returned 404
[2026-04-22 17:11:39,976] DEBUG greenlens.worldbank_climate: WB heat fallback GNB \u2192 0.450
[2026-04-22 17:11:40,000] INFO greenlens.ml_engine: Predicted bond GNB_Social_Bond_2022: score=31.8 [Medium-Low]
[2026-04-22 17:11:40,528] DEBUG greenlens.worldbank_climate: WB CKP API pr/HND returned 404
[2026-04-22 17:11:40,528] DEBUG greenlens.worldbank_climate: WB flood fallback HND \u2192 0.650
[2026-04-22 17:11:40,662] DEBUG greenlens.worldbank_climate: WB CKP API tas/HND returned 404
[2026-04-22 17:11:40,662] DEBUG greenlens.worldbank_climate: WB heat fallback HND \u2192 0.700
[2026-04-22 17:11:40,681] INFO greenlens.ml_engine: Predicted bond HND_Green_Bonds_2016: score=50.5 [Medium-High]
[2026-04-22 17:11:41,382] DEBUG greenlens.worldbank_climate: WB CKP API pr/HND returned 404
[2026-04-22 17:11:41,382] DEBUG greenlens.worldbank_climate: WB flood fallback HND \u2192 0.650
[2026-04-22 17:11:41,468] DEBUG greenlens.worldbank_climate: WB CKP API tas/HND returned 404
[2026-04-22 17:11:41,468] DEBUG greenlens.worldbank_climate: WB heat fallback HND \u2192 0.700
[2026-04-22 17:11:41,489] INFO greenlens.ml_engine: Predicted bond HND_Green_Bonds_2019: score=50.5 [Medium-High]
[2026-04-22 17:11:42,399] DEBUG greenlens.worldbank_climate: WB CKP API pr/HND returned 404
[2026-04-22 17:11:42,399] DEBUG greenlens.worldbank_climate: WB flood fallback HND \u2192 0.650
[2026-04-22 17:11:42,471] DEBUG greenlens.worldbank_climate: WB CKP API tas/HND returned 404
[2026-04-22 17:11:42,472] DEBUG greenlens.worldbank_climate: WB heat fallback HND \u2192 0.700
[2026-04-22 17:11:42,489] INFO greenlens.ml_engine: Predicted bond HND_Green_Bonds_2021: score=50.5 [Medium-High]
[2026-04-22 17:11:43,123] DEBUG greenlens.worldbank_climate: WB CKP API pr/HND returned 404
[2026-04-22 17:11:43,124] DEBUG greenlens.worldbank_climate: WB flood fallback HND \u2192 0.650
[2026-04-22 17:11:43,219] DEBUG greenlens.worldbank_climate: WB CKP API tas/HND returned 404
[2026-04-22 17:11:43,220] DEBUG greenlens.worldbank_climate: WB heat fallback HND \u2192 0.700
[2026-04-22 17:11:43,244] INFO greenlens.ml_engine: Predicted bond HND_Green_Bonds_2022: score=50.5 [Medium-High]
[2026-04-22 17:11:43,841] DEBUG greenlens.worldbank_climate: WB CKP API pr/HND returned 404
[2026-04-22 17:11:43,841] DEBUG greenlens.worldbank_climate: WB flood fallback HND \u2192 0.650
[2026-04-22 17:11:43,926] DEBUG greenlens.worldbank_climate: WB CKP API tas/HND returned 404
[2026-04-22 17:11:43,926] DEBUG greenlens.worldbank_climate: WB heat fallback HND \u2192 0.700
[2026-04-22 17:11:43,953] INFO greenlens.ml_engine: Predicted bond HND_Green_Bonds_2023: score=50.5 [Medium-High]
[2026-04-22 17:11:47,130] DEBUG greenlens.worldbank_climate: WB CKP API pr/HND returned 404
[2026-04-22 17:11:47,131] DEBUG greenlens.worldbank_climate: WB flood fallback HND \u2192 0.650
[2026-04-22 17:11:47,290] DEBUG greenlens.worldbank_climate: WB CKP API tas/HND returned 404
[2026-04-22 17:11:47,290] DEBUG greenlens.worldbank_climate: WB heat fallback HND \u2192 0.700
[2026-04-22 17:11:47,307] INFO greenlens.ml_engine: Predicted bond HND_Social_Bond_2020: score=50.5 [Medium-High]
[2026-04-22 17:11:47,944] DEBUG greenlens.worldbank_climate: WB CKP API pr/HND returned 404
[2026-04-22 17:11:47,944] DEBUG greenlens.worldbank_climate: WB flood fallback HND \u2192 0.650
[2026-04-22 17:11:48,020] DEBUG greenlens.worldbank_climate: WB CKP API tas/HND returned 404
[2026-04-22 17:11:48,020] DEBUG greenlens.worldbank_climate: WB heat fallback HND \u2192 0.700
[2026-04-22 17:11:48,042] INFO greenlens.ml_engine: Predicted bond HND_Social_Bond_2021: score=50.5 [Medium-High]
[2026-04-22 17:11:48,654] DEBUG greenlens.worldbank_climate: WB CKP API pr/HND returned 404
[2026-04-22 17:11:48,654] DEBUG greenlens.worldbank_climate: WB flood fallback HND \u2192 0.650
[2026-04-22 17:11:48,729] DEBUG greenlens.worldbank_climate: WB CKP API tas/HND returned 404
[2026-04-22 17:11:48,729] DEBUG greenlens.worldbank_climate: WB heat fallback HND \u2192 0.700
[2026-04-22 17:11:48,754] INFO greenlens.ml_engine: Predicted bond HND_Social_Bond_2022: score=50.5 [Medium-High]
[2026-04-22 17:11:49,443] DEBUG greenlens.worldbank_climate: WB CKP API pr/HND returned 404
[2026-04-22 17:11:49,443] DEBUG greenlens.worldbank_climate: WB flood fallback HND \u2192 0.650
[2026-04-22 17:11:49,516] DEBUG greenlens.worldbank_climate: WB CKP API tas/HND returned 404
[2026-04-22 17:11:49,516] DEBUG greenlens.worldbank_climate: WB heat fallback HND \u2192 0.700
[2026-04-22 17:11:49,533] INFO greenlens.ml_engine: Predicted bond HND_Social_Bond_2023: score=50.5 [Medium-High]
[2026-04-22 17:11:50,189] DEBUG greenlens.worldbank_climate: WB CKP API pr/HND returned 404
[2026-04-22 17:11:50,189] DEBUG greenlens.worldbank_climate: WB flood fallback HND \u2192 0.650
[2026-04-22 17:11:50,253] DEBUG greenlens.worldbank_climate: WB CKP API tas/HND returned 404
[2026-04-22 17:11:50,254] DEBUG greenlens.worldbank_climate: WB heat fallback HND \u2192 0.700
[2026-04-22 17:11:50,279] INFO greenlens.ml_engine: Predicted bond HND_Social_Bond_2024: score=50.5 [Medium-High]
[2026-04-22 17:11:50,904] DEBUG greenlens.worldbank_climate: WB CKP API pr/HND returned 404
[2026-04-22 17:11:50,905] DEBUG greenlens.worldbank_climate: WB flood fallback HND \u2192 0.650
[2026-04-22 17:11:50,979] DEBUG greenlens.worldbank_climate: WB CKP API tas/HND returned 404
[2026-04-22 17:11:50,979] DEBUG greenlens.worldbank_climate: WB heat fallback HND \u2192 0.700
[2026-04-22 17:11:50,998] INFO greenlens.ml_engine: Predicted bond HND_Sustainabili_2024: score=50.5 [Medium-High]
[2026-04-22 17:11:51,724] DEBUG greenlens.worldbank_climate: WB CKP API pr/HUN returned 404
[2026-04-22 17:11:51,724] DEBUG greenlens.worldbank_climate: WB flood fallback HUN \u2192 0.400
[2026-04-22 17:11:53,335] DEBUG greenlens.worldbank_climate: WB CKP API tas/HUN returned 404
[2026-04-22 17:11:53,335] DEBUG greenlens.worldbank_climate: WB heat fallback HUN \u2192 0.450
[2026-04-22 17:11:53,352] INFO greenlens.ml_engine: Predicted bond HUN_Green_Bonds_2020: score=31.8 [Medium-Low]
[2026-04-22 17:11:53,937] DEBUG greenlens.worldbank_climate: WB CKP API pr/HUN returned 404
[2026-04-22 17:11:53,937] DEBUG greenlens.worldbank_climate: WB flood fallback HUN \u2192 0.400
[2026-04-22 17:11:54,080] DEBUG greenlens.worldbank_climate: WB CKP API tas/HUN returned 404
[2026-04-22 17:11:54,080] DEBUG greenlens.worldbank_climate: WB heat fallback HUN \u2192 0.450
[2026-04-22 17:11:54,099] INFO greenlens.ml_engine: Predicted bond HUN_Green_Bonds_2021: score=31.8 [Medium-Low]
[2026-04-22 17:11:54,661] DEBUG greenlens.worldbank_climate: WB CKP API pr/HUN returned 404
[2026-04-22 17:11:54,661] DEBUG greenlens.worldbank_climate: WB flood fallback HUN \u2192 0.400
[2026-04-22 17:11:54,733] DEBUG greenlens.worldbank_climate: WB CKP API tas/HUN returned 404
[2026-04-22 17:11:54,733] DEBUG greenlens.worldbank_climate: WB heat fallback HUN \u2192 0.450
[2026-04-22 17:11:54,751] INFO greenlens.ml_engine: Predicted bond HUN_Green_Bonds_2022: score=31.8 [Medium-Low]
[2026-04-22 17:11:55,411] DEBUG greenlens.worldbank_climate: WB CKP API pr/HUN returned 404
[2026-04-22 17:11:55,411] DEBUG greenlens.worldbank_climate: WB flood fallback HUN \u2192 0.400
[2026-04-22 17:11:55,481] DEBUG greenlens.worldbank_climate: WB CKP API tas/HUN returned 404
[2026-04-22 17:11:55,481] DEBUG greenlens.worldbank_climate: WB heat fallback HUN \u2192 0.450
[2026-04-22 17:11:55,511] INFO greenlens.ml_engine: Predicted bond HUN_Green_Bonds_2023: score=31.8 [Medium-Low]
[2026-04-22 17:11:56,027] DEBUG greenlens.worldbank_climate: WB CKP API pr/HUN returned 404
[2026-04-22 17:11:56,027] DEBUG greenlens.worldbank_climate: WB flood fallback HUN \u2192 0.400
[2026-04-22 17:11:56,099] DEBUG greenlens.worldbank_climate: WB CKP API tas/HUN returned 404
[2026-04-22 17:11:56,099] DEBUG greenlens.worldbank_climate: WB heat fallback HUN \u2192 0.450
[2026-04-22 17:11:56,115] INFO greenlens.ml_engine: Predicted bond HUN_Green_Bonds_2024: score=31.8 [Medium-Low]
[2026-04-22 17:11:56,664] DEBUG greenlens.worldbank_climate: WB CKP API pr/HUN returned 404
[2026-04-22 17:11:56,664] DEBUG greenlens.worldbank_climate: WB flood fallback HUN \u2192 0.400
[2026-04-22 17:11:56,742] DEBUG greenlens.worldbank_climate: WB CKP API tas/HUN returned 404
[2026-04-22 17:11:56,742] DEBUG greenlens.worldbank_climate: WB heat fallback HUN \u2192 0.450
[2026-04-22 17:11:56,761] INFO greenlens.ml_engine: Predicted bond HUN_Sustainabili_2024: score=31.8 [Medium-Low]
[2026-04-22 17:11:57,357] DEBUG greenlens.worldbank_climate: WB CKP API pr/ISL returned 404
[2026-04-22 17:11:57,357] DEBUG greenlens.worldbank_climate: WB flood fallback ISL \u2192 0.400
[2026-04-22 17:11:57,460] DEBUG greenlens.worldbank_climate: WB CKP API tas/ISL returned 404
[2026-04-22 17:11:57,460] DEBUG greenlens.worldbank_climate: WB heat fallback ISL \u2192 0.450
[2026-04-22 17:11:57,476] INFO greenlens.ml_engine: Predicted bond ISL_Green_Bonds_2018: score=31.8 [Medium-Low]
[2026-04-22 17:11:58,973] DEBUG greenlens.worldbank_climate: WB CKP API pr/ISL returned 404
[2026-04-22 17:11:58,974] DEBUG greenlens.worldbank_climate: WB flood fallback ISL \u2192 0.400
[2026-04-22 17:11:59,046] DEBUG greenlens.worldbank_climate: WB CKP API tas/ISL returned 404
[2026-04-22 17:11:59,047] DEBUG greenlens.worldbank_climate: WB heat fallback ISL \u2192 0.450
[2026-04-22 17:11:59,065] INFO greenlens.ml_engine: Predicted bond ISL_Green_Bonds_2020: score=31.8 [Medium-Low]
[2026-04-22 17:11:59,669] DEBUG greenlens.worldbank_climate: WB CKP API pr/ISL returned 404
[2026-04-22 17:11:59,669] DEBUG greenlens.worldbank_climate: WB flood fallback ISL \u2192 0.400
[2026-04-22 17:11:59,815] DEBUG greenlens.worldbank_climate: WB CKP API tas/ISL returned 404
[2026-04-22 17:11:59,815] DEBUG greenlens.worldbank_climate: WB heat fallback ISL \u2192 0.450
[2026-04-22 17:11:59,837] INFO greenlens.ml_engine: Predicted bond ISL_Green_Bonds_2021: score=31.8 [Medium-Low]
[2026-04-22 17:12:00,530] DEBUG greenlens.worldbank_climate: WB CKP API pr/ISL returned 404
[2026-04-22 17:12:00,530] DEBUG greenlens.worldbank_climate: WB flood fallback ISL \u2192 0.400
[2026-04-22 17:12:00,634] DEBUG greenlens.worldbank_climate: WB CKP API tas/ISL returned 404
[2026-04-22 17:12:00,634] DEBUG greenlens.worldbank_climate: WB heat fallback ISL \u2192 0.450
[2026-04-22 17:12:00,657] INFO greenlens.ml_engine: Predicted bond ISL_Green_Bonds_2022: score=31.8 [Medium-Low]
[2026-04-22 17:12:01,218] DEBUG greenlens.worldbank_climate: WB CKP API pr/ISL returned 404
[2026-04-22 17:12:01,218] DEBUG greenlens.worldbank_climate: WB flood fallback ISL \u2192 0.400
[2026-04-22 17:12:01,350] DEBUG greenlens.worldbank_climate: WB CKP API tas/ISL returned 404
[2026-04-22 17:12:01,350] DEBUG greenlens.worldbank_climate: WB heat fallback ISL \u2192 0.450
[2026-04-22 17:12:01,375] INFO greenlens.ml_engine: Predicted bond ISL_Green_Bonds_2023: score=31.8 [Medium-Low]
[2026-04-22 17:12:02,098] DEBUG greenlens.worldbank_climate: WB CKP API pr/ISL returned 404
[2026-04-22 17:12:02,098] DEBUG greenlens.worldbank_climate: WB flood fallback ISL \u2192 0.400
[2026-04-22 17:12:02,162] DEBUG greenlens.worldbank_climate: WB CKP API tas/ISL returned 404
[2026-04-22 17:12:02,162] DEBUG greenlens.worldbank_climate: WB heat fallback ISL \u2192 0.450
[2026-04-22 17:12:02,181] INFO greenlens.ml_engine: Predicted bond ISL_Green_Bonds_2024: score=31.8 [Medium-Low]
[2026-04-22 17:12:02,989] DEBUG greenlens.worldbank_climate: WB CKP API pr/ISL returned 404
[2026-04-22 17:12:02,989] DEBUG greenlens.worldbank_climate: WB flood fallback ISL \u2192 0.400
[2026-04-22 17:12:03,090] DEBUG greenlens.worldbank_climate: WB CKP API tas/ISL returned 404
[2026-04-22 17:12:03,090] DEBUG greenlens.worldbank_climate: WB heat fallback ISL \u2192 0.450
[2026-04-22 17:12:03,108] INFO greenlens.ml_engine: Predicted bond ISL_Social_Bond_2024: score=31.8 [Medium-Low]
[2026-04-22 17:12:03,938] DEBUG greenlens.worldbank_climate: WB CKP API pr/ISL returned 404
[2026-04-22 17:12:03,939] DEBUG greenlens.worldbank_climate: WB flood fallback ISL \u2192 0.400
[2026-04-22 17:12:04,114] DEBUG greenlens.worldbank_climate: WB CKP API tas/ISL returned 404
[2026-04-22 17:12:04,114] DEBUG greenlens.worldbank_climate: WB heat fallback ISL \u2192 0.450
[2026-04-22 17:12:04,133] INFO greenlens.ml_engine: Predicted bond ISL_Sustainabili_2020: score=31.8 [Medium-Low]
[2026-04-22 17:12:04,729] DEBUG greenlens.worldbank_climate: WB CKP API pr/ISL returned 404
[2026-04-22 17:12:04,730] DEBUG greenlens.worldbank_climate: WB flood fallback ISL \u2192 0.400
[2026-04-22 17:12:04,831] DEBUG greenlens.worldbank_climate: WB CKP API tas/ISL returned 404
[2026-04-22 17:12:04,832] DEBUG greenlens.worldbank_climate: WB heat fallback ISL \u2192 0.450
[2026-04-22 17:12:04,855] INFO greenlens.ml_engine: Predicted bond ISL_Sustainabili_2022: score=31.8 [Medium-Low]
[2026-04-22 17:12:05,659] DEBUG greenlens.worldbank_climate: WB CKP API pr/IND returned 404
[2026-04-22 17:12:05,660] DEBUG greenlens.worldbank_climate: WB flood fallback IND \u2192 0.720
[2026-04-22 17:12:05,753] DEBUG greenlens.worldbank_climate: WB CKP API tas/IND returned 404
[2026-04-22 17:12:05,754] DEBUG greenlens.worldbank_climate: WB heat fallback IND \u2192 0.820
[2026-04-22 17:12:05,784] INFO greenlens.ml_engine: Predicted bond IND_Green_Bonds_2015: score=57.5 [Medium-High]
[2026-04-22 17:12:07,171] DEBUG greenlens.worldbank_climate: WB CKP API pr/IND returned 404
[2026-04-22 17:12:07,172] DEBUG greenlens.worldbank_climate: WB flood fallback IND \u2192 0.720
[2026-04-22 17:12:07,237] DEBUG greenlens.worldbank_climate: WB CKP API tas/IND returned 404
[2026-04-22 17:12:07,237] DEBUG greenlens.worldbank_climate: WB heat fallback IND \u2192 0.820
[2026-04-22 17:12:07,263] INFO greenlens.ml_engine: Predicted bond IND_Green_Bonds_2016: score=57.5 [Medium-High]
[2026-04-22 17:12:08,322] DEBUG greenlens.worldbank_climate: WB CKP API pr/IND returned 404
[2026-04-22 17:12:08,322] DEBUG greenlens.worldbank_climate: WB flood fallback IND \u2192 0.720
[2026-04-22 17:12:08,415] DEBUG greenlens.worldbank_climate: WB CKP API tas/IND returned 404
[2026-04-22 17:12:08,415] DEBUG greenlens.worldbank_climate: WB heat fallback IND \u2192 0.820
[2026-04-22 17:12:08,445] INFO greenlens.ml_engine: Predicted bond IND_Green_Bonds_2017: score=57.5 [Medium-High]
[2026-04-22 17:12:09,008] DEBUG greenlens.worldbank_climate: WB CKP API pr/IND returned 404
[2026-04-22 17:12:09,008] DEBUG greenlens.worldbank_climate: WB flood fallback IND \u2192 0.720
[2026-04-22 17:12:09,080] DEBUG greenlens.worldbank_climate: WB CKP API tas/IND returned 404
[2026-04-22 17:12:09,080] DEBUG greenlens.worldbank_climate: WB heat fallback IND \u2192 0.820
[2026-04-22 17:12:09,105] INFO greenlens.ml_engine: Predicted bond IND_Green_Bonds_2019: score=57.5 [Medium-High]
[2026-04-22 17:12:09,647] DEBUG greenlens.worldbank_climate: WB CKP API pr/IND returned 404
[2026-04-22 17:12:09,647] DEBUG greenlens.worldbank_climate: WB flood fallback IND \u2192 0.720
[2026-04-22 17:12:09,747] DEBUG greenlens.worldbank_climate: WB CKP API tas/IND returned 404
[2026-04-22 17:12:09,747] DEBUG greenlens.worldbank_climate: WB heat fallback IND \u2192 0.820
[2026-04-22 17:12:09,769] INFO greenlens.ml_engine: Predicted bond IND_Green_Bonds_2020: score=57.5 [Medium-High]
[2026-04-22 17:12:10,362] DEBUG greenlens.worldbank_climate: WB CKP API pr/IND returned 404
[2026-04-22 17:12:10,362] DEBUG greenlens.worldbank_climate: WB flood fallback IND \u2192 0.720
[2026-04-22 17:12:10,430] DEBUG greenlens.worldbank_climate: WB CKP API tas/IND returned 404
[2026-04-22 17:12:10,430] DEBUG greenlens.worldbank_climate: WB heat fallback IND \u2192 0.820
[2026-04-22 17:12:10,452] INFO greenlens.ml_engine: Predicted bond IND_Green_Bonds_2021: score=57.5 [Medium-High]
[2026-04-22 17:12:11,177] DEBUG greenlens.worldbank_climate: WB CKP API pr/IND returned 404
[2026-04-22 17:12:11,177] DEBUG greenlens.worldbank_climate: WB flood fallback IND \u2192 0.720
[2026-04-22 17:12:11,283] DEBUG greenlens.worldbank_climate: WB CKP API tas/IND returned 404
[2026-04-22 17:12:11,284] DEBUG greenlens.worldbank_climate: WB heat fallback IND \u2192 0.820
[2026-04-22 17:12:11,302] INFO greenlens.ml_engine: Predicted bond IND_Green_Bonds_2022: score=57.5 [Medium-High]
[2026-04-22 17:12:12,000] DEBUG greenlens.worldbank_climate: WB CKP API pr/IND returned 404
[2026-04-22 17:12:12,001] DEBUG greenlens.worldbank_climate: WB flood fallback IND \u2192 0.720
[2026-04-22 17:12:12,098] DEBUG greenlens.worldbank_climate: WB CKP API tas/IND returned 404
[2026-04-22 17:12:12,099] DEBUG greenlens.worldbank_climate: WB heat fallback IND \u2192 0.820
[2026-04-22 17:12:12,122] INFO greenlens.ml_engine: Predicted bond IND_Green_Bonds_2023: score=57.5 [Medium-High]
[2026-04-22 17:12:12,917] DEBUG greenlens.worldbank_climate: WB CKP API pr/IND returned 404
[2026-04-22 17:12:12,918] DEBUG greenlens.worldbank_climate: WB flood fallback IND \u2192 0.720
[2026-04-22 17:12:12,987] DEBUG greenlens.worldbank_climate: WB CKP API tas/IND returned 404
[2026-04-22 17:12:12,987] DEBUG greenlens.worldbank_climate: WB heat fallback IND \u2192 0.820
[2026-04-22 17:12:13,009] INFO greenlens.ml_engine: Predicted bond IND_Green_Bonds_2024: score=57.5 [Medium-High]
[2026-04-22 17:12:14,154] DEBUG greenlens.worldbank_climate: WB CKP API pr/IND returned 404
[2026-04-22 17:12:14,154] DEBUG greenlens.worldbank_climate: WB flood fallback IND \u2192 0.720
[2026-04-22 17:12:14,212] DEBUG greenlens.worldbank_climate: WB CKP API tas/IND returned 404
[2026-04-22 17:12:14,213] DEBUG greenlens.worldbank_climate: WB heat fallback IND \u2192 0.820
[2026-04-22 17:12:14,232] INFO greenlens.ml_engine: Predicted bond IND_Social_Bond_2020: score=57.5 [Medium-High]
[2026-04-22 17:12:14,719] DEBUG greenlens.worldbank_climate: WB CKP API pr/IND returned 404
[2026-04-22 17:12:14,719] DEBUG greenlens.worldbank_climate: WB flood fallback IND \u2192 0.720
[2026-04-22 17:12:14,786] DEBUG greenlens.worldbank_climate: WB CKP API tas/IND returned 404
[2026-04-22 17:12:14,787] DEBUG greenlens.worldbank_climate: WB heat fallback IND \u2192 0.820
[2026-04-22 17:12:14,804] INFO greenlens.ml_engine: Predicted bond IND_Social_Bond_2021: score=57.5 [Medium-High]
[2026-04-22 17:12:15,364] DEBUG greenlens.worldbank_climate: WB CKP API pr/IND returned 404
[2026-04-22 17:12:15,365] DEBUG greenlens.worldbank_climate: WB flood fallback IND \u2192 0.720
[2026-04-22 17:12:15,490] DEBUG greenlens.worldbank_climate: WB CKP API tas/IND returned 404
[2026-04-22 17:12:15,490] DEBUG greenlens.worldbank_climate: WB heat fallback IND \u2192 0.820
[2026-04-22 17:12:15,511] INFO greenlens.ml_engine: Predicted bond IND_Social_Bond_2022: score=57.5 [Medium-High]
[2026-04-22 17:12:16,129] DEBUG greenlens.worldbank_climate: WB CKP API pr/IND returned 404
[2026-04-22 17:12:16,129] DEBUG greenlens.worldbank_climate: WB flood fallback IND \u2192 0.720
[2026-04-22 17:12:16,188] DEBUG greenlens.worldbank_climate: WB CKP API tas/IND returned 404
[2026-04-22 17:12:16,188] DEBUG greenlens.worldbank_climate: WB heat fallback IND \u2192 0.820
[2026-04-22 17:12:16,211] INFO greenlens.ml_engine: Predicted bond IND_Social_Bond_2023: score=57.5 [Medium-High]
[2026-04-22 17:12:16,804] DEBUG greenlens.worldbank_climate: WB CKP API pr/IND returned 404
[2026-04-22 17:12:16,804] DEBUG greenlens.worldbank_climate: WB flood fallback IND \u2192 0.720
[2026-04-22 17:12:16,914] DEBUG greenlens.worldbank_climate: WB CKP API tas/IND returned 404
[2026-04-22 17:12:16,915] DEBUG greenlens.worldbank_climate: WB heat fallback IND \u2192 0.820
[2026-04-22 17:12:16,938] INFO greenlens.ml_engine: Predicted bond IND_Social_Bond_2024: score=57.5 [Medium-High]
[2026-04-22 17:12:17,518] DEBUG greenlens.worldbank_climate: WB CKP API pr/IND returned 404
[2026-04-22 17:12:17,519] DEBUG greenlens.worldbank_climate: WB flood fallback IND \u2192 0.720
[2026-04-22 17:12:17,588] DEBUG greenlens.worldbank_climate: WB CKP API tas/IND returned 404
[2026-04-22 17:12:17,588] DEBUG greenlens.worldbank_climate: WB heat fallback IND \u2192 0.820
[2026-04-22 17:12:17,606] INFO greenlens.ml_engine: Predicted bond IND_Sustainabili_2021: score=57.5 [Medium-High]
[2026-04-22 17:12:18,302] DEBUG greenlens.worldbank_climate: WB CKP API pr/IND returned 404
[2026-04-22 17:12:18,302] DEBUG greenlens.worldbank_climate: WB flood fallback IND \u2192 0.720
[2026-04-22 17:12:18,373] DEBUG greenlens.worldbank_climate: WB CKP API tas/IND returned 404
[2026-04-22 17:12:18,373] DEBUG greenlens.worldbank_climate: WB heat fallback IND \u2192 0.820
[2026-04-22 17:12:18,399] INFO greenlens.ml_engine: Predicted bond IND_Sustainabili_2023: score=57.5 [Medium-High]
[2026-04-22 17:12:19,565] DEBUG greenlens.worldbank_climate: WB CKP API pr/IND returned 404
[2026-04-22 17:12:19,565] DEBUG greenlens.worldbank_climate: WB flood fallback IND \u2192 0.720
[2026-04-22 17:12:19,662] DEBUG greenlens.worldbank_climate: WB CKP API tas/IND returned 404
[2026-04-22 17:12:19,662] DEBUG greenlens.worldbank_climate: WB heat fallback IND \u2192 0.820
[2026-04-22 17:12:19,683] INFO greenlens.ml_engine: Predicted bond IND_Sustainabili_2024: score=57.5 [Medium-High]
[2026-04-22 17:12:20,198] DEBUG greenlens.worldbank_climate: WB CKP API pr/IND returned 404
[2026-04-22 17:12:20,198] DEBUG greenlens.worldbank_climate: WB flood fallback IND \u2192 0.720
[2026-04-22 17:12:20,259] DEBUG greenlens.worldbank_climate: WB CKP API tas/IND returned 404
[2026-04-22 17:12:20,259] DEBUG greenlens.worldbank_climate: WB heat fallback IND \u2192 0.820
[2026-04-22 17:12:20,278] INFO greenlens.ml_engine: Predicted bond IND_Linked_Bond_2021: score=57.5 [Medium-High]
[2026-04-22 17:12:20,832] DEBUG greenlens.worldbank_climate: WB CKP API pr/IND returned 404
[2026-04-22 17:12:20,832] DEBUG greenlens.worldbank_climate: WB flood fallback IND \u2192 0.720
[2026-04-22 17:12:20,909] DEBUG greenlens.worldbank_climate: WB CKP API tas/IND returned 404
[2026-04-22 17:12:20,909] DEBUG greenlens.worldbank_climate: WB heat fallback IND \u2192 0.820
[2026-04-22 17:12:20,927] INFO greenlens.ml_engine: Predicted bond IND_Linked_Bond_2022: score=57.5 [Medium-High]
[2026-04-22 17:12:21,460] DEBUG greenlens.worldbank_climate: WB CKP API pr/IDN returned 404
[2026-04-22 17:12:21,460] DEBUG greenlens.worldbank_climate: WB flood fallback IDN \u2192 0.760
[2026-04-22 17:12:21,527] DEBUG greenlens.worldbank_climate: WB CKP API tas/IDN returned 404
[2026-04-22 17:12:21,527] DEBUG greenlens.worldbank_climate: WB heat fallback IDN \u2192 0.740
[2026-04-22 17:12:21,542] INFO greenlens.ml_engine: Predicted bond IDN_Green_Bonds_2018: score=57.6 [Medium-High]
[2026-04-22 17:12:22,049] DEBUG greenlens.worldbank_climate: WB CKP API pr/IDN returned 404
[2026-04-22 17:12:22,049] DEBUG greenlens.worldbank_climate: WB flood fallback IDN \u2192 0.760
[2026-04-22 17:12:22,138] DEBUG greenlens.worldbank_climate: WB CKP API tas/IDN returned 404
[2026-04-22 17:12:22,138] DEBUG greenlens.worldbank_climate: WB heat fallback IDN \u2192 0.740
[2026-04-22 17:12:22,157] INFO greenlens.ml_engine: Predicted bond IDN_Green_Bonds_2019: score=57.6 [Medium-High]
[2026-04-22 17:12:22,854] DEBUG greenlens.worldbank_climate: WB CKP API pr/IDN returned 404
[2026-04-22 17:12:22,854] DEBUG greenlens.worldbank_climate: WB flood fallback IDN \u2192 0.760
[2026-04-22 17:12:22,932] DEBUG greenlens.worldbank_climate: WB CKP API tas/IDN returned 404
[2026-04-22 17:12:22,932] DEBUG greenlens.worldbank_climate: WB heat fallback IDN \u2192 0.740
[2026-04-22 17:12:22,955] INFO greenlens.ml_engine: Predicted bond IDN_Green_Bonds_2020: score=57.6 [Medium-High]
[2026-04-22 17:12:24,186] DEBUG greenlens.worldbank_climate: WB CKP API pr/IDN returned 404
[2026-04-22 17:12:24,186] DEBUG greenlens.worldbank_climate: WB flood fallback IDN \u2192 0.760
[2026-04-22 17:12:24,252] DEBUG greenlens.worldbank_climate: WB CKP API tas/IDN returned 404
[2026-04-22 17:12:24,252] DEBUG greenlens.worldbank_climate: WB heat fallback IDN \u2192 0.740
[2026-04-22 17:12:24,275] INFO greenlens.ml_engine: Predicted bond IDN_Green_Bonds_2021: score=57.6 [Medium-High]
[2026-04-22 17:12:24,901] DEBUG greenlens.worldbank_climate: WB CKP API pr/IDN returned 404
[2026-04-22 17:12:24,901] DEBUG greenlens.worldbank_climate: WB flood fallback IDN \u2192 0.760
[2026-04-22 17:12:25,004] DEBUG greenlens.worldbank_climate: WB CKP API tas/IDN returned 404
[2026-04-22 17:12:25,005] DEBUG greenlens.worldbank_climate: WB heat fallback IDN \u2192 0.740
[2026-04-22 17:12:25,032] INFO greenlens.ml_engine: Predicted bond IDN_Green_Bonds_2022: score=57.6 [Medium-High]
[2026-04-22 17:12:25,619] DEBUG greenlens.worldbank_climate: WB CKP API pr/IDN returned 404
[2026-04-22 17:12:25,619] DEBUG greenlens.worldbank_climate: WB flood fallback IDN \u2192 0.760
[2026-04-22 17:12:25,680] DEBUG greenlens.worldbank_climate: WB CKP API tas/IDN returned 404
[2026-04-22 17:12:25,680] DEBUG greenlens.worldbank_climate: WB heat fallback IDN \u2192 0.740
[2026-04-22 17:12:25,706] INFO greenlens.ml_engine: Predicted bond IDN_Green_Bonds_2023: score=57.6 [Medium-High]
[2026-04-22 17:12:26,335] DEBUG greenlens.worldbank_climate: WB CKP API pr/IDN returned 404
[2026-04-22 17:12:26,335] DEBUG greenlens.worldbank_climate: WB flood fallback IDN \u2192 0.760
[2026-04-22 17:12:26,438] DEBUG greenlens.worldbank_climate: WB CKP API tas/IDN returned 404
[2026-04-22 17:12:26,438] DEBUG greenlens.worldbank_climate: WB heat fallback IDN \u2192 0.740
[2026-04-22 17:12:26,460] INFO greenlens.ml_engine: Predicted bond IDN_Green_Bonds_2024: score=57.6 [Medium-High]
[2026-04-22 17:12:27,053] DEBUG greenlens.worldbank_climate: WB CKP API pr/IDN returned 404
[2026-04-22 17:12:27,053] DEBUG greenlens.worldbank_climate: WB flood fallback IDN \u2192 0.760
[2026-04-22 17:12:27,118] DEBUG greenlens.worldbank_climate: WB CKP API tas/IDN returned 404
[2026-04-22 17:12:27,118] DEBUG greenlens.worldbank_climate: WB heat fallback IDN \u2192 0.740
[2026-04-22 17:12:27,146] INFO greenlens.ml_engine: Predicted bond IDN_Social_Bond_2023: score=57.6 [Medium-High]
[2026-04-22 17:12:27,769] DEBUG greenlens.worldbank_climate: WB CKP API pr/IDN returned 404
[2026-04-22 17:12:27,769] DEBUG greenlens.worldbank_climate: WB flood fallback IDN \u2192 0.760
[2026-04-22 17:12:27,871] DEBUG greenlens.worldbank_climate: WB CKP API tas/IDN returned 404
[2026-04-22 17:12:27,871] DEBUG greenlens.worldbank_climate: WB heat fallback IDN \u2192 0.740
[2026-04-22 17:12:27,899] INFO greenlens.ml_engine: Predicted bond IDN_Social_Bond_2024: score=57.6 [Medium-High]
[2026-04-22 17:12:28,485] DEBUG greenlens.worldbank_climate: WB CKP API pr/IDN returned 404
[2026-04-22 17:12:28,485] DEBUG greenlens.worldbank_climate: WB flood fallback IDN \u2192 0.760
[2026-04-22 17:12:28,562] DEBUG greenlens.worldbank_climate: WB CKP API tas/IDN returned 404
[2026-04-22 17:12:28,562] DEBUG greenlens.worldbank_climate: WB heat fallback IDN \u2192 0.740
[2026-04-22 17:12:28,581] INFO greenlens.ml_engine: Predicted bond IDN_Sustainabili_2019: score=57.6 [Medium-High]
[2026-04-22 17:12:29,203] DEBUG greenlens.worldbank_climate: WB CKP API pr/IDN returned 404
[2026-04-22 17:12:29,203] DEBUG greenlens.worldbank_climate: WB flood fallback IDN \u2192 0.760
[2026-04-22 17:12:29,281] DEBUG greenlens.worldbank_climate: WB CKP API tas/IDN returned 404
[2026-04-22 17:12:29,281] DEBUG greenlens.worldbank_climate: WB heat fallback IDN \u2192 0.740
[2026-04-22 17:12:29,305] INFO greenlens.ml_engine: Predicted bond IDN_Sustainabili_2021: score=57.6 [Medium-High]
[2026-04-22 17:12:29,985] DEBUG greenlens.worldbank_climate: WB CKP API pr/IDN returned 404
[2026-04-22 17:12:29,985] DEBUG greenlens.worldbank_climate: WB flood fallback IDN \u2192 0.760
[2026-04-22 17:12:30,051] DEBUG greenlens.worldbank_climate: WB CKP API tas/IDN returned 404
[2026-04-22 17:12:30,051] DEBUG greenlens.worldbank_climate: WB heat fallback IDN \u2192 0.740
[2026-04-22 17:12:30,071] INFO greenlens.ml_engine: Predicted bond IDN_Sustainabili_2024: score=57.6 [Medium-High]
[2026-04-22 17:12:30,735] DEBUG greenlens.worldbank_climate: WB CKP API pr/IDN returned 404
[2026-04-22 17:12:30,735] DEBUG greenlens.worldbank_climate: WB flood fallback IDN \u2192 0.760
[2026-04-22 17:12:30,841] DEBUG greenlens.worldbank_climate: WB CKP API tas/IDN returned 404
[2026-04-22 17:12:30,841] DEBUG greenlens.worldbank_climate: WB heat fallback IDN \u2192 0.740
[2026-04-22 17:12:30,863] INFO greenlens.ml_engine: Predicted bond IDN_Linked_Bond_2021: score=57.6 [Medium-High]
[2026-04-22 17:12:31,419] DEBUG greenlens.worldbank_climate: WB CKP API pr/IRL returned 404
[2026-04-22 17:12:31,419] DEBUG greenlens.worldbank_climate: WB flood fallback IRL \u2192 0.400
[2026-04-22 17:12:31,558] DEBUG greenlens.worldbank_climate: WB CKP API tas/IRL returned 404
[2026-04-22 17:12:31,558] DEBUG greenlens.worldbank_climate: WB heat fallback IRL \u2192 0.450
[2026-04-22 17:12:31,579] INFO greenlens.ml_engine: Predicted bond IRL_Green_Bonds_2018: score=31.8 [Medium-Low]
[2026-04-22 17:12:32,377] DEBUG greenlens.worldbank_climate: WB CKP API pr/IRL returned 404
[2026-04-22 17:12:32,377] DEBUG greenlens.worldbank_climate: WB flood fallback IRL \u2192 0.400
[2026-04-22 17:12:32,453] DEBUG greenlens.worldbank_climate: WB CKP API tas/IRL returned 404
[2026-04-22 17:12:32,453] DEBUG greenlens.worldbank_climate: WB heat fallback IRL \u2192 0.450
[2026-04-22 17:12:32,474] INFO greenlens.ml_engine: Predicted bond IRL_Green_Bonds_2019: score=31.8 [Medium-Low]
[2026-04-22 17:12:33,094] DEBUG greenlens.worldbank_climate: WB CKP API pr/IRL returned 404
[2026-04-22 17:12:33,095] DEBUG greenlens.worldbank_climate: WB flood fallback IRL \u2192 0.400
[2026-04-22 17:12:33,166] DEBUG greenlens.worldbank_climate: WB CKP API tas/IRL returned 404
[2026-04-22 17:12:33,166] DEBUG greenlens.worldbank_climate: WB heat fallback IRL \u2192 0.450
[2026-04-22 17:12:33,190] INFO greenlens.ml_engine: Predicted bond IRL_Green_Bonds_2020: score=31.8 [Medium-Low]
[2026-04-22 17:12:33,873] DEBUG greenlens.worldbank_climate: WB CKP API pr/IRL returned 404
[2026-04-22 17:12:33,873] DEBUG greenlens.worldbank_climate: WB flood fallback IRL \u2192 0.400
[2026-04-22 17:12:33,942] DEBUG greenlens.worldbank_climate: WB CKP API tas/IRL returned 404
[2026-04-22 17:12:33,942] DEBUG greenlens.worldbank_climate: WB heat fallback IRL \u2192 0.450
[2026-04-22 17:12:33,965] INFO greenlens.ml_engine: Predicted bond IRL_Green_Bonds_2021: score=31.8 [Medium-Low]
[2026-04-22 17:12:34,618] DEBUG greenlens.worldbank_climate: WB CKP API pr/IRL returned 404
[2026-04-22 17:12:34,618] DEBUG greenlens.worldbank_climate: WB flood fallback IRL \u2192 0.400
[2026-04-22 17:12:34,695] DEBUG greenlens.worldbank_climate: WB CKP API tas/IRL returned 404
[2026-04-22 17:12:34,695] DEBUG greenlens.worldbank_climate: WB heat fallback IRL \u2192 0.450
[2026-04-22 17:12:34,715] INFO greenlens.ml_engine: Predicted bond IRL_Green_Bonds_2022: score=31.8 [Medium-Low]
[2026-04-22 17:12:35,451] DEBUG greenlens.worldbank_climate: WB CKP API pr/IRL returned 404
[2026-04-22 17:12:35,451] DEBUG greenlens.worldbank_climate: WB flood fallback IRL \u2192 0.400
[2026-04-22 17:12:35,553] DEBUG greenlens.worldbank_climate: WB CKP API tas/IRL returned 404
[2026-04-22 17:12:35,554] DEBUG greenlens.worldbank_climate: WB heat fallback IRL \u2192 0.450
[2026-04-22 17:12:35,572] INFO greenlens.ml_engine: Predicted bond IRL_Green_Bonds_2023: score=31.8 [Medium-Low]
[2026-04-22 17:12:36,325] DEBUG greenlens.worldbank_climate: WB CKP API pr/IRL returned 404
[2026-04-22 17:12:36,325] DEBUG greenlens.worldbank_climate: WB flood fallback IRL \u2192 0.400
[2026-04-22 17:12:36,441] DEBUG greenlens.worldbank_climate: WB CKP API tas/IRL returned 404
[2026-04-22 17:12:36,441] DEBUG greenlens.worldbank_climate: WB heat fallback IRL \u2192 0.450
[2026-04-22 17:12:36,460] INFO greenlens.ml_engine: Predicted bond IRL_Green_Bonds_2024: score=31.8 [Medium-Low]
[2026-04-22 17:12:38,009] DEBUG greenlens.worldbank_climate: WB CKP API pr/IRL returned 404
[2026-04-22 17:12:38,009] DEBUG greenlens.worldbank_climate: WB flood fallback IRL \u2192 0.400
[2026-04-22 17:12:38,072] DEBUG greenlens.worldbank_climate: WB CKP API tas/IRL returned 404
[2026-04-22 17:12:38,072] DEBUG greenlens.worldbank_climate: WB heat fallback IRL \u2192 0.450
[2026-04-22 17:12:38,091] INFO greenlens.ml_engine: Predicted bond IRL_Social_Bond_2020: score=31.8 [Medium-Low]
[2026-04-22 17:12:38,726] DEBUG greenlens.worldbank_climate: WB CKP API pr/IRL returned 404
[2026-04-22 17:12:38,727] DEBUG greenlens.worldbank_climate: WB flood fallback IRL \u2192 0.400
[2026-04-22 17:12:38,793] DEBUG greenlens.worldbank_climate: WB CKP API tas/IRL returned 404
[2026-04-22 17:12:38,793] DEBUG greenlens.worldbank_climate: WB heat fallback IRL \u2192 0.450
[2026-04-22 17:12:38,816] INFO greenlens.ml_engine: Predicted bond IRL_Social_Bond_2021: score=31.8 [Medium-Low]
[2026-04-22 17:12:39,444] DEBUG greenlens.worldbank_climate: WB CKP API pr/IRL returned 404
[2026-04-22 17:12:39,444] DEBUG greenlens.worldbank_climate: WB flood fallback IRL \u2192 0.400
[2026-04-22 17:12:39,518] DEBUG greenlens.worldbank_climate: WB CKP API tas/IRL returned 404
[2026-04-22 17:12:39,518] DEBUG greenlens.worldbank_climate: WB heat fallback IRL \u2192 0.450
[2026-04-22 17:12:39,541] INFO greenlens.ml_engine: Predicted bond IRL_Social_Bond_2022: score=31.8 [Medium-Low]
[2026-04-22 17:12:40,159] DEBUG greenlens.worldbank_climate: WB CKP API pr/IRL returned 404
[2026-04-22 17:12:40,159] DEBUG greenlens.worldbank_climate: WB flood fallback IRL \u2192 0.400
[2026-04-22 17:12:40,261] DEBUG greenlens.worldbank_climate: WB CKP API tas/IRL returned 404
[2026-04-22 17:12:40,262] DEBUG greenlens.worldbank_climate: WB heat fallback IRL \u2192 0.450
[2026-04-22 17:12:40,286] INFO greenlens.ml_engine: Predicted bond IRL_Social_Bond_2023: score=31.8 [Medium-Low]
[2026-04-22 17:12:40,877] DEBUG greenlens.worldbank_climate: WB CKP API pr/IRL returned 404
[2026-04-22 17:12:40,877] DEBUG greenlens.worldbank_climate: WB flood fallback IRL \u2192 0.400
[2026-04-22 17:12:40,946] DEBUG greenlens.worldbank_climate: WB CKP API tas/IRL returned 404
[2026-04-22 17:12:40,950] DEBUG greenlens.worldbank_climate: WB heat fallback IRL \u2192 0.450
[2026-04-22 17:12:40,966] INFO greenlens.ml_engine: Predicted bond IRL_Social_Bond_2024: score=31.8 [Medium-Low]
[2026-04-22 17:12:41,548] DEBUG greenlens.worldbank_climate: WB CKP API pr/IRL returned 404
[2026-04-22 17:12:41,548] DEBUG greenlens.worldbank_climate: WB flood fallback IRL \u2192 0.400
[2026-04-22 17:12:41,696] DEBUG greenlens.worldbank_climate: WB CKP API tas/IRL returned 404
[2026-04-22 17:12:41,696] DEBUG greenlens.worldbank_climate: WB heat fallback IRL \u2192 0.450
[2026-04-22 17:12:41,717] INFO greenlens.ml_engine: Predicted bond IRL_Sustainabili_2022: score=31.8 [Medium-Low]
[2026-04-22 17:12:42,309] DEBUG greenlens.worldbank_climate: WB CKP API pr/IRL returned 404
[2026-04-22 17:12:42,309] DEBUG greenlens.worldbank_climate: WB flood fallback IRL \u2192 0.400
[2026-04-22 17:12:42,380] DEBUG greenlens.worldbank_climate: WB CKP API tas/IRL returned 404
[2026-04-22 17:12:42,380] DEBUG greenlens.worldbank_climate: WB heat fallback IRL \u2192 0.450
[2026-04-22 17:12:42,398] INFO greenlens.ml_engine: Predicted bond IRL_Linked_Bond_2021: score=31.8 [Medium-Low]
[2026-04-22 17:12:42,931] DEBUG greenlens.worldbank_climate: WB CKP API pr/IMN returned 404
[2026-04-22 17:12:42,931] DEBUG greenlens.worldbank_climate: WB flood fallback IMN \u2192 0.400
[2026-04-22 17:12:43,004] DEBUG greenlens.worldbank_climate: WB CKP API tas/IMN returned 404
[2026-04-22 17:12:43,005] DEBUG greenlens.worldbank_climate: WB heat fallback IMN \u2192 0.450
[2026-04-22 17:12:43,021] INFO greenlens.ml_engine: Predicted bond IMN_Sustainabili_2021: score=31.8 [Medium-Low]
[2026-04-22 17:12:43,571] DEBUG greenlens.worldbank_climate: WB CKP API pr/ISR returned 404
[2026-04-22 17:12:43,572] DEBUG greenlens.worldbank_climate: WB flood fallback ISR \u2192 0.400
[2026-04-22 17:12:43,641] DEBUG greenlens.worldbank_climate: WB CKP API tas/ISR returned 404
[2026-04-22 17:12:43,641] DEBUG greenlens.worldbank_climate: WB heat fallback ISR \u2192 0.450
[2026-04-22 17:12:43,662] INFO greenlens.ml_engine: Predicted bond ISR_Green_Bonds_2021: score=31.8 [Medium-Low]
[2026-04-22 17:12:44,152] DEBUG greenlens.worldbank_climate: WB CKP API pr/ISR returned 404
[2026-04-22 17:12:44,152] DEBUG greenlens.worldbank_climate: WB flood fallback ISR \u2192 0.400
[2026-04-22 17:12:44,255] DEBUG greenlens.worldbank_climate: WB CKP API tas/ISR returned 404
[2026-04-22 17:12:44,255] DEBUG greenlens.worldbank_climate: WB heat fallback ISR \u2192 0.450
[2026-04-22 17:12:44,275] INFO greenlens.ml_engine: Predicted bond ISR_Green_Bonds_2023: score=31.8 [Medium-Low]
[2026-04-22 17:12:44,869] DEBUG greenlens.worldbank_climate: WB CKP API pr/ITA returned 404
[2026-04-22 17:12:44,869] DEBUG greenlens.worldbank_climate: WB flood fallback ITA \u2192 0.400
[2026-04-22 17:12:44,971] DEBUG greenlens.worldbank_climate: WB CKP API tas/ITA returned 404
[2026-04-22 17:12:44,971] DEBUG greenlens.worldbank_climate: WB heat fallback ITA \u2192 0.420
[2026-04-22 17:12:44,996] INFO greenlens.ml_engine: Predicted bond ITA_Green_Bonds_2014: score=30.7 [Medium-Low]
[2026-04-22 17:12:45,567] DEBUG greenlens.worldbank_climate: WB CKP API pr/ITA returned 404
[2026-04-22 17:12:45,567] DEBUG greenlens.worldbank_climate: WB flood fallback ITA \u2192 0.400
[2026-04-22 17:12:45,691] DEBUG greenlens.worldbank_climate: WB CKP API tas/ITA returned 404
[2026-04-22 17:12:45,691] DEBUG greenlens.worldbank_climate: WB heat fallback ITA \u2192 0.420
[2026-04-22 17:12:45,715] INFO greenlens.ml_engine: Predicted bond ITA_Green_Bonds_2016: score=30.7 [Medium-Low]
[2026-04-22 17:12:46,307] DEBUG greenlens.worldbank_climate: WB CKP API pr/ITA returned 404
[2026-04-22 17:12:46,307] DEBUG greenlens.worldbank_climate: WB flood fallback ITA \u2192 0.400
[2026-04-22 17:12:46,414] DEBUG greenlens.worldbank_climate: WB CKP API tas/ITA returned 404
[2026-04-22 17:12:46,414] DEBUG greenlens.worldbank_climate: WB heat fallback ITA \u2192 0.420
[2026-04-22 17:12:46,434] INFO greenlens.ml_engine: Predicted bond ITA_Green_Bonds_2017: score=30.7 [Medium-Low]
[2026-04-22 17:12:47,124] DEBUG greenlens.worldbank_climate: WB CKP API pr/ITA returned 404
[2026-04-22 17:12:47,124] DEBUG greenlens.worldbank_climate: WB flood fallback ITA \u2192 0.400
[2026-04-22 17:12:47,224] DEBUG greenlens.worldbank_climate: WB CKP API tas/ITA returned 404
[2026-04-22 17:12:47,224] DEBUG greenlens.worldbank_climate: WB heat fallback ITA \u2192 0.420
[2026-04-22 17:12:47,250] INFO greenlens.ml_engine: Predicted bond ITA_Green_Bonds_2018: score=30.7 [Medium-Low]
[2026-04-22 17:12:48,973] DEBUG greenlens.worldbank_climate: WB CKP API pr/ITA returned 404
[2026-04-22 17:12:48,973] DEBUG greenlens.worldbank_climate: WB flood fallback ITA \u2192 0.400
[2026-04-22 17:12:49,033] DEBUG greenlens.worldbank_climate: WB CKP API tas/ITA returned 404
[2026-04-22 17:12:49,034] DEBUG greenlens.worldbank_climate: WB heat fallback ITA \u2192 0.420
[2026-04-22 17:12:49,059] INFO greenlens.ml_engine: Predicted bond ITA_Green_Bonds_2019: score=30.7 [Medium-Low]
[2026-04-22 17:12:49,784] DEBUG greenlens.worldbank_climate: WB CKP API pr/ITA returned 404
[2026-04-22 17:12:49,784] DEBUG greenlens.worldbank_climate: WB flood fallback ITA \u2192 0.400
[2026-04-22 17:12:49,886] DEBUG greenlens.worldbank_climate: WB CKP API tas/ITA returned 404
[2026-04-22 17:12:49,886] DEBUG greenlens.worldbank_climate: WB heat fallback ITA \u2192 0.420
[2026-04-22 17:12:49,909] INFO greenlens.ml_engine: Predicted bond ITA_Green_Bonds_2020: score=30.7 [Medium-Low]
[2026-04-22 17:12:50,459] DEBUG greenlens.worldbank_climate: WB CKP API pr/ITA returned 404
[2026-04-22 17:12:50,459] DEBUG greenlens.worldbank_climate: WB flood fallback ITA \u2192 0.400
[2026-04-22 17:12:50,604] DEBUG greenlens.worldbank_climate: WB CKP API tas/ITA returned 404
[2026-04-22 17:12:50,605] DEBUG greenlens.worldbank_climate: WB heat fallback ITA \u2192 0.420
[2026-04-22 17:12:50,621] INFO greenlens.ml_engine: Predicted bond ITA_Green_Bonds_2021: score=30.7 [Medium-Low]
[2026-04-22 17:12:51,281] DEBUG greenlens.worldbank_climate: WB CKP API pr/ITA returned 404
[2026-04-22 17:12:51,281] DEBUG greenlens.worldbank_climate: WB flood fallback ITA \u2192 0.400
[2026-04-22 17:12:51,423] DEBUG greenlens.worldbank_climate: WB CKP API tas/ITA returned 404
[2026-04-22 17:12:51,423] DEBUG greenlens.worldbank_climate: WB heat fallback ITA \u2192 0.420
[2026-04-22 17:12:51,444] INFO greenlens.ml_engine: Predicted bond ITA_Green_Bonds_2022: score=30.7 [Medium-Low]
[2026-04-22 17:12:52,038] DEBUG greenlens.worldbank_climate: WB CKP API pr/ITA returned 404
[2026-04-22 17:12:52,038] DEBUG greenlens.worldbank_climate: WB flood fallback ITA \u2192 0.400
[2026-04-22 17:12:52,119] DEBUG greenlens.worldbank_climate: WB CKP API tas/ITA returned 404
[2026-04-22 17:12:52,119] DEBUG greenlens.worldbank_climate: WB heat fallback ITA \u2192 0.420
[2026-04-22 17:12:52,139] INFO greenlens.ml_engine: Predicted bond ITA_Green_Bonds_2023: score=30.7 [Medium-Low]
[2026-04-22 17:12:52,690] DEBUG greenlens.worldbank_climate: WB CKP API pr/ITA returned 404
[2026-04-22 17:12:52,691] DEBUG greenlens.worldbank_climate: WB flood fallback ITA \u2192 0.400
[2026-04-22 17:12:52,856] DEBUG greenlens.worldbank_climate: WB CKP API tas/ITA returned 404
[2026-04-22 17:12:52,856] DEBUG greenlens.worldbank_climate: WB heat fallback ITA \u2192 0.420
[2026-04-22 17:12:52,871] INFO greenlens.ml_engine: Predicted bond ITA_Green_Bonds_2024: score=30.7 [Medium-Low]
[2026-04-22 17:12:53,575] DEBUG greenlens.worldbank_climate: WB CKP API pr/ITA returned 404
[2026-04-22 17:12:53,575] DEBUG greenlens.worldbank_climate: WB flood fallback ITA \u2192 0.400
[2026-04-22 17:12:53,675] DEBUG greenlens.worldbank_climate: WB CKP API tas/ITA returned 404
[2026-04-22 17:12:53,676] DEBUG greenlens.worldbank_climate: WB heat fallback ITA \u2192 0.420
[2026-04-22 17:12:53,702] INFO greenlens.ml_engine: Predicted bond ITA_Social_Bond_2017: score=30.7 [Medium-Low]
[2026-04-22 17:12:54,290] DEBUG greenlens.worldbank_climate: WB CKP API pr/ITA returned 404
[2026-04-22 17:12:54,290] DEBUG greenlens.worldbank_climate: WB flood fallback ITA \u2192 0.400
[2026-04-22 17:12:54,393] DEBUG greenlens.worldbank_climate: WB CKP API tas/ITA returned 404
[2026-04-22 17:12:54,393] DEBUG greenlens.worldbank_climate: WB heat fallback ITA \u2192 0.420
[2026-04-22 17:12:54,416] INFO greenlens.ml_engine: Predicted bond ITA_Social_Bond_2019: score=30.7 [Medium-Low]
[2026-04-22 17:12:55,007] DEBUG greenlens.worldbank_climate: WB CKP API pr/ITA returned 404
[2026-04-22 17:12:55,007] DEBUG greenlens.worldbank_climate: WB flood fallback ITA \u2192 0.400
[2026-04-22 17:12:55,110] DEBUG greenlens.worldbank_climate: WB CKP API tas/ITA returned 404
[2026-04-22 17:12:55,110] DEBUG greenlens.worldbank_climate: WB heat fallback ITA \u2192 0.420
[2026-04-22 17:12:55,130] INFO greenlens.ml_engine: Predicted bond ITA_Social_Bond_2020: score=30.7 [Medium-Low]
[2026-04-22 17:12:55,826] DEBUG greenlens.worldbank_climate: WB CKP API pr/ITA returned 404
[2026-04-22 17:12:55,826] DEBUG greenlens.worldbank_climate: WB flood fallback ITA \u2192 0.400
[2026-04-22 17:12:55,929] DEBUG greenlens.worldbank_climate: WB CKP API tas/ITA returned 404
[2026-04-22 17:12:55,929] DEBUG greenlens.worldbank_climate: WB heat fallback ITA \u2192 0.420
[2026-04-22 17:12:55,948] INFO greenlens.ml_engine: Predicted bond ITA_Social_Bond_2021: score=30.7 [Medium-Low]
[2026-04-22 17:12:56,513] DEBUG greenlens.worldbank_climate: WB CKP API pr/ITA returned 404
[2026-04-22 17:12:56,513] DEBUG greenlens.worldbank_climate: WB flood fallback ITA \u2192 0.400
[2026-04-22 17:12:56,644] DEBUG greenlens.worldbank_climate: WB CKP API tas/ITA returned 404
[2026-04-22 17:12:56,644] DEBUG greenlens.worldbank_climate: WB heat fallback ITA \u2192 0.420
[2026-04-22 17:12:56,668] INFO greenlens.ml_engine: Predicted bond ITA_Social_Bond_2022: score=30.7 [Medium-Low]
[2026-04-22 17:12:57,362] DEBUG greenlens.worldbank_climate: WB CKP API pr/ITA returned 404
[2026-04-22 17:12:57,362] DEBUG greenlens.worldbank_climate: WB flood fallback ITA \u2192 0.400
[2026-04-22 17:12:57,465] DEBUG greenlens.worldbank_climate: WB CKP API tas/ITA returned 404
[2026-04-22 17:12:57,465] DEBUG greenlens.worldbank_climate: WB heat fallback ITA \u2192 0.420
[2026-04-22 17:12:57,478] INFO greenlens.ml_engine: Predicted bond ITA_Social_Bond_2023: score=30.7 [Medium-Low]
[2026-04-22 17:12:58,079] DEBUG greenlens.worldbank_climate: WB CKP API pr/ITA returned 404
[2026-04-22 17:12:58,079] DEBUG greenlens.worldbank_climate: WB flood fallback ITA \u2192 0.400
[2026-04-22 17:12:58,144] DEBUG greenlens.worldbank_climate: WB CKP API tas/ITA returned 404
[2026-04-22 17:12:58,144] DEBUG greenlens.worldbank_climate: WB heat fallback ITA \u2192 0.420
[2026-04-22 17:12:58,161] INFO greenlens.ml_engine: Predicted bond ITA_Social_Bond_2024: score=30.7 [Medium-Low]
[2026-04-22 17:12:58,949] DEBUG greenlens.worldbank_climate: WB CKP API pr/ITA returned 404
[2026-04-22 17:12:58,949] DEBUG greenlens.worldbank_climate: WB flood fallback ITA \u2192 0.400
[2026-04-22 17:12:59,103] DEBUG greenlens.worldbank_climate: WB CKP API tas/ITA returned 404
[2026-04-22 17:12:59,103] DEBUG greenlens.worldbank_climate: WB heat fallback ITA \u2192 0.420
[2026-04-22 17:12:59,128] INFO greenlens.ml_engine: Predicted bond ITA_Sustainabili_2020: score=30.7 [Medium-Low]
[2026-04-22 17:12:59,923] DEBUG greenlens.worldbank_climate: WB CKP API pr/ITA returned 404
[2026-04-22 17:12:59,923] DEBUG greenlens.worldbank_climate: WB flood fallback ITA \u2192 0.400
[2026-04-22 17:13:00,014] DEBUG greenlens.worldbank_climate: WB CKP API tas/ITA returned 404
[2026-04-22 17:13:00,014] DEBUG greenlens.worldbank_climate: WB heat fallback ITA \u2192 0.420
[2026-04-22 17:13:00,039] INFO greenlens.ml_engine: Predicted bond ITA_Sustainabili_2021: score=30.7 [Medium-Low]
[2026-04-22 17:13:00,835] DEBUG greenlens.worldbank_climate: WB CKP API pr/ITA returned 404
[2026-04-22 17:13:00,835] DEBUG greenlens.worldbank_climate: WB flood fallback ITA \u2192 0.400
[2026-04-22 17:13:00,937] DEBUG greenlens.worldbank_climate: WB CKP API tas/ITA returned 404
[2026-04-22 17:13:00,937] DEBUG greenlens.worldbank_climate: WB heat fallback ITA \u2192 0.420
[2026-04-22 17:13:00,955] INFO greenlens.ml_engine: Predicted bond ITA_Sustainabili_2022: score=30.7 [Medium-Low]
[2026-04-22 17:13:02,044] DEBUG greenlens.worldbank_climate: WB CKP API pr/ITA returned 404
[2026-04-22 17:13:02,044] DEBUG greenlens.worldbank_climate: WB flood fallback ITA \u2192 0.400
[2026-04-22 17:13:02,142] DEBUG greenlens.worldbank_climate: WB CKP API tas/ITA returned 404
[2026-04-22 17:13:02,142] DEBUG greenlens.worldbank_climate: WB heat fallback ITA \u2192 0.420
[2026-04-22 17:13:02,158] INFO greenlens.ml_engine: Predicted bond ITA_Sustainabili_2023: score=30.7 [Medium-Low]
[2026-04-22 17:13:02,686] DEBUG greenlens.worldbank_climate: WB CKP API pr/ITA returned 404
[2026-04-22 17:13:02,686] DEBUG greenlens.worldbank_climate: WB flood fallback ITA \u2192 0.400
[2026-04-22 17:13:02,788] DEBUG greenlens.worldbank_climate: WB CKP API tas/ITA returned 404
[2026-04-22 17:13:02,789] DEBUG greenlens.worldbank_climate: WB heat fallback ITA \u2192 0.420
[2026-04-22 17:13:02,800] INFO greenlens.ml_engine: Predicted bond ITA_Sustainabili_2024: score=30.7 [Medium-Low]
[2026-04-22 17:13:03,402] DEBUG greenlens.worldbank_climate: WB CKP API pr/ITA returned 404
[2026-04-22 17:13:03,403] DEBUG greenlens.worldbank_climate: WB flood fallback ITA \u2192 0.400
[2026-04-22 17:13:03,471] DEBUG greenlens.worldbank_climate: WB CKP API tas/ITA returned 404
[2026-04-22 17:13:03,472] DEBUG greenlens.worldbank_climate: WB heat fallback ITA \u2192 0.420
[2026-04-22 17:13:03,496] INFO greenlens.ml_engine: Predicted bond ITA_Linked_Bond_2020: score=30.7 [Medium-Low]
[2026-04-22 17:13:04,036] DEBUG greenlens.worldbank_climate: WB CKP API pr/ITA returned 404
[2026-04-22 17:13:04,036] DEBUG greenlens.worldbank_climate: WB flood fallback ITA \u2192 0.400
[2026-04-22 17:13:04,120] DEBUG greenlens.worldbank_climate: WB CKP API tas/ITA returned 404
[2026-04-22 17:13:04,121] DEBUG greenlens.worldbank_climate: WB heat fallback ITA \u2192 0.420
[2026-04-22 17:13:04,138] INFO greenlens.ml_engine: Predicted bond ITA_Linked_Bond_2021: score=30.7 [Medium-Low]
[2026-04-22 17:13:04,734] DEBUG greenlens.worldbank_climate: WB CKP API pr/ITA returned 404
[2026-04-22 17:13:04,735] DEBUG greenlens.worldbank_climate: WB flood fallback ITA \u2192 0.400
[2026-04-22 17:13:04,811] DEBUG greenlens.worldbank_climate: WB CKP API tas/ITA returned 404
[2026-04-22 17:13:04,811] DEBUG greenlens.worldbank_climate: WB heat fallback ITA \u2192 0.420
[2026-04-22 17:13:04,828] INFO greenlens.ml_engine: Predicted bond ITA_Linked_Bond_2022: score=30.7 [Medium-Low]
[2026-04-22 17:13:05,341] DEBUG greenlens.worldbank_climate: WB CKP API pr/ITA returned 404
[2026-04-22 17:13:05,341] DEBUG greenlens.worldbank_climate: WB flood fallback ITA \u2192 0.400
[2026-04-22 17:13:05,452] DEBUG greenlens.worldbank_climate: WB CKP API tas/ITA returned 404
[2026-04-22 17:13:05,452] DEBUG greenlens.worldbank_climate: WB heat fallback ITA \u2192 0.420
[2026-04-22 17:13:05,475] INFO greenlens.ml_engine: Predicted bond ITA_Linked_Bond_2023: score=30.7 [Medium-Low]
[2026-04-22 17:13:06,066] DEBUG greenlens.worldbank_climate: WB CKP API pr/ITA returned 404
[2026-04-22 17:13:06,066] DEBUG greenlens.worldbank_climate: WB flood fallback ITA \u2192 0.400
[2026-04-22 17:13:06,155] DEBUG greenlens.worldbank_climate: WB CKP API tas/ITA returned 404
[2026-04-22 17:13:06,156] DEBUG greenlens.worldbank_climate: WB heat fallback ITA \u2192 0.420
[2026-04-22 17:13:06,178] INFO greenlens.ml_engine: Predicted bond ITA_Linked_Bond_2024: score=30.7 [Medium-Low]
[2026-04-22 17:13:06,987] DEBUG greenlens.worldbank_climate: WB CKP API pr/JPN returned 404
[2026-04-22 17:13:06,988] DEBUG greenlens.worldbank_climate: WB flood fallback JPN \u2192 0.580
[2026-04-22 17:13:07,056] DEBUG greenlens.worldbank_climate: WB CKP API tas/JPN returned 404
[2026-04-22 17:13:07,056] DEBUG greenlens.worldbank_climate: WB heat fallback JPN \u2192 0.450
[2026-04-22 17:13:07,075] INFO greenlens.ml_engine: Predicted bond JPN_Green_Bonds_2014: score=40.9 [Medium-Low]
[2026-04-22 17:13:07,806] DEBUG greenlens.worldbank_climate: WB CKP API pr/JPN returned 404
[2026-04-22 17:13:07,807] DEBUG greenlens.worldbank_climate: WB flood fallback JPN \u2192 0.580
[2026-04-22 17:13:07,909] DEBUG greenlens.worldbank_climate: WB CKP API tas/JPN returned 404
[2026-04-22 17:13:07,909] DEBUG greenlens.worldbank_climate: WB heat fallback JPN \u2192 0.450
[2026-04-22 17:13:07,934] INFO greenlens.ml_engine: Predicted bond JPN_Green_Bonds_2015: score=40.9 [Medium-Low]
[2026-04-22 17:13:08,577] DEBUG greenlens.worldbank_climate: WB CKP API pr/JPN returned 404
[2026-04-22 17:13:08,577] DEBUG greenlens.worldbank_climate: WB flood fallback JPN \u2192 0.580
[2026-04-22 17:13:08,728] DEBUG greenlens.worldbank_climate: WB CKP API tas/JPN returned 404
[2026-04-22 17:13:08,729] DEBUG greenlens.worldbank_climate: WB heat fallback JPN \u2192 0.450
[2026-04-22 17:13:08,752] INFO greenlens.ml_engine: Predicted bond JPN_Green_Bonds_2016: score=40.9 [Medium-Low]
[2026-04-22 17:13:09,445] DEBUG greenlens.worldbank_climate: WB CKP API pr/JPN returned 404
[2026-04-22 17:13:09,445] DEBUG greenlens.worldbank_climate: WB flood fallback JPN \u2192 0.580
[2026-04-22 17:13:09,547] DEBUG greenlens.worldbank_climate: WB CKP API tas/JPN returned 404
[2026-04-22 17:13:09,547] DEBUG greenlens.worldbank_climate: WB heat fallback JPN \u2192 0.450
[2026-04-22 17:13:09,568] INFO greenlens.ml_engine: Predicted bond JPN_Green_Bonds_2017: score=40.9 [Medium-Low]
[2026-04-22 17:13:10,367] DEBUG greenlens.worldbank_climate: WB CKP API pr/JPN returned 404
[2026-04-22 17:13:10,367] DEBUG greenlens.worldbank_climate: WB flood fallback JPN \u2192 0.580
[2026-04-22 17:13:10,469] DEBUG greenlens.worldbank_climate: WB CKP API tas/JPN returned 404
[2026-04-22 17:13:10,469] DEBUG greenlens.worldbank_climate: WB heat fallback JPN \u2192 0.450
[2026-04-22 17:13:10,485] INFO greenlens.ml_engine: Predicted bond JPN_Green_Bonds_2018: score=40.9 [Medium-Low]
[2026-04-22 17:13:11,085] DEBUG greenlens.worldbank_climate: WB CKP API pr/JPN returned 404
[2026-04-22 17:13:11,085] DEBUG greenlens.worldbank_climate: WB flood fallback JPN \u2192 0.580
[2026-04-22 17:13:11,189] DEBUG greenlens.worldbank_climate: WB CKP API tas/JPN returned 404
[2026-04-22 17:13:11,189] DEBUG greenlens.worldbank_climate: WB heat fallback JPN \u2192 0.450
[2026-04-22 17:13:11,214] INFO greenlens.ml_engine: Predicted bond JPN_Green_Bonds_2019: score=40.9 [Medium-Low]
[2026-04-22 17:13:11,807] DEBUG greenlens.worldbank_climate: WB CKP API pr/JPN returned 404
[2026-04-22 17:13:11,807] DEBUG greenlens.worldbank_climate: WB flood fallback JPN \u2192 0.580
[2026-04-22 17:13:11,901] DEBUG greenlens.worldbank_climate: WB CKP API tas/JPN returned 404
[2026-04-22 17:13:11,901] DEBUG greenlens.worldbank_climate: WB heat fallback JPN \u2192 0.450
[2026-04-22 17:13:11,917] INFO greenlens.ml_engine: Predicted bond JPN_Green_Bonds_2020: score=40.9 [Medium-Low]
[2026-04-22 17:13:12,621] DEBUG greenlens.worldbank_climate: WB CKP API pr/JPN returned 404
[2026-04-22 17:13:12,621] DEBUG greenlens.worldbank_climate: WB flood fallback JPN \u2192 0.580
[2026-04-22 17:13:12,730] DEBUG greenlens.worldbank_climate: WB CKP API tas/JPN returned 404
[2026-04-22 17:13:12,730] DEBUG greenlens.worldbank_climate: WB heat fallback JPN \u2192 0.450
[2026-04-22 17:13:12,748] INFO greenlens.ml_engine: Predicted bond JPN_Green_Bonds_2021: score=40.9 [Medium-Low]
[2026-04-22 17:13:13,447] DEBUG greenlens.worldbank_climate: WB CKP API pr/JPN returned 404
[2026-04-22 17:13:13,447] DEBUG greenlens.worldbank_climate: WB flood fallback JPN \u2192 0.580
[2026-04-22 17:13:13,517] DEBUG greenlens.worldbank_climate: WB CKP API tas/JPN returned 404
[2026-04-22 17:13:13,518] DEBUG greenlens.worldbank_climate: WB heat fallback JPN \u2192 0.450
[2026-04-22 17:13:13,544] INFO greenlens.ml_engine: Predicted bond JPN_Green_Bonds_2022: score=40.9 [Medium-Low]
[2026-04-22 17:13:14,129] DEBUG greenlens.worldbank_climate: WB CKP API pr/JPN returned 404
[2026-04-22 17:13:14,129] DEBUG greenlens.worldbank_climate: WB flood fallback JPN \u2192 0.580
[2026-04-22 17:13:14,188] DEBUG greenlens.worldbank_climate: WB CKP API tas/JPN returned 404
[2026-04-22 17:13:14,188] DEBUG greenlens.worldbank_climate: WB heat fallback JPN \u2192 0.450
[2026-04-22 17:13:14,212] INFO greenlens.ml_engine: Predicted bond JPN_Green_Bonds_2023: score=40.9 [Medium-Low]
[2026-04-22 17:13:14,872] DEBUG greenlens.worldbank_climate: WB CKP API pr/JPN returned 404
[2026-04-22 17:13:14,872] DEBUG greenlens.worldbank_climate: WB flood fallback JPN \u2192 0.580
[2026-04-22 17:13:14,951] DEBUG greenlens.worldbank_climate: WB CKP API tas/JPN returned 404
[2026-04-22 17:13:14,952] DEBUG greenlens.worldbank_climate: WB heat fallback JPN \u2192 0.450
[2026-04-22 17:13:14,973] INFO greenlens.ml_engine: Predicted bond JPN_Green_Bonds_2024: score=40.9 [Medium-Low]
[2026-04-22 17:13:15,589] DEBUG greenlens.worldbank_climate: WB CKP API pr/JPN returned 404
[2026-04-22 17:13:15,589] DEBUG greenlens.worldbank_climate: WB flood fallback JPN \u2192 0.580
[2026-04-22 17:13:15,692] DEBUG greenlens.worldbank_climate: WB CKP API tas/JPN returned 404
[2026-04-22 17:13:15,692] DEBUG greenlens.worldbank_climate: WB heat fallback JPN \u2192 0.450
[2026-04-22 17:13:15,716] INFO greenlens.ml_engine: Predicted bond JPN_Social_Bond_2016: score=40.9 [Medium-Low]
[2026-04-22 17:13:16,306] DEBUG greenlens.worldbank_climate: WB CKP API pr/JPN returned 404
[2026-04-22 17:13:16,306] DEBUG greenlens.worldbank_climate: WB flood fallback JPN \u2192 0.580
[2026-04-22 17:13:16,407] DEBUG greenlens.worldbank_climate: WB CKP API tas/JPN returned 404
[2026-04-22 17:13:16,407] DEBUG greenlens.worldbank_climate: WB heat fallback JPN \u2192 0.450
[2026-04-22 17:13:16,423] INFO greenlens.ml_engine: Predicted bond JPN_Social_Bond_2017: score=40.9 [Medium-Low]
[2026-04-22 17:13:17,013] DEBUG greenlens.worldbank_climate: WB CKP API pr/JPN returned 404
[2026-04-22 17:13:17,013] DEBUG greenlens.worldbank_climate: WB flood fallback JPN \u2192 0.580
[2026-04-22 17:13:17,087] DEBUG greenlens.worldbank_climate: WB CKP API tas/JPN returned 404
[2026-04-22 17:13:17,087] DEBUG greenlens.worldbank_climate: WB heat fallback JPN \u2192 0.450
[2026-04-22 17:13:17,103] INFO greenlens.ml_engine: Predicted bond JPN_Social_Bond_2018: score=40.9 [Medium-Low]
[2026-04-22 17:13:17,740] DEBUG greenlens.worldbank_climate: WB CKP API pr/JPN returned 404
[2026-04-22 17:13:17,740] DEBUG greenlens.worldbank_climate: WB flood fallback JPN \u2192 0.580
[2026-04-22 17:13:17,843] DEBUG greenlens.worldbank_climate: WB CKP API tas/JPN returned 404
[2026-04-22 17:13:17,843] DEBUG greenlens.worldbank_climate: WB heat fallback JPN \u2192 0.450
[2026-04-22 17:13:17,859] INFO greenlens.ml_engine: Predicted bond JPN_Social_Bond_2019: score=40.9 [Medium-Low]
[2026-04-22 17:13:18,456] DEBUG greenlens.worldbank_climate: WB CKP API pr/JPN returned 404
[2026-04-22 17:13:18,456] DEBUG greenlens.worldbank_climate: WB flood fallback JPN \u2192 0.580
[2026-04-22 17:13:18,558] DEBUG greenlens.worldbank_climate: WB CKP API tas/JPN returned 404
[2026-04-22 17:13:18,558] DEBUG greenlens.worldbank_climate: WB heat fallback JPN \u2192 0.450
[2026-04-22 17:13:18,577] INFO greenlens.ml_engine: Predicted bond JPN_Social_Bond_2020: score=40.9 [Medium-Low]
[2026-04-22 17:13:19,274] DEBUG greenlens.worldbank_climate: WB CKP API pr/JPN returned 404
[2026-04-22 17:13:19,275] DEBUG greenlens.worldbank_climate: WB flood fallback JPN \u2192 0.580
[2026-04-22 17:13:19,357] DEBUG greenlens.worldbank_climate: WB CKP API tas/JPN returned 404
[2026-04-22 17:13:19,357] DEBUG greenlens.worldbank_climate: WB heat fallback JPN \u2192 0.450
[2026-04-22 17:13:19,382] INFO greenlens.ml_engine: Predicted bond JPN_Social_Bond_2021: score=40.9 [Medium-Low]
[2026-04-22 17:13:19,993] DEBUG greenlens.worldbank_climate: WB CKP API pr/JPN returned 404
[2026-04-22 17:13:19,993] DEBUG greenlens.worldbank_climate: WB flood fallback JPN \u2192 0.580
[2026-04-22 17:13:20,095] DEBUG greenlens.worldbank_climate: WB CKP API tas/JPN returned 404
[2026-04-22 17:13:20,095] DEBUG greenlens.worldbank_climate: WB heat fallback JPN \u2192 0.450
[2026-04-22 17:13:20,110] INFO greenlens.ml_engine: Predicted bond JPN_Social_Bond_2022: score=40.9 [Medium-Low]
[2026-04-22 17:13:20,709] DEBUG greenlens.worldbank_climate: WB CKP API pr/JPN returned 404
[2026-04-22 17:13:20,709] DEBUG greenlens.worldbank_climate: WB flood fallback JPN \u2192 0.580
[2026-04-22 17:13:20,781] DEBUG greenlens.worldbank_climate: WB CKP API tas/JPN returned 404
[2026-04-22 17:13:20,781] DEBUG greenlens.worldbank_climate: WB heat fallback JPN \u2192 0.450
[2026-04-22 17:13:20,802] INFO greenlens.ml_engine: Predicted bond JPN_Social_Bond_2023: score=40.9 [Medium-Low]
[2026-04-22 17:13:21,426] DEBUG greenlens.worldbank_climate: WB CKP API pr/JPN returned 404
[2026-04-22 17:13:21,426] DEBUG greenlens.worldbank_climate: WB flood fallback JPN \u2192 0.580
[2026-04-22 17:13:21,527] DEBUG greenlens.worldbank_climate: WB CKP API tas/JPN returned 404
[2026-04-22 17:13:21,527] DEBUG greenlens.worldbank_climate: WB heat fallback JPN \u2192 0.450
[2026-04-22 17:13:21,546] INFO greenlens.ml_engine: Predicted bond JPN_Social_Bond_2024: score=40.9 [Medium-Low]
[2026-04-22 17:13:22,142] DEBUG greenlens.worldbank_climate: WB CKP API pr/JPN returned 404
[2026-04-22 17:13:22,142] DEBUG greenlens.worldbank_climate: WB flood fallback JPN \u2192 0.580
[2026-04-22 17:13:22,211] DEBUG greenlens.worldbank_climate: WB CKP API tas/JPN returned 404
[2026-04-22 17:13:22,211] DEBUG greenlens.worldbank_climate: WB heat fallback JPN \u2192 0.450
[2026-04-22 17:13:22,229] INFO greenlens.ml_engine: Predicted bond JPN_Sustainabili_2017: score=40.9 [Medium-Low]
[2026-04-22 17:13:22,859] DEBUG greenlens.worldbank_climate: WB CKP API pr/JPN returned 404
[2026-04-22 17:13:22,859] DEBUG greenlens.worldbank_climate: WB flood fallback JPN \u2192 0.580
[2026-04-22 17:13:22,964] DEBUG greenlens.worldbank_climate: WB CKP API tas/JPN returned 404
[2026-04-22 17:13:22,964] DEBUG greenlens.worldbank_climate: WB heat fallback JPN \u2192 0.450
[2026-04-22 17:13:22,987] INFO greenlens.ml_engine: Predicted bond JPN_Sustainabili_2018: score=40.9 [Medium-Low]
[2026-04-22 17:13:23,783] DEBUG greenlens.worldbank_climate: WB CKP API pr/JPN returned 404
[2026-04-22 17:13:23,783] DEBUG greenlens.worldbank_climate: WB flood fallback JPN \u2192 0.580
[2026-04-22 17:13:23,897] DEBUG greenlens.worldbank_climate: WB CKP API tas/JPN returned 404
[2026-04-22 17:13:23,897] DEBUG greenlens.worldbank_climate: WB heat fallback JPN \u2192 0.450
[2026-04-22 17:13:23,919] INFO greenlens.ml_engine: Predicted bond JPN_Sustainabili_2019: score=40.9 [Medium-Low]
[2026-04-22 17:13:24,599] DEBUG greenlens.worldbank_climate: WB CKP API pr/JPN returned 404
[2026-04-22 17:13:24,599] DEBUG greenlens.worldbank_climate: WB flood fallback JPN \u2192 0.580
[2026-04-22 17:13:24,702] DEBUG greenlens.worldbank_climate: WB CKP API tas/JPN returned 404
[2026-04-22 17:13:24,703] DEBUG greenlens.worldbank_climate: WB heat fallback JPN \u2192 0.450
[2026-04-22 17:13:24,721] INFO greenlens.ml_engine: Predicted bond JPN_Sustainabili_2020: score=40.9 [Medium-Low]
[2026-04-22 17:13:25,267] DEBUG greenlens.worldbank_climate: WB CKP API pr/JPN returned 404
[2026-04-22 17:13:25,267] DEBUG greenlens.worldbank_climate: WB flood fallback JPN \u2192 0.580
[2026-04-22 17:13:25,419] DEBUG greenlens.worldbank_climate: WB CKP API tas/JPN returned 404
[2026-04-22 17:13:25,419] DEBUG greenlens.worldbank_climate: WB heat fallback JPN \u2192 0.450
[2026-04-22 17:13:25,446] INFO greenlens.ml_engine: Predicted bond JPN_Sustainabili_2021: score=40.9 [Medium-Low]
[2026-04-22 17:13:26,137] DEBUG greenlens.worldbank_climate: WB CKP API pr/JPN returned 404
[2026-04-22 17:13:26,137] DEBUG greenlens.worldbank_climate: WB flood fallback JPN \u2192 0.580
[2026-04-22 17:13:26,228] DEBUG greenlens.worldbank_climate: WB CKP API tas/JPN returned 404
[2026-04-22 17:13:26,228] DEBUG greenlens.worldbank_climate: WB heat fallback JPN \u2192 0.450
[2026-04-22 17:13:26,254] INFO greenlens.ml_engine: Predicted bond JPN_Sustainabili_2022: score=40.9 [Medium-Low]
[2026-04-22 17:13:26,852] DEBUG greenlens.worldbank_climate: WB CKP API pr/JPN returned 404
[2026-04-22 17:13:26,852] DEBUG greenlens.worldbank_climate: WB flood fallback JPN \u2192 0.580
[2026-04-22 17:13:26,955] DEBUG greenlens.worldbank_climate: WB CKP API tas/JPN returned 404
[2026-04-22 17:13:26,955] DEBUG greenlens.worldbank_climate: WB heat fallback JPN \u2192 0.450
[2026-04-22 17:13:26,978] INFO greenlens.ml_engine: Predicted bond JPN_Sustainabili_2023: score=40.9 [Medium-Low]
[2026-04-22 17:13:27,735] DEBUG greenlens.worldbank_climate: WB CKP API pr/JPN returned 404
[2026-04-22 17:13:27,735] DEBUG greenlens.worldbank_climate: WB flood fallback JPN \u2192 0.580
[2026-04-22 17:13:27,884] DEBUG greenlens.worldbank_climate: WB CKP API tas/JPN returned 404
[2026-04-22 17:13:27,884] DEBUG greenlens.worldbank_climate: WB heat fallback JPN \u2192 0.450
[2026-04-22 17:13:27,912] INFO greenlens.ml_engine: Predicted bond JPN_Sustainabili_2024: score=40.9 [Medium-Low]
[2026-04-22 17:13:28,490] DEBUG greenlens.worldbank_climate: WB CKP API pr/JPN returned 404
[2026-04-22 17:13:28,491] DEBUG greenlens.worldbank_climate: WB flood fallback JPN \u2192 0.580
[2026-04-22 17:13:28,593] DEBUG greenlens.worldbank_climate: WB CKP API tas/JPN returned 404
[2026-04-22 17:13:28,593] DEBUG greenlens.worldbank_climate: WB heat fallback JPN \u2192 0.450
[2026-04-22 17:13:28,616] INFO greenlens.ml_engine: Predicted bond JPN_Linked_Bond_2020: score=40.9 [Medium-Low]
[2026-04-22 17:13:29,310] DEBUG greenlens.worldbank_climate: WB CKP API pr/JPN returned 404
[2026-04-22 17:13:29,311] DEBUG greenlens.worldbank_climate: WB flood fallback JPN \u2192 0.580
[2026-04-22 17:13:29,414] DEBUG greenlens.worldbank_climate: WB CKP API tas/JPN returned 404
[2026-04-22 17:13:29,414] DEBUG greenlens.worldbank_climate: WB heat fallback JPN \u2192 0.450
[2026-04-22 17:13:29,441] INFO greenlens.ml_engine: Predicted bond JPN_Linked_Bond_2021: score=40.9 [Medium-Low]
[2026-04-22 17:13:30,027] DEBUG greenlens.worldbank_climate: WB CKP API pr/JPN returned 404
[2026-04-22 17:13:30,027] DEBUG greenlens.worldbank_climate: WB flood fallback JPN \u2192 0.580
[2026-04-22 17:13:30,129] DEBUG greenlens.worldbank_climate: WB CKP API tas/JPN returned 404
[2026-04-22 17:13:30,130] DEBUG greenlens.worldbank_climate: WB heat fallback JPN \u2192 0.450
[2026-04-22 17:13:30,147] INFO greenlens.ml_engine: Predicted bond JPN_Linked_Bond_2022: score=40.9 [Medium-Low]
[2026-04-22 17:13:30,744] DEBUG greenlens.worldbank_climate: WB CKP API pr/JPN returned 404
[2026-04-22 17:13:30,744] DEBUG greenlens.worldbank_climate: WB flood fallback JPN \u2192 0.580
[2026-04-22 17:13:30,848] DEBUG greenlens.worldbank_climate: WB CKP API tas/JPN returned 404
[2026-04-22 17:13:30,848] DEBUG greenlens.worldbank_climate: WB heat fallback JPN \u2192 0.450
[2026-04-22 17:13:30,869] INFO greenlens.ml_engine: Predicted bond JPN_Linked_Bond_2023: score=40.9 [Medium-Low]
[2026-04-22 17:13:31,574] DEBUG greenlens.worldbank_climate: WB CKP API pr/JPN returned 404
[2026-04-22 17:13:31,574] DEBUG greenlens.worldbank_climate: WB flood fallback JPN \u2192 0.580
[2026-04-22 17:13:31,665] DEBUG greenlens.worldbank_climate: WB CKP API tas/JPN returned 404
[2026-04-22 17:13:31,665] DEBUG greenlens.worldbank_climate: WB heat fallback JPN \u2192 0.450
[2026-04-22 17:13:31,685] INFO greenlens.ml_engine: Predicted bond JPN_Linked_Bond_2024: score=40.9 [Medium-Low]
[2026-04-22 17:13:32,383] DEBUG greenlens.worldbank_climate: WB CKP API pr/JEY returned 404
[2026-04-22 17:13:32,384] DEBUG greenlens.worldbank_climate: WB flood fallback JEY \u2192 0.400
[2026-04-22 17:13:32,457] DEBUG greenlens.worldbank_climate: WB CKP API tas/JEY returned 404
[2026-04-22 17:13:32,458] DEBUG greenlens.worldbank_climate: WB heat fallback JEY \u2192 0.450
[2026-04-22 17:13:32,479] INFO greenlens.ml_engine: Predicted bond JEY_Green_Bonds_2019: score=31.8 [Medium-Low]
[2026-04-22 17:13:33,166] DEBUG greenlens.worldbank_climate: WB CKP API pr/JEY returned 404
[2026-04-22 17:13:33,166] DEBUG greenlens.worldbank_climate: WB flood fallback JEY \u2192 0.400
[2026-04-22 17:13:33,246] DEBUG greenlens.worldbank_climate: WB CKP API tas/JEY returned 404
[2026-04-22 17:13:33,246] DEBUG greenlens.worldbank_climate: WB heat fallback JEY \u2192 0.450
[2026-04-22 17:13:33,270] INFO greenlens.ml_engine: Predicted bond JEY_Green_Bonds_2020: score=31.8 [Medium-Low]
[2026-04-22 17:13:34,086] DEBUG greenlens.worldbank_climate: WB CKP API pr/JEY returned 404
[2026-04-22 17:13:34,086] DEBUG greenlens.worldbank_climate: WB flood fallback JEY \u2192 0.400
[2026-04-22 17:13:34,236] DEBUG greenlens.worldbank_climate: WB CKP API tas/JEY returned 404
[2026-04-22 17:13:34,236] DEBUG greenlens.worldbank_climate: WB heat fallback JEY \u2192 0.450
[2026-04-22 17:13:34,263] INFO greenlens.ml_engine: Predicted bond JEY_Green_Bonds_2021: score=31.8 [Medium-Low]
[2026-04-22 17:13:35,150] DEBUG greenlens.worldbank_climate: WB CKP API pr/JEY returned 404
[2026-04-22 17:13:35,150] DEBUG greenlens.worldbank_climate: WB flood fallback JEY \u2192 0.400
[2026-04-22 17:13:35,351] DEBUG greenlens.worldbank_climate: WB CKP API tas/JEY returned 404
[2026-04-22 17:13:35,351] DEBUG greenlens.worldbank_climate: WB heat fallback JEY \u2192 0.450
[2026-04-22 17:13:35,377] INFO greenlens.ml_engine: Predicted bond JEY_Sustainabili_2020: score=31.8 [Medium-Low]
[2026-04-22 17:13:36,388] DEBUG greenlens.worldbank_climate: WB CKP API pr/JEY returned 404
[2026-04-22 17:13:36,389] DEBUG greenlens.worldbank_climate: WB flood fallback JEY \u2192 0.400
[2026-04-22 17:13:36,479] DEBUG greenlens.worldbank_climate: WB CKP API tas/JEY returned 404
[2026-04-22 17:13:36,479] DEBUG greenlens.worldbank_climate: WB heat fallback JEY \u2192 0.450
[2026-04-22 17:13:36,507] INFO greenlens.ml_engine: Predicted bond JEY_Sustainabili_2021: score=31.8 [Medium-Low]
[2026-04-22 17:13:37,297] DEBUG greenlens.worldbank_climate: WB CKP API pr/JEY returned 404
[2026-04-22 17:13:37,297] DEBUG greenlens.worldbank_climate: WB flood fallback JEY \u2192 0.400
[2026-04-22 17:13:37,400] DEBUG greenlens.worldbank_climate: WB CKP API tas/JEY returned 404
[2026-04-22 17:13:37,400] DEBUG greenlens.worldbank_climate: WB heat fallback JEY \u2192 0.450
[2026-04-22 17:13:37,422] INFO greenlens.ml_engine: Predicted bond JEY_Sustainabili_2022: score=31.8 [Medium-Low]
[2026-04-22 17:13:38,014] DEBUG greenlens.worldbank_climate: WB CKP API pr/JEY returned 404
[2026-04-22 17:13:38,014] DEBUG greenlens.worldbank_climate: WB flood fallback JEY \u2192 0.400
[2026-04-22 17:13:38,117] DEBUG greenlens.worldbank_climate: WB CKP API tas/JEY returned 404
[2026-04-22 17:13:38,117] DEBUG greenlens.worldbank_climate: WB heat fallback JEY \u2192 0.450
[2026-04-22 17:13:38,143] INFO greenlens.ml_engine: Predicted bond JEY_Sustainabili_2023: score=31.8 [Medium-Low]
[2026-04-22 17:13:38,730] DEBUG greenlens.worldbank_climate: WB CKP API pr/JEY returned 404
[2026-04-22 17:13:38,730] DEBUG greenlens.worldbank_climate: WB flood fallback JEY \u2192 0.400
[2026-04-22 17:13:38,834] DEBUG greenlens.worldbank_climate: WB CKP API tas/JEY returned 404
[2026-04-22 17:13:38,834] DEBUG greenlens.worldbank_climate: WB heat fallback JEY \u2192 0.450
[2026-04-22 17:13:38,858] INFO greenlens.ml_engine: Predicted bond JEY_Linked_Bond_2023: score=31.8 [Medium-Low]
[2026-04-22 17:13:39,502] DEBUG greenlens.worldbank_climate: WB CKP API pr/JEY returned 404
[2026-04-22 17:13:39,502] DEBUG greenlens.worldbank_climate: WB flood fallback JEY \u2192 0.400
[2026-04-22 17:13:39,653] DEBUG greenlens.worldbank_climate: WB CKP API tas/JEY returned 404
[2026-04-22 17:13:39,653] DEBUG greenlens.worldbank_climate: WB heat fallback JEY \u2192 0.450
[2026-04-22 17:13:39,669] INFO greenlens.ml_engine: Predicted bond JEY_Linked_Bond_2024: score=31.8 [Medium-Low]
[2026-04-22 17:13:40,253] DEBUG greenlens.worldbank_climate: WB CKP API pr/JOR returned 404
[2026-04-22 17:13:40,253] DEBUG greenlens.worldbank_climate: WB flood fallback JOR \u2192 0.400
[2026-04-22 17:13:40,369] DEBUG greenlens.worldbank_climate: WB CKP API tas/JOR returned 404
[2026-04-22 17:13:40,370] DEBUG greenlens.worldbank_climate: WB heat fallback JOR \u2192 0.450
[2026-04-22 17:13:40,391] INFO greenlens.ml_engine: Predicted bond JOR_Sustainabili_2023: score=31.8 [Medium-Low]
[2026-04-22 17:13:40,985] DEBUG greenlens.worldbank_climate: WB CKP API pr/KAZ returned 404
[2026-04-22 17:13:40,986] DEBUG greenlens.worldbank_climate: WB flood fallback KAZ \u2192 0.250
[2026-04-22 17:13:41,086] DEBUG greenlens.worldbank_climate: WB CKP API tas/KAZ returned 404
[2026-04-22 17:13:41,086] DEBUG greenlens.worldbank_climate: WB heat fallback KAZ \u2192 0.350
[2026-04-22 17:13:41,103] INFO greenlens.ml_engine: Predicted bond KAZ_Green_Bonds_2021: score=22.2 [Medium-Low]
[2026-04-22 17:13:41,816] DEBUG greenlens.worldbank_climate: WB CKP API pr/KAZ returned 404
[2026-04-22 17:13:41,816] DEBUG greenlens.worldbank_climate: WB flood fallback KAZ \u2192 0.250
[2026-04-22 17:13:41,905] DEBUG greenlens.worldbank_climate: WB CKP API tas/KAZ returned 404
[2026-04-22 17:13:41,905] DEBUG greenlens.worldbank_climate: WB heat fallback KAZ \u2192 0.350
[2026-04-22 17:13:41,928] INFO greenlens.ml_engine: Predicted bond KAZ_Green_Bonds_2022: score=22.2 [Medium-Low]
[2026-04-22 17:13:42,723] DEBUG greenlens.worldbank_climate: WB CKP API pr/KAZ returned 404
[2026-04-22 17:13:42,723] DEBUG greenlens.worldbank_climate: WB flood fallback KAZ \u2192 0.250
[2026-04-22 17:13:42,827] DEBUG greenlens.worldbank_climate: WB CKP API tas/KAZ returned 404
[2026-04-22 17:13:42,827] DEBUG greenlens.worldbank_climate: WB heat fallback KAZ \u2192 0.350
[2026-04-22 17:13:42,849] INFO greenlens.ml_engine: Predicted bond KAZ_Green_Bonds_2023: score=22.2 [Medium-Low]
[2026-04-22 17:13:43,441] DEBUG greenlens.worldbank_climate: WB CKP API pr/KAZ returned 404
[2026-04-22 17:13:43,441] DEBUG greenlens.worldbank_climate: WB flood fallback KAZ \u2192 0.250
[2026-04-22 17:13:43,507] DEBUG greenlens.worldbank_climate: WB CKP API tas/KAZ returned 404
[2026-04-22 17:13:43,508] DEBUG greenlens.worldbank_climate: WB heat fallback KAZ \u2192 0.350
[2026-04-22 17:13:43,537] INFO greenlens.ml_engine: Predicted bond KAZ_Sustainabili_2024: score=22.2 [Medium-Low]
[2026-04-22 17:13:44,159] DEBUG greenlens.worldbank_climate: WB CKP API pr/KEN returned 404
[2026-04-22 17:13:44,159] DEBUG greenlens.worldbank_climate: WB flood fallback KEN \u2192 0.500
[2026-04-22 17:13:44,267] DEBUG greenlens.worldbank_climate: WB CKP API tas/KEN returned 404
[2026-04-22 17:13:44,268] DEBUG greenlens.worldbank_climate: WB heat fallback KEN \u2192 0.600
[2026-04-22 17:13:44,284] INFO greenlens.ml_engine: Predicted bond KEN_Green_Bonds_2019: score=40.9 [Medium-Low]
[2026-04-22 17:13:44,977] DEBUG greenlens.worldbank_climate: WB CKP API pr/KOR returned 404
[2026-04-22 17:13:44,977] DEBUG greenlens.worldbank_climate: WB flood fallback KOR \u2192 0.500
[2026-04-22 17:13:45,080] DEBUG greenlens.worldbank_climate: WB CKP API tas/KOR returned 404
[2026-04-22 17:13:45,080] DEBUG greenlens.worldbank_climate: WB heat fallback KOR \u2192 0.400
[2026-04-22 17:13:45,097] INFO greenlens.ml_engine: Predicted bond KOR_Green_Bonds_2013: score=35.2 [Medium-Low]
[2026-04-22 17:13:45,899] DEBUG greenlens.worldbank_climate: WB CKP API pr/KOR returned 404
[2026-04-22 17:13:45,899] DEBUG greenlens.worldbank_climate: WB flood fallback KOR \u2192 0.500
[2026-04-22 17:13:46,068] DEBUG greenlens.worldbank_climate: WB CKP API tas/KOR returned 404
[2026-04-22 17:13:46,068] DEBUG greenlens.worldbank_climate: WB heat fallback KOR \u2192 0.400
[2026-04-22 17:13:46,095] INFO greenlens.ml_engine: Predicted bond KOR_Green_Bonds_2016: score=35.2 [Medium-Low]
[2026-04-22 17:13:46,825] DEBUG greenlens.worldbank_climate: WB CKP API pr/KOR returned 404
[2026-04-22 17:13:46,825] DEBUG greenlens.worldbank_climate: WB flood fallback KOR \u2192 0.500
[2026-04-22 17:13:46,895] DEBUG greenlens.worldbank_climate: WB CKP API tas/KOR returned 404
[2026-04-22 17:13:46,895] DEBUG greenlens.worldbank_climate: WB heat fallback KOR \u2192 0.400
[2026-04-22 17:13:46,912] INFO greenlens.ml_engine: Predicted bond KOR_Green_Bonds_2017: score=35.2 [Medium-Low]
[2026-04-22 17:13:47,502] DEBUG greenlens.worldbank_climate: WB CKP API pr/KOR returned 404
[2026-04-22 17:13:47,503] DEBUG greenlens.worldbank_climate: WB flood fallback KOR \u2192 0.500
[2026-04-22 17:13:47,640] DEBUG greenlens.worldbank_climate: WB CKP API tas/KOR returned 404
[2026-04-22 17:13:47,640] DEBUG greenlens.worldbank_climate: WB heat fallback KOR \u2192 0.400
[2026-04-22 17:13:47,663] INFO greenlens.ml_engine: Predicted bond KOR_Green_Bonds_2018: score=35.2 [Medium-Low]
[2026-04-22 17:13:48,204] DEBUG greenlens.worldbank_climate: WB CKP API pr/KOR returned 404
[2026-04-22 17:13:48,204] DEBUG greenlens.worldbank_climate: WB flood fallback KOR \u2192 0.500
[2026-04-22 17:13:48,280] DEBUG greenlens.worldbank_climate: WB CKP API tas/KOR returned 404
[2026-04-22 17:13:48,280] DEBUG greenlens.worldbank_climate: WB heat fallback KOR \u2192 0.400
[2026-04-22 17:13:48,303] INFO greenlens.ml_engine: Predicted bond KOR_Green_Bonds_2019: score=35.2 [Medium-Low]
[2026-04-22 17:13:48,923] DEBUG greenlens.worldbank_climate: WB CKP API pr/KOR returned 404
[2026-04-22 17:13:48,923] DEBUG greenlens.worldbank_climate: WB flood fallback KOR \u2192 0.500
[2026-04-22 17:13:49,074] DEBUG greenlens.worldbank_climate: WB CKP API tas/KOR returned 404
[2026-04-22 17:13:49,074] DEBUG greenlens.worldbank_climate: WB heat fallback KOR \u2192 0.400
[2026-04-22 17:13:49,091] INFO greenlens.ml_engine: Predicted bond KOR_Green_Bonds_2020: score=35.2 [Medium-Low]
[2026-04-22 17:13:49,742] DEBUG greenlens.worldbank_climate: WB CKP API pr/KOR returned 404
[2026-04-22 17:13:49,742] DEBUG greenlens.worldbank_climate: WB flood fallback KOR \u2192 0.500
[2026-04-22 17:13:49,892] DEBUG greenlens.worldbank_climate: WB CKP API tas/KOR returned 404
[2026-04-22 17:13:49,892] DEBUG greenlens.worldbank_climate: WB heat fallback KOR \u2192 0.400
[2026-04-22 17:13:49,912] INFO greenlens.ml_engine: Predicted bond KOR_Green_Bonds_2021: score=35.2 [Medium-Low]
[2026-04-22 17:13:50,463] DEBUG greenlens.worldbank_climate: WB CKP API pr/KOR returned 404
[2026-04-22 17:13:50,464] DEBUG greenlens.worldbank_climate: WB flood fallback KOR \u2192 0.500
[2026-04-22 17:13:50,609] DEBUG greenlens.worldbank_climate: WB CKP API tas/KOR returned 404
[2026-04-22 17:13:50,609] DEBUG greenlens.worldbank_climate: WB heat fallback KOR \u2192 0.400
[2026-04-22 17:13:50,629] INFO greenlens.ml_engine: Predicted bond KOR_Green_Bonds_2022: score=35.2 [Medium-Low]
[2026-04-22 17:13:51,227] DEBUG greenlens.worldbank_climate: WB CKP API pr/KOR returned 404
[2026-04-22 17:13:51,227] DEBUG greenlens.worldbank_climate: WB flood fallback KOR \u2192 0.500
[2026-04-22 17:13:51,326] DEBUG greenlens.worldbank_climate: WB CKP API tas/KOR returned 404
[2026-04-22 17:13:51,326] DEBUG greenlens.worldbank_climate: WB heat fallback KOR \u2192 0.400
[2026-04-22 17:13:51,342] INFO greenlens.ml_engine: Predicted bond KOR_Green_Bonds_2023: score=35.2 [Medium-Low]
[2026-04-22 17:13:51,944] DEBUG greenlens.worldbank_climate: WB CKP API pr/KOR returned 404
[2026-04-22 17:13:51,944] DEBUG greenlens.worldbank_climate: WB flood fallback KOR \u2192 0.500
[2026-04-22 17:13:52,036] DEBUG greenlens.worldbank_climate: WB CKP API tas/KOR returned 404
[2026-04-22 17:13:52,036] DEBUG greenlens.worldbank_climate: WB heat fallback KOR \u2192 0.400
[2026-04-22 17:13:52,053] INFO greenlens.ml_engine: Predicted bond KOR_Green_Bonds_2024: score=35.2 [Medium-Low]
[2026-04-22 17:13:52,759] DEBUG greenlens.worldbank_climate: WB CKP API pr/KOR returned 404
[2026-04-22 17:13:52,759] DEBUG greenlens.worldbank_climate: WB flood fallback KOR \u2192 0.500
[2026-04-22 17:13:52,862] DEBUG greenlens.worldbank_climate: WB CKP API tas/KOR returned 404
[2026-04-22 17:13:52,862] DEBUG greenlens.worldbank_climate: WB heat fallback KOR \u2192 0.400
[2026-04-22 17:13:52,879] INFO greenlens.ml_engine: Predicted bond KOR_Social_Bond_2018: score=35.2 [Medium-Low]
[2026-04-22 17:13:53,480] DEBUG greenlens.worldbank_climate: WB CKP API pr/KOR returned 404
[2026-04-22 17:13:53,480] DEBUG greenlens.worldbank_climate: WB flood fallback KOR \u2192 0.500
[2026-04-22 17:13:53,564] DEBUG greenlens.worldbank_climate: WB CKP API tas/KOR returned 404
[2026-04-22 17:13:53,564] DEBUG greenlens.worldbank_climate: WB heat fallback KOR \u2192 0.400
[2026-04-22 17:13:53,582] INFO greenlens.ml_engine: Predicted bond KOR_Social_Bond_2019: score=35.2 [Medium-Low]
[2026-04-22 17:13:54,193] DEBUG greenlens.worldbank_climate: WB CKP API pr/KOR returned 404
[2026-04-22 17:13:54,193] DEBUG greenlens.worldbank_climate: WB flood fallback KOR \u2192 0.500
[2026-04-22 17:13:54,294] DEBUG greenlens.worldbank_climate: WB CKP API tas/KOR returned 404
[2026-04-22 17:13:54,295] DEBUG greenlens.worldbank_climate: WB heat fallback KOR \u2192 0.400
[2026-04-22 17:13:54,318] INFO greenlens.ml_engine: Predicted bond KOR_Social_Bond_2020: score=35.2 [Medium-Low]
[2026-04-22 17:13:54,909] DEBUG greenlens.worldbank_climate: WB CKP API pr/KOR returned 404
[2026-04-22 17:13:54,909] DEBUG greenlens.worldbank_climate: WB flood fallback KOR \u2192 0.500
[2026-04-22 17:13:55,013] DEBUG greenlens.worldbank_climate: WB CKP API tas/KOR returned 404
[2026-04-22 17:13:55,013] DEBUG greenlens.worldbank_climate: WB heat fallback KOR \u2192 0.400
[2026-04-22 17:13:55,028] INFO greenlens.ml_engine: Predicted bond KOR_Social_Bond_2021: score=35.2 [Medium-Low]
[2026-04-22 17:13:55,626] DEBUG greenlens.worldbank_climate: WB CKP API pr/KOR returned 404
[2026-04-22 17:13:55,627] DEBUG greenlens.worldbank_climate: WB flood fallback KOR \u2192 0.500
[2026-04-22 17:13:55,728] DEBUG greenlens.worldbank_climate: WB CKP API tas/KOR returned 404
[2026-04-22 17:13:55,729] DEBUG greenlens.worldbank_climate: WB heat fallback KOR \u2192 0.400
[2026-04-22 17:13:55,742] INFO greenlens.ml_engine: Predicted bond KOR_Social_Bond_2022: score=35.2 [Medium-Low]
[2026-04-22 17:13:56,309] DEBUG greenlens.worldbank_climate: WB CKP API pr/KOR returned 404
[2026-04-22 17:13:56,310] DEBUG greenlens.worldbank_climate: WB flood fallback KOR \u2192 0.500
[2026-04-22 17:13:56,447] DEBUG greenlens.worldbank_climate: WB CKP API tas/KOR returned 404
[2026-04-22 17:13:56,447] DEBUG greenlens.worldbank_climate: WB heat fallback KOR \u2192 0.400
[2026-04-22 17:13:56,461] INFO greenlens.ml_engine: Predicted bond KOR_Social_Bond_2023: score=35.2 [Medium-Low]
[2026-04-22 17:13:57,061] DEBUG greenlens.worldbank_climate: WB CKP API pr/KOR returned 404
[2026-04-22 17:13:57,061] DEBUG greenlens.worldbank_climate: WB flood fallback KOR \u2192 0.500
[2026-04-22 17:13:57,163] DEBUG greenlens.worldbank_climate: WB CKP API tas/KOR returned 404
[2026-04-22 17:13:57,163] DEBUG greenlens.worldbank_climate: WB heat fallback KOR \u2192 0.400
[2026-04-22 17:13:57,182] INFO greenlens.ml_engine: Predicted bond KOR_Social_Bond_2024: score=35.2 [Medium-Low]
[2026-04-22 17:13:57,886] DEBUG greenlens.worldbank_climate: WB CKP API pr/KOR returned 404
[2026-04-22 17:13:57,886] DEBUG greenlens.worldbank_climate: WB flood fallback KOR \u2192 0.500
[2026-04-22 17:13:57,981] DEBUG greenlens.worldbank_climate: WB CKP API tas/KOR returned 404
[2026-04-22 17:13:57,981] DEBUG greenlens.worldbank_climate: WB heat fallback KOR \u2192 0.400
[2026-04-22 17:13:58,004] INFO greenlens.ml_engine: Predicted bond KOR_Sustainabili_2018: score=35.2 [Medium-Low]
[2026-04-22 17:13:58,596] DEBUG greenlens.worldbank_climate: WB CKP API pr/KOR returned 404
[2026-04-22 17:13:58,596] DEBUG greenlens.worldbank_climate: WB flood fallback KOR \u2192 0.500
[2026-04-22 17:13:58,698] DEBUG greenlens.worldbank_climate: WB CKP API tas/KOR returned 404
[2026-04-22 17:13:58,698] DEBUG greenlens.worldbank_climate: WB heat fallback KOR \u2192 0.400
[2026-04-22 17:13:58,717] INFO greenlens.ml_engine: Predicted bond KOR_Sustainabili_2019: score=35.2 [Medium-Low]
[2026-04-22 17:13:59,314] DEBUG greenlens.worldbank_climate: WB CKP API pr/KOR returned 404
[2026-04-22 17:13:59,314] DEBUG greenlens.worldbank_climate: WB flood fallback KOR \u2192 0.500
[2026-04-22 17:13:59,415] DEBUG greenlens.worldbank_climate: WB CKP API tas/KOR returned 404
[2026-04-22 17:13:59,415] DEBUG greenlens.worldbank_climate: WB heat fallback KOR \u2192 0.400
[2026-04-22 17:13:59,435] INFO greenlens.ml_engine: Predicted bond KOR_Sustainabili_2020: score=35.2 [Medium-Low]
[2026-04-22 17:13:59,986] DEBUG greenlens.worldbank_climate: WB CKP API pr/KOR returned 404
[2026-04-22 17:13:59,986] DEBUG greenlens.worldbank_climate: WB flood fallback KOR \u2192 0.500
[2026-04-22 17:14:00,053] DEBUG greenlens.worldbank_climate: WB CKP API tas/KOR returned 404
[2026-04-22 17:14:00,053] DEBUG greenlens.worldbank_climate: WB heat fallback KOR \u2192 0.400
[2026-04-22 17:14:00,072] INFO greenlens.ml_engine: Predicted bond KOR_Sustainabili_2021: score=35.2 [Medium-Low]
[2026-04-22 17:14:00,746] DEBUG greenlens.worldbank_climate: WB CKP API pr/KOR returned 404
[2026-04-22 17:14:00,747] DEBUG greenlens.worldbank_climate: WB flood fallback KOR \u2192 0.500
[2026-04-22 17:14:00,848] DEBUG greenlens.worldbank_climate: WB CKP API tas/KOR returned 404
[2026-04-22 17:14:00,849] DEBUG greenlens.worldbank_climate: WB heat fallback KOR \u2192 0.400
[2026-04-22 17:14:00,872] INFO greenlens.ml_engine: Predicted bond KOR_Sustainabili_2022: score=35.2 [Medium-Low]
[2026-04-22 17:14:01,566] DEBUG greenlens.worldbank_climate: WB CKP API pr/KOR returned 404
[2026-04-22 17:14:01,567] DEBUG greenlens.worldbank_climate: WB flood fallback KOR \u2192 0.500
[2026-04-22 17:14:01,668] DEBUG greenlens.worldbank_climate: WB CKP API tas/KOR returned 404
[2026-04-22 17:14:01,668] DEBUG greenlens.worldbank_climate: WB heat fallback KOR \u2192 0.400
[2026-04-22 17:14:01,693] INFO greenlens.ml_engine: Predicted bond KOR_Sustainabili_2023: score=35.2 [Medium-Low]
[2026-04-22 17:14:02,353] DEBUG greenlens.worldbank_climate: WB CKP API pr/KOR returned 404
[2026-04-22 17:14:02,354] DEBUG greenlens.worldbank_climate: WB flood fallback KOR \u2192 0.500
[2026-04-22 17:14:02,486] DEBUG greenlens.worldbank_climate: WB CKP API tas/KOR returned 404
[2026-04-22 17:14:02,486] DEBUG greenlens.worldbank_climate: WB heat fallback KOR \u2192 0.400
[2026-04-22 17:14:02,505] INFO greenlens.ml_engine: Predicted bond KOR_Sustainabili_2024: score=35.2 [Medium-Low]
[2026-04-22 17:14:03,102] DEBUG greenlens.worldbank_climate: WB CKP API pr/KOR returned 404
[2026-04-22 17:14:03,102] DEBUG greenlens.worldbank_climate: WB flood fallback KOR \u2192 0.500
[2026-04-22 17:14:03,171] DEBUG greenlens.worldbank_climate: WB CKP API tas/KOR returned 404
[2026-04-22 17:14:03,171] DEBUG greenlens.worldbank_climate: WB heat fallback KOR \u2192 0.400
[2026-04-22 17:14:03,196] INFO greenlens.ml_engine: Predicted bond KOR_Linked_Bond_2023: score=35.2 [Medium-Low]
[2026-04-22 17:14:03,819] DEBUG greenlens.worldbank_climate: WB CKP API pr/KOR returned 404
[2026-04-22 17:14:03,819] DEBUG greenlens.worldbank_climate: WB flood fallback KOR \u2192 0.500
[2026-04-22 17:14:03,922] DEBUG greenlens.worldbank_climate: WB CKP API tas/KOR returned 404
[2026-04-22 17:14:03,922] DEBUG greenlens.worldbank_climate: WB heat fallback KOR \u2192 0.400
[2026-04-22 17:14:03,944] INFO greenlens.ml_engine: Predicted bond KOR_Linked_Bond_2024: score=35.2 [Medium-Low]
[2026-04-22 17:14:04,534] DEBUG greenlens.worldbank_climate: WB CKP API pr/LAO returned 404
[2026-04-22 17:14:04,534] DEBUG greenlens.worldbank_climate: WB flood fallback LAO \u2192 0.680
[2026-04-22 17:14:04,638] DEBUG greenlens.worldbank_climate: WB CKP API tas/LAO returned 404
[2026-04-22 17:14:04,638] DEBUG greenlens.worldbank_climate: WB heat fallback LAO \u2192 0.700
[2026-04-22 17:14:04,654] INFO greenlens.ml_engine: Predicted bond LAO_Green_Bonds_2022: score=52.3 [Medium-High]
[2026-04-22 17:14:05,354] DEBUG greenlens.worldbank_climate: WB CKP API pr/LAO returned 404
[2026-04-22 17:14:05,354] DEBUG greenlens.worldbank_climate: WB flood fallback LAO \u2192 0.680
[2026-04-22 17:14:05,457] DEBUG greenlens.worldbank_climate: WB CKP API tas/LAO returned 404
[2026-04-22 17:14:05,458] DEBUG greenlens.worldbank_climate: WB heat fallback LAO \u2192 0.700
[2026-04-22 17:14:05,478] INFO greenlens.ml_engine: Predicted bond LAO_Green_Bonds_2023: score=52.3 [Medium-High]
[2026-04-22 17:14:06,054] DEBUG greenlens.worldbank_climate: WB CKP API pr/LVA returned 404
[2026-04-22 17:14:06,055] DEBUG greenlens.worldbank_climate: WB flood fallback LVA \u2192 0.400
[2026-04-22 17:14:06,173] DEBUG greenlens.worldbank_climate: WB CKP API tas/LVA returned 404
[2026-04-22 17:14:06,173] DEBUG greenlens.worldbank_climate: WB heat fallback LVA \u2192 0.450
[2026-04-22 17:14:06,196] INFO greenlens.ml_engine: Predicted bond LVA_Green_Bonds_2015: score=31.8 [Medium-Low]
[2026-04-22 17:14:06,890] DEBUG greenlens.worldbank_climate: WB CKP API pr/LVA returned 404
[2026-04-22 17:14:06,890] DEBUG greenlens.worldbank_climate: WB flood fallback LVA \u2192 0.400
[2026-04-22 17:14:06,994] DEBUG greenlens.worldbank_climate: WB CKP API tas/LVA returned 404
[2026-04-22 17:14:06,994] DEBUG greenlens.worldbank_climate: WB heat fallback LVA \u2192 0.450
[2026-04-22 17:14:07,013] INFO greenlens.ml_engine: Predicted bond LVA_Green_Bonds_2016: score=31.8 [Medium-Low]
[2026-04-22 17:14:07,709] DEBUG greenlens.worldbank_climate: WB CKP API pr/LVA returned 404
[2026-04-22 17:14:07,709] DEBUG greenlens.worldbank_climate: WB flood fallback LVA \u2192 0.400
[2026-04-22 17:14:07,811] DEBUG greenlens.worldbank_climate: WB CKP API tas/LVA returned 404
[2026-04-22 17:14:07,812] DEBUG greenlens.worldbank_climate: WB heat fallback LVA \u2192 0.450
[2026-04-22 17:14:07,827] INFO greenlens.ml_engine: Predicted bond LVA_Green_Bonds_2017: score=31.8 [Medium-Low]
[2026-04-22 17:14:08,426] DEBUG greenlens.worldbank_climate: WB CKP API pr/LVA returned 404
[2026-04-22 17:14:08,426] DEBUG greenlens.worldbank_climate: WB flood fallback LVA \u2192 0.400
[2026-04-22 17:14:08,529] DEBUG greenlens.worldbank_climate: WB CKP API tas/LVA returned 404
[2026-04-22 17:14:08,529] DEBUG greenlens.worldbank_climate: WB heat fallback LVA \u2192 0.450
[2026-04-22 17:14:08,543] INFO greenlens.ml_engine: Predicted bond LVA_Green_Bonds_2021: score=31.8 [Medium-Low]
[2026-04-22 17:14:09,245] DEBUG greenlens.worldbank_climate: WB CKP API pr/LVA returned 404
[2026-04-22 17:14:09,245] DEBUG greenlens.worldbank_climate: WB flood fallback LVA \u2192 0.400
[2026-04-22 17:14:09,347] DEBUG greenlens.worldbank_climate: WB CKP API tas/LVA returned 404
[2026-04-22 17:14:09,347] DEBUG greenlens.worldbank_climate: WB heat fallback LVA \u2192 0.450
[2026-04-22 17:14:09,362] INFO greenlens.ml_engine: Predicted bond LVA_Green_Bonds_2022: score=31.8 [Medium-Low]
[2026-04-22 17:14:09,962] DEBUG greenlens.worldbank_climate: WB CKP API pr/LVA returned 404
[2026-04-22 17:14:09,962] DEBUG greenlens.worldbank_climate: WB flood fallback LVA \u2192 0.400
[2026-04-22 17:14:10,063] DEBUG greenlens.worldbank_climate: WB CKP API tas/LVA returned 404
[2026-04-22 17:14:10,063] DEBUG greenlens.worldbank_climate: WB heat fallback LVA \u2192 0.450
[2026-04-22 17:14:10,081] INFO greenlens.ml_engine: Predicted bond LVA_Green_Bonds_2023: score=31.8 [Medium-Low]
[2026-04-22 17:14:10,679] DEBUG greenlens.worldbank_climate: WB CKP API pr/LVA returned 404
[2026-04-22 17:14:10,679] DEBUG greenlens.worldbank_climate: WB flood fallback LVA \u2192 0.400
[2026-04-22 17:14:10,777] DEBUG greenlens.worldbank_climate: WB CKP API tas/LVA returned 404
[2026-04-22 17:14:10,777] DEBUG greenlens.worldbank_climate: WB heat fallback LVA \u2192 0.450
[2026-04-22 17:14:10,793] INFO greenlens.ml_engine: Predicted bond LVA_Sustainabili_2021: score=31.8 [Medium-Low]
[2026-04-22 17:14:11,293] DEBUG greenlens.worldbank_climate: WB CKP API pr/LIE returned 404
[2026-04-22 17:14:11,293] DEBUG greenlens.worldbank_climate: WB flood fallback LIE \u2192 0.400
[2026-04-22 17:14:11,396] DEBUG greenlens.worldbank_climate: WB CKP API tas/LIE returned 404
[2026-04-22 17:14:11,396] DEBUG greenlens.worldbank_climate: WB heat fallback LIE \u2192 0.450
[2026-04-22 17:14:11,411] INFO greenlens.ml_engine: Predicted bond LIE_Green_Bonds_2019: score=31.8 [Medium-Low]
[2026-04-22 17:14:12,010] DEBUG greenlens.worldbank_climate: WB CKP API pr/LIE returned 404
[2026-04-22 17:14:12,010] DEBUG greenlens.worldbank_climate: WB flood fallback LIE \u2192 0.400
[2026-04-22 17:14:12,112] DEBUG greenlens.worldbank_climate: WB CKP API tas/LIE returned 404
[2026-04-22 17:14:12,112] DEBUG greenlens.worldbank_climate: WB heat fallback LIE \u2192 0.450
[2026-04-22 17:14:12,130] INFO greenlens.ml_engine: Predicted bond LIE_Green_Bonds_2020: score=31.8 [Medium-Low]
[2026-04-22 17:14:12,726] DEBUG greenlens.worldbank_climate: WB CKP API pr/LIE returned 404
[2026-04-22 17:14:12,726] DEBUG greenlens.worldbank_climate: WB flood fallback LIE \u2192 0.400
[2026-04-22 17:14:12,829] DEBUG greenlens.worldbank_climate: WB CKP API tas/LIE returned 404
[2026-04-22 17:14:12,830] DEBUG greenlens.worldbank_climate: WB heat fallback LIE \u2192 0.450
[2026-04-22 17:14:12,845] INFO greenlens.ml_engine: Predicted bond LIE_Green_Bonds_2021: score=31.8 [Medium-Low]
[2026-04-22 17:14:13,446] DEBUG greenlens.worldbank_climate: WB CKP API pr/LTU returned 404
[2026-04-22 17:14:13,446] DEBUG greenlens.worldbank_climate: WB flood fallback LTU \u2192 0.400
[2026-04-22 17:14:13,547] DEBUG greenlens.worldbank_climate: WB CKP API tas/LTU returned 404
[2026-04-22 17:14:13,548] DEBUG greenlens.worldbank_climate: WB heat fallback LTU \u2192 0.450
[2026-04-22 17:14:13,569] INFO greenlens.ml_engine: Predicted bond LTU_Green_Bonds_2017: score=31.8 [Medium-Low]
[2026-04-22 17:14:14,163] DEBUG greenlens.worldbank_climate: WB CKP API pr/LTU returned 404
[2026-04-22 17:14:14,164] DEBUG greenlens.worldbank_climate: WB flood fallback LTU \u2192 0.400
[2026-04-22 17:14:14,235] DEBUG greenlens.worldbank_climate: WB CKP API tas/LTU returned 404
[2026-04-22 17:14:14,235] DEBUG greenlens.worldbank_climate: WB heat fallback LTU \u2192 0.450
[2026-04-22 17:14:14,263] INFO greenlens.ml_engine: Predicted bond LTU_Green_Bonds_2018: score=31.8 [Medium-Low]
[2026-04-22 17:14:14,776] DEBUG greenlens.worldbank_climate: WB CKP API pr/LTU returned 404
[2026-04-22 17:14:14,777] DEBUG greenlens.worldbank_climate: WB flood fallback LTU \u2192 0.400
[2026-04-22 17:14:14,840] DEBUG greenlens.worldbank_climate: WB CKP API tas/LTU returned 404
[2026-04-22 17:14:14,841] DEBUG greenlens.worldbank_climate: WB heat fallback LTU \u2192 0.450
[2026-04-22 17:14:14,855] INFO greenlens.ml_engine: Predicted bond LTU_Green_Bonds_2021: score=31.8 [Medium-Low]
[2026-04-22 17:14:15,491] DEBUG greenlens.worldbank_climate: WB CKP API pr/LTU returned 404
[2026-04-22 17:14:15,491] DEBUG greenlens.worldbank_climate: WB flood fallback LTU \u2192 0.400
[2026-04-22 17:14:15,594] DEBUG greenlens.worldbank_climate: WB CKP API tas/LTU returned 404
[2026-04-22 17:14:15,594] DEBUG greenlens.worldbank_climate: WB heat fallback LTU \u2192 0.450
[2026-04-22 17:14:15,610] INFO greenlens.ml_engine: Predicted bond LTU_Linked_Bond_2022: score=31.8 [Medium-Low]
[2026-04-22 17:14:16,310] DEBUG greenlens.worldbank_climate: WB CKP API pr/LUX returned 404
[2026-04-22 17:14:16,311] DEBUG greenlens.worldbank_climate: WB flood fallback LUX \u2192 0.400
[2026-04-22 17:14:16,380] DEBUG greenlens.worldbank_climate: WB CKP API tas/LUX returned 404
[2026-04-22 17:14:16,380] DEBUG greenlens.worldbank_climate: WB heat fallback LUX \u2192 0.450
[2026-04-22 17:14:16,398] INFO greenlens.ml_engine: Predicted bond LUX_Green_Bonds_2007: score=31.8 [Medium-Low]
[2026-04-22 17:14:17,190] DEBUG greenlens.worldbank_climate: WB CKP API pr/LUX returned 404
[2026-04-22 17:14:17,190] DEBUG greenlens.worldbank_climate: WB flood fallback LUX \u2192 0.400
[2026-04-22 17:14:17,334] DEBUG greenlens.worldbank_climate: WB CKP API tas/LUX returned 404
[2026-04-22 17:14:17,334] DEBUG greenlens.worldbank_climate: WB heat fallback LUX \u2192 0.450
[2026-04-22 17:14:17,350] INFO greenlens.ml_engine: Predicted bond LUX_Green_Bonds_2009: score=31.8 [Medium-Low]
[2026-04-22 17:14:18,113] DEBUG greenlens.worldbank_climate: WB CKP API pr/LUX returned 404
[2026-04-22 17:14:18,113] DEBUG greenlens.worldbank_climate: WB flood fallback LUX \u2192 0.400
[2026-04-22 17:14:18,256] DEBUG greenlens.worldbank_climate: WB CKP API tas/LUX returned 404
[2026-04-22 17:14:18,257] DEBUG greenlens.worldbank_climate: WB heat fallback LUX \u2192 0.450
[2026-04-22 17:14:18,275] INFO greenlens.ml_engine: Predicted bond LUX_Green_Bonds_2010: score=31.8 [Medium-Low]
[2026-04-22 17:14:18,973] DEBUG greenlens.worldbank_climate: WB CKP API pr/LUX returned 404
[2026-04-22 17:14:18,973] DEBUG greenlens.worldbank_climate: WB flood fallback LUX \u2192 0.400
[2026-04-22 17:14:19,076] DEBUG greenlens.worldbank_climate: WB CKP API tas/LUX returned 404
[2026-04-22 17:14:19,076] DEBUG greenlens.worldbank_climate: WB heat fallback LUX \u2192 0.450
[2026-04-22 17:14:19,093] INFO greenlens.ml_engine: Predicted bond LUX_Green_Bonds_2012: score=31.8 [Medium-Low]
[2026-04-22 17:14:19,689] DEBUG greenlens.worldbank_climate: WB CKP API pr/LUX returned 404
[2026-04-22 17:14:19,690] DEBUG greenlens.worldbank_climate: WB flood fallback LUX \u2192 0.400
[2026-04-22 17:14:19,793] DEBUG greenlens.worldbank_climate: WB CKP API tas/LUX returned 404
[2026-04-22 17:14:19,793] DEBUG greenlens.worldbank_climate: WB heat fallback LUX \u2192 0.450
[2026-04-22 17:14:19,814] INFO greenlens.ml_engine: Predicted bond LUX_Green_Bonds_2013: score=31.8 [Medium-Low]
[2026-04-22 17:14:20,394] DEBUG greenlens.worldbank_climate: WB CKP API pr/LUX returned 404
[2026-04-22 17:14:20,395] DEBUG greenlens.worldbank_climate: WB flood fallback LUX \u2192 0.400
[2026-04-22 17:14:20,471] DEBUG greenlens.worldbank_climate: WB CKP API tas/LUX returned 404
[2026-04-22 17:14:20,471] DEBUG greenlens.worldbank_climate: WB heat fallback LUX \u2192 0.450
[2026-04-22 17:14:20,487] INFO greenlens.ml_engine: Predicted bond LUX_Green_Bonds_2014: score=31.8 [Medium-Low]
[2026-04-22 17:14:21,105] DEBUG greenlens.worldbank_climate: WB CKP API pr/LUX returned 404
[2026-04-22 17:14:21,105] DEBUG greenlens.worldbank_climate: WB flood fallback LUX \u2192 0.400
[2026-04-22 17:14:21,226] DEBUG greenlens.worldbank_climate: WB CKP API tas/LUX returned 404
[2026-04-22 17:14:21,226] DEBUG greenlens.worldbank_climate: WB heat fallback LUX \u2192 0.450
[2026-04-22 17:14:21,251] INFO greenlens.ml_engine: Predicted bond LUX_Green_Bonds_2015: score=31.8 [Medium-Low]
[2026-04-22 17:14:21,799] DEBUG greenlens.worldbank_climate: WB CKP API pr/LUX returned 404
[2026-04-22 17:14:21,799] DEBUG greenlens.worldbank_climate: WB flood fallback LUX \u2192 0.400
[2026-04-22 17:14:21,943] DEBUG greenlens.worldbank_climate: WB CKP API tas/LUX returned 404
[2026-04-22 17:14:21,943] DEBUG greenlens.worldbank_climate: WB heat fallback LUX \u2192 0.450
[2026-04-22 17:14:21,957] INFO greenlens.ml_engine: Predicted bond LUX_Green_Bonds_2016: score=31.8 [Medium-Low]
[2026-04-22 17:14:22,563] DEBUG greenlens.worldbank_climate: WB CKP API pr/LUX returned 404
[2026-04-22 17:14:22,563] DEBUG greenlens.worldbank_climate: WB flood fallback LUX \u2192 0.400
[2026-04-22 17:14:22,628] DEBUG greenlens.worldbank_climate: WB CKP API tas/LUX returned 404
[2026-04-22 17:14:22,628] DEBUG greenlens.worldbank_climate: WB heat fallback LUX \u2192 0.450
[2026-04-22 17:14:22,653] INFO greenlens.ml_engine: Predicted bond LUX_Green_Bonds_2017: score=31.8 [Medium-Low]
[2026-04-22 17:14:23,274] DEBUG greenlens.worldbank_climate: WB CKP API pr/LUX returned 404
[2026-04-22 17:14:23,274] DEBUG greenlens.worldbank_climate: WB flood fallback LUX \u2192 0.400
[2026-04-22 17:14:23,377] DEBUG greenlens.worldbank_climate: WB CKP API tas/LUX returned 404
[2026-04-22 17:14:23,377] DEBUG greenlens.worldbank_climate: WB heat fallback LUX \u2192 0.450
[2026-04-22 17:14:23,394] INFO greenlens.ml_engine: Predicted bond LUX_Green_Bonds_2018: score=31.8 [Medium-Low]
[2026-04-22 17:14:23,989] DEBUG greenlens.worldbank_climate: WB CKP API pr/LUX returned 404
[2026-04-22 17:14:23,989] DEBUG greenlens.worldbank_climate: WB flood fallback LUX \u2192 0.400
[2026-04-22 17:14:24,094] DEBUG greenlens.worldbank_climate: WB CKP API tas/LUX returned 404
[2026-04-22 17:14:24,094] DEBUG greenlens.worldbank_climate: WB heat fallback LUX \u2192 0.450
[2026-04-22 17:14:24,110] INFO greenlens.ml_engine: Predicted bond LUX_Green_Bonds_2019: score=31.8 [Medium-Low]
[2026-04-22 17:14:24,810] DEBUG greenlens.worldbank_climate: WB CKP API pr/LUX returned 404
[2026-04-22 17:14:24,810] DEBUG greenlens.worldbank_climate: WB flood fallback LUX \u2192 0.400
[2026-04-22 17:14:24,914] DEBUG greenlens.worldbank_climate: WB CKP API tas/LUX returned 404
[2026-04-22 17:14:24,914] DEBUG greenlens.worldbank_climate: WB heat fallback LUX \u2192 0.450
[2026-04-22 17:14:24,937] INFO greenlens.ml_engine: Predicted bond LUX_Green_Bonds_2020: score=31.8 [Medium-Low]
[2026-04-22 17:14:25,633] DEBUG greenlens.worldbank_climate: WB CKP API pr/LUX returned 404
[2026-04-22 17:14:25,633] DEBUG greenlens.worldbank_climate: WB flood fallback LUX \u2192 0.400
[2026-04-22 17:14:25,732] DEBUG greenlens.worldbank_climate: WB CKP API tas/LUX returned 404
[2026-04-22 17:14:25,733] DEBUG greenlens.worldbank_climate: WB heat fallback LUX \u2192 0.450
[2026-04-22 17:14:25,756] INFO greenlens.ml_engine: Predicted bond LUX_Green_Bonds_2021: score=31.8 [Medium-Low]
[2026-04-22 17:14:26,345] DEBUG greenlens.worldbank_climate: WB CKP API pr/LUX returned 404
[2026-04-22 17:14:26,346] DEBUG greenlens.worldbank_climate: WB flood fallback LUX \u2192 0.400
[2026-04-22 17:14:26,414] DEBUG greenlens.worldbank_climate: WB CKP API tas/LUX returned 404
[2026-04-22 17:14:26,415] DEBUG greenlens.worldbank_climate: WB heat fallback LUX \u2192 0.450
[2026-04-22 17:14:26,436] INFO greenlens.ml_engine: Predicted bond LUX_Green_Bonds_2022: score=31.8 [Medium-Low]
[2026-04-22 17:14:27,063] DEBUG greenlens.worldbank_climate: WB CKP API pr/LUX returned 404
[2026-04-22 17:14:27,063] DEBUG greenlens.worldbank_climate: WB flood fallback LUX \u2192 0.400
[2026-04-22 17:14:27,165] DEBUG greenlens.worldbank_climate: WB CKP API tas/LUX returned 404
[2026-04-22 17:14:27,165] DEBUG greenlens.worldbank_climate: WB heat fallback LUX \u2192 0.450
[2026-04-22 17:14:27,192] INFO greenlens.ml_engine: Predicted bond LUX_Green_Bonds_2023: score=31.8 [Medium-Low]
[2026-04-22 17:14:27,678] DEBUG greenlens.worldbank_climate: WB CKP API pr/LUX returned 404
[2026-04-22 17:14:27,678] DEBUG greenlens.worldbank_climate: WB flood fallback LUX \u2192 0.400
[2026-04-22 17:14:27,795] DEBUG greenlens.worldbank_climate: WB CKP API tas/LUX returned 404
[2026-04-22 17:14:27,795] DEBUG greenlens.worldbank_climate: WB heat fallback LUX \u2192 0.450
[2026-04-22 17:14:27,817] INFO greenlens.ml_engine: Predicted bond LUX_Green_Bonds_2024: score=31.8 [Medium-Low]
[2026-04-22 17:14:28,495] DEBUG greenlens.worldbank_climate: WB CKP API pr/LUX returned 404
[2026-04-22 17:14:28,496] DEBUG greenlens.worldbank_climate: WB flood fallback LUX \u2192 0.400
[2026-04-22 17:14:28,598] DEBUG greenlens.worldbank_climate: WB CKP API tas/LUX returned 404
[2026-04-22 17:14:28,598] DEBUG greenlens.worldbank_climate: WB heat fallback LUX \u2192 0.450
[2026-04-22 17:14:28,621] INFO greenlens.ml_engine: Predicted bond LUX_Social_Bond_2019: score=31.8 [Medium-Low]
[2026-04-22 17:14:29,168] DEBUG greenlens.worldbank_climate: WB CKP API pr/LUX returned 404
[2026-04-22 17:14:29,168] DEBUG greenlens.worldbank_climate: WB flood fallback LUX \u2192 0.400
[2026-04-22 17:14:29,315] DEBUG greenlens.worldbank_climate: WB CKP API tas/LUX returned 404
[2026-04-22 17:14:29,315] DEBUG greenlens.worldbank_climate: WB heat fallback LUX \u2192 0.450
[2026-04-22 17:14:29,339] INFO greenlens.ml_engine: Predicted bond LUX_Social_Bond_2020: score=31.8 [Medium-Low]
[2026-04-22 17:14:29,929] DEBUG greenlens.worldbank_climate: WB CKP API pr/LUX returned 404
[2026-04-22 17:14:29,929] DEBUG greenlens.worldbank_climate: WB flood fallback LUX \u2192 0.400
[2026-04-22 17:14:30,033] DEBUG greenlens.worldbank_climate: WB CKP API tas/LUX returned 404
[2026-04-22 17:14:30,033] DEBUG greenlens.worldbank_climate: WB heat fallback LUX \u2192 0.450
[2026-04-22 17:14:30,049] INFO greenlens.ml_engine: Predicted bond LUX_Social_Bond_2021: score=31.8 [Medium-Low]
[2026-04-22 17:14:30,647] DEBUG greenlens.worldbank_climate: WB CKP API pr/LUX returned 404
[2026-04-22 17:14:30,647] DEBUG greenlens.worldbank_climate: WB flood fallback LUX \u2192 0.400
[2026-04-22 17:14:30,749] DEBUG greenlens.worldbank_climate: WB CKP API tas/LUX returned 404
[2026-04-22 17:14:30,749] DEBUG greenlens.worldbank_climate: WB heat fallback LUX \u2192 0.450
[2026-04-22 17:14:30,772] INFO greenlens.ml_engine: Predicted bond LUX_Social_Bond_2022: score=31.8 [Medium-Low]
[2026-04-22 17:14:31,364] DEBUG greenlens.worldbank_climate: WB CKP API pr/LUX returned 404
[2026-04-22 17:14:31,364] DEBUG greenlens.worldbank_climate: WB flood fallback LUX \u2192 0.400
[2026-04-22 17:14:31,466] DEBUG greenlens.worldbank_climate: WB CKP API tas/LUX returned 404
[2026-04-22 17:14:31,466] DEBUG greenlens.worldbank_climate: WB heat fallback LUX \u2192 0.450
[2026-04-22 17:14:31,483] INFO greenlens.ml_engine: Predicted bond LUX_Social_Bond_2023: score=31.8 [Medium-Low]
[2026-04-22 17:14:32,287] DEBUG greenlens.worldbank_climate: WB CKP API pr/LUX returned 404
[2026-04-22 17:14:32,287] DEBUG greenlens.worldbank_climate: WB flood fallback LUX \u2192 0.400
[2026-04-22 17:14:32,388] DEBUG greenlens.worldbank_climate: WB CKP API tas/LUX returned 404
[2026-04-22 17:14:32,388] DEBUG greenlens.worldbank_climate: WB heat fallback LUX \u2192 0.450
[2026-04-22 17:14:32,413] INFO greenlens.ml_engine: Predicted bond LUX_Sustainabili_2017: score=31.8 [Medium-Low]
[2026-04-22 17:14:33,104] DEBUG greenlens.worldbank_climate: WB CKP API pr/LUX returned 404
[2026-04-22 17:14:33,104] DEBUG greenlens.worldbank_climate: WB flood fallback LUX \u2192 0.400
[2026-04-22 17:14:33,206] DEBUG greenlens.worldbank_climate: WB CKP API tas/LUX returned 404
[2026-04-22 17:14:33,206] DEBUG greenlens.worldbank_climate: WB heat fallback LUX \u2192 0.450
[2026-04-22 17:14:33,222] INFO greenlens.ml_engine: Predicted bond LUX_Sustainabili_2018: score=31.8 [Medium-Low]
[2026-04-22 17:14:33,795] DEBUG greenlens.worldbank_climate: WB CKP API pr/LUX returned 404
[2026-04-22 17:14:33,795] DEBUG greenlens.worldbank_climate: WB flood fallback LUX \u2192 0.400
[2026-04-22 17:14:33,925] DEBUG greenlens.worldbank_climate: WB CKP API tas/LUX returned 404
[2026-04-22 17:14:33,925] DEBUG greenlens.worldbank_climate: WB heat fallback LUX \u2192 0.450
[2026-04-22 17:14:33,950] INFO greenlens.ml_engine: Predicted bond LUX_Sustainabili_2019: score=31.8 [Medium-Low]
[2026-04-22 17:14:34,538] DEBUG greenlens.worldbank_climate: WB CKP API pr/LUX returned 404
[2026-04-22 17:14:34,538] DEBUG greenlens.worldbank_climate: WB flood fallback LUX \u2192 0.400
[2026-04-22 17:14:34,640] DEBUG greenlens.worldbank_climate: WB CKP API tas/LUX returned 404
[2026-04-22 17:14:34,640] DEBUG greenlens.worldbank_climate: WB heat fallback LUX \u2192 0.450
[2026-04-22 17:14:34,662] INFO greenlens.ml_engine: Predicted bond LUX_Sustainabili_2020: score=31.8 [Medium-Low]
[2026-04-22 17:14:35,256] DEBUG greenlens.worldbank_climate: WB CKP API pr/LUX returned 404
[2026-04-22 17:14:35,256] DEBUG greenlens.worldbank_climate: WB flood fallback LUX \u2192 0.400
[2026-04-22 17:14:35,364] DEBUG greenlens.worldbank_climate: WB CKP API tas/LUX returned 404
[2026-04-22 17:14:35,364] DEBUG greenlens.worldbank_climate: WB heat fallback LUX \u2192 0.450
[2026-04-22 17:14:35,392] INFO greenlens.ml_engine: Predicted bond LUX_Sustainabili_2021: score=31.8 [Medium-Low]
[2026-04-22 17:14:36,103] DEBUG greenlens.worldbank_climate: WB CKP API pr/LUX returned 404
[2026-04-22 17:14:36,103] DEBUG greenlens.worldbank_climate: WB flood fallback LUX \u2192 0.400
[2026-04-22 17:14:36,178] DEBUG greenlens.worldbank_climate: WB CKP API tas/LUX returned 404
[2026-04-22 17:14:36,178] DEBUG greenlens.worldbank_climate: WB heat fallback LUX \u2192 0.450
[2026-04-22 17:14:36,207] INFO greenlens.ml_engine: Predicted bond LUX_Sustainabili_2022: score=31.8 [Medium-Low]
[2026-04-22 17:14:36,821] DEBUG greenlens.worldbank_climate: WB CKP API pr/LUX returned 404
[2026-04-22 17:14:36,821] DEBUG greenlens.worldbank_climate: WB flood fallback LUX \u2192 0.400
[2026-04-22 17:14:36,893] DEBUG greenlens.worldbank_climate: WB CKP API tas/LUX returned 404
[2026-04-22 17:14:36,893] DEBUG greenlens.worldbank_climate: WB heat fallback LUX \u2192 0.450
[2026-04-22 17:14:36,907] INFO greenlens.ml_engine: Predicted bond LUX_Sustainabili_2023: score=31.8 [Medium-Low]
[2026-04-22 17:14:37,483] DEBUG greenlens.worldbank_climate: WB CKP API pr/LUX returned 404
[2026-04-22 17:14:37,483] DEBUG greenlens.worldbank_climate: WB flood fallback LUX \u2192 0.400
[2026-04-22 17:14:37,571] DEBUG greenlens.worldbank_climate: WB CKP API tas/LUX returned 404
[2026-04-22 17:14:37,572] DEBUG greenlens.worldbank_climate: WB heat fallback LUX \u2192 0.450
[2026-04-22 17:14:37,588] INFO greenlens.ml_engine: Predicted bond LUX_Sustainabili_2024: score=31.8 [Medium-Low]
[2026-04-22 17:14:38,147] DEBUG greenlens.worldbank_climate: WB CKP API pr/LUX returned 404
[2026-04-22 17:14:38,148] DEBUG greenlens.worldbank_climate: WB flood fallback LUX \u2192 0.400
[2026-04-22 17:14:38,224] DEBUG greenlens.worldbank_climate: WB CKP API tas/LUX returned 404
[2026-04-22 17:14:38,225] DEBUG greenlens.worldbank_climate: WB heat fallback LUX \u2192 0.450
[2026-04-22 17:14:38,244] INFO greenlens.ml_engine: Predicted bond LUX_Linked_Bond_2020: score=31.8 [Medium-Low]
[2026-04-22 17:14:38,794] DEBUG greenlens.worldbank_climate: WB CKP API pr/LUX returned 404
[2026-04-22 17:14:38,794] DEBUG greenlens.worldbank_climate: WB flood fallback LUX \u2192 0.400
[2026-04-22 17:14:38,941] DEBUG greenlens.worldbank_climate: WB CKP API tas/LUX returned 404
[2026-04-22 17:14:38,941] DEBUG greenlens.worldbank_climate: WB heat fallback LUX \u2192 0.450
[2026-04-22 17:14:38,959] INFO greenlens.ml_engine: Predicted bond LUX_Linked_Bond_2021: score=31.8 [Medium-Low]
[2026-04-22 17:14:39,593] DEBUG greenlens.worldbank_climate: WB CKP API pr/LUX returned 404
[2026-04-22 17:14:39,593] DEBUG greenlens.worldbank_climate: WB flood fallback LUX \u2192 0.400
[2026-04-22 17:14:39,664] DEBUG greenlens.worldbank_climate: WB CKP API tas/LUX returned 404
[2026-04-22 17:14:39,664] DEBUG greenlens.worldbank_climate: WB heat fallback LUX \u2192 0.450
[2026-04-22 17:14:39,678] INFO greenlens.ml_engine: Predicted bond LUX_Linked_Bond_2022: score=31.8 [Medium-Low]
[2026-04-22 17:14:40,373] DEBUG greenlens.worldbank_climate: WB CKP API pr/LUX returned 404
[2026-04-22 17:14:40,373] DEBUG greenlens.worldbank_climate: WB flood fallback LUX \u2192 0.400
[2026-04-22 17:14:40,458] DEBUG greenlens.worldbank_climate: WB CKP API tas/LUX returned 404
[2026-04-22 17:14:40,458] DEBUG greenlens.worldbank_climate: WB heat fallback LUX \u2192 0.450
[2026-04-22 17:14:40,475] INFO greenlens.ml_engine: Predicted bond LUX_Linked_Bond_2023: score=31.8 [Medium-Low]
[2026-04-22 17:14:41,061] DEBUG greenlens.worldbank_climate: WB CKP API pr/LUX returned 404
[2026-04-22 17:14:41,061] DEBUG greenlens.worldbank_climate: WB flood fallback LUX \u2192 0.400
[2026-04-22 17:14:41,189] DEBUG greenlens.worldbank_climate: WB CKP API tas/LUX returned 404
[2026-04-22 17:14:41,189] DEBUG greenlens.worldbank_climate: WB heat fallback LUX \u2192 0.450
[2026-04-22 17:14:41,215] INFO greenlens.ml_engine: Predicted bond LUX_Linked_Bond_2024: score=31.8 [Medium-Low]
[2026-04-22 17:14:41,808] DEBUG greenlens.worldbank_climate: WB CKP API pr/MYS returned 404
[2026-04-22 17:14:41,808] DEBUG greenlens.worldbank_climate: WB flood fallback MYS \u2192 0.700
[2026-04-22 17:14:41,874] DEBUG greenlens.worldbank_climate: WB CKP API tas/MYS returned 404
[2026-04-22 17:14:41,874] DEBUG greenlens.worldbank_climate: WB heat fallback MYS \u2192 0.710
[2026-04-22 17:14:41,899] INFO greenlens.ml_engine: Predicted bond MYS_Green_Bonds_2017: score=53.5 [Medium-High]
[2026-04-22 17:14:42,486] DEBUG greenlens.worldbank_climate: WB CKP API pr/MYS returned 404
[2026-04-22 17:14:42,486] DEBUG greenlens.worldbank_climate: WB flood fallback MYS \u2192 0.700
[2026-04-22 17:14:42,627] DEBUG greenlens.worldbank_climate: WB CKP API tas/MYS returned 404
[2026-04-22 17:14:42,627] DEBUG greenlens.worldbank_climate: WB heat fallback MYS \u2192 0.710
[2026-04-22 17:14:42,644] INFO greenlens.ml_engine: Predicted bond MYS_Green_Bonds_2018: score=53.5 [Medium-High]
[2026-04-22 17:14:43,242] DEBUG greenlens.worldbank_climate: WB CKP API pr/MYS returned 404
[2026-04-22 17:14:43,242] DEBUG greenlens.worldbank_climate: WB flood fallback MYS \u2192 0.700
[2026-04-22 17:14:43,344] DEBUG greenlens.worldbank_climate: WB CKP API tas/MYS returned 404
[2026-04-22 17:14:43,344] DEBUG greenlens.worldbank_climate: WB heat fallback MYS \u2192 0.710
[2026-04-22 17:14:43,366] INFO greenlens.ml_engine: Predicted bond MYS_Green_Bonds_2019: score=53.5 [Medium-High]
[2026-04-22 17:14:43,959] DEBUG greenlens.worldbank_climate: WB CKP API pr/MYS returned 404
[2026-04-22 17:14:43,959] DEBUG greenlens.worldbank_climate: WB flood fallback MYS \u2192 0.700
[2026-04-22 17:14:44,060] DEBUG greenlens.worldbank_climate: WB CKP API tas/MYS returned 404
[2026-04-22 17:14:44,060] DEBUG greenlens.worldbank_climate: WB heat fallback MYS \u2192 0.710
[2026-04-22 17:14:44,085] INFO greenlens.ml_engine: Predicted bond MYS_Green_Bonds_2020: score=53.5 [Medium-High]
[2026-04-22 17:14:44,675] DEBUG greenlens.worldbank_climate: WB CKP API pr/MYS returned 404
[2026-04-22 17:14:44,675] DEBUG greenlens.worldbank_climate: WB flood fallback MYS \u2192 0.700
[2026-04-22 17:14:44,777] DEBUG greenlens.worldbank_climate: WB CKP API tas/MYS returned 404
[2026-04-22 17:14:44,777] DEBUG greenlens.worldbank_climate: WB heat fallback MYS \u2192 0.710
[2026-04-22 17:14:44,799] INFO greenlens.ml_engine: Predicted bond MYS_Green_Bonds_2021: score=53.5 [Medium-High]
[2026-04-22 17:14:45,392] DEBUG greenlens.worldbank_climate: WB CKP API pr/MYS returned 404
[2026-04-22 17:14:45,392] DEBUG greenlens.worldbank_climate: WB flood fallback MYS \u2192 0.700
[2026-04-22 17:14:45,494] DEBUG greenlens.worldbank_climate: WB CKP API tas/MYS returned 404
[2026-04-22 17:14:45,494] DEBUG greenlens.worldbank_climate: WB heat fallback MYS \u2192 0.710
[2026-04-22 17:14:45,518] INFO greenlens.ml_engine: Predicted bond MYS_Green_Bonds_2022: score=53.5 [Medium-High]
[2026-04-22 17:14:46,109] DEBUG greenlens.worldbank_climate: WB CKP API pr/MYS returned 404
[2026-04-22 17:14:46,109] DEBUG greenlens.worldbank_climate: WB flood fallback MYS \u2192 0.700
[2026-04-22 17:14:46,211] DEBUG greenlens.worldbank_climate: WB CKP API tas/MYS returned 404
[2026-04-22 17:14:46,211] DEBUG greenlens.worldbank_climate: WB heat fallback MYS \u2192 0.710
[2026-04-22 17:14:46,226] INFO greenlens.ml_engine: Predicted bond MYS_Green_Bonds_2023: score=53.5 [Medium-High]
[2026-04-22 17:14:46,826] DEBUG greenlens.worldbank_climate: WB CKP API pr/MYS returned 404
[2026-04-22 17:14:46,826] DEBUG greenlens.worldbank_climate: WB flood fallback MYS \u2192 0.700
[2026-04-22 17:14:46,929] DEBUG greenlens.worldbank_climate: WB CKP API tas/MYS returned 404
[2026-04-22 17:14:46,929] DEBUG greenlens.worldbank_climate: WB heat fallback MYS \u2192 0.710
[2026-04-22 17:14:46,954] INFO greenlens.ml_engine: Predicted bond MYS_Green_Bonds_2024: score=53.5 [Medium-High]
[2026-04-22 17:14:47,542] DEBUG greenlens.worldbank_climate: WB CKP API pr/MYS returned 404
[2026-04-22 17:14:47,542] DEBUG greenlens.worldbank_climate: WB flood fallback MYS \u2192 0.700
[2026-04-22 17:14:47,644] DEBUG greenlens.worldbank_climate: WB CKP API tas/MYS returned 404
[2026-04-22 17:14:47,644] DEBUG greenlens.worldbank_climate: WB heat fallback MYS \u2192 0.710
[2026-04-22 17:14:47,659] INFO greenlens.ml_engine: Predicted bond MYS_Social_Bond_2017: score=53.5 [Medium-High]
[2026-04-22 17:14:48,260] DEBUG greenlens.worldbank_climate: WB CKP API pr/MYS returned 404
[2026-04-22 17:14:48,260] DEBUG greenlens.worldbank_climate: WB flood fallback MYS \u2192 0.700
[2026-04-22 17:14:48,361] DEBUG greenlens.worldbank_climate: WB CKP API tas/MYS returned 404
[2026-04-22 17:14:48,361] DEBUG greenlens.worldbank_climate: WB heat fallback MYS \u2192 0.710
[2026-04-22 17:14:48,377] INFO greenlens.ml_engine: Predicted bond MYS_Social_Bond_2022: score=53.5 [Medium-High]
[2026-04-22 17:14:48,977] DEBUG greenlens.worldbank_climate: WB CKP API pr/MYS returned 404
[2026-04-22 17:14:48,977] DEBUG greenlens.worldbank_climate: WB flood fallback MYS \u2192 0.700
[2026-04-22 17:14:49,078] DEBUG greenlens.worldbank_climate: WB CKP API tas/MYS returned 404
[2026-04-22 17:14:49,078] DEBUG greenlens.worldbank_climate: WB heat fallback MYS \u2192 0.710
[2026-04-22 17:14:49,097] INFO greenlens.ml_engine: Predicted bond MYS_Social_Bond_2023: score=53.5 [Medium-High]
[2026-04-22 17:14:49,692] DEBUG greenlens.worldbank_climate: WB CKP API pr/MYS returned 404
[2026-04-22 17:14:49,692] DEBUG greenlens.worldbank_climate: WB flood fallback MYS \u2192 0.700
[2026-04-22 17:14:49,794] DEBUG greenlens.worldbank_climate: WB CKP API tas/MYS returned 404
[2026-04-22 17:14:49,794] DEBUG greenlens.worldbank_climate: WB heat fallback MYS \u2192 0.710
[2026-04-22 17:14:49,810] INFO greenlens.ml_engine: Predicted bond MYS_Social_Bond_2024: score=53.5 [Medium-High]
[2026-04-22 17:14:50,410] DEBUG greenlens.worldbank_climate: WB CKP API pr/MYS returned 404
[2026-04-22 17:14:50,410] DEBUG greenlens.worldbank_climate: WB flood fallback MYS \u2192 0.700
[2026-04-22 17:14:50,493] DEBUG greenlens.worldbank_climate: WB CKP API tas/MYS returned 404
[2026-04-22 17:14:50,493] DEBUG greenlens.worldbank_climate: WB heat fallback MYS \u2192 0.710
[2026-04-22 17:14:50,510] INFO greenlens.ml_engine: Predicted bond MYS_Sustainabili_2015: score=53.5 [Medium-High]
[2026-04-22 17:14:51,126] DEBUG greenlens.worldbank_climate: WB CKP API pr/MYS returned 404
[2026-04-22 17:14:51,126] DEBUG greenlens.worldbank_climate: WB flood fallback MYS \u2192 0.700
[2026-04-22 17:14:51,228] DEBUG greenlens.worldbank_climate: WB CKP API tas/MYS returned 404
[2026-04-22 17:14:51,228] DEBUG greenlens.worldbank_climate: WB heat fallback MYS \u2192 0.710
[2026-04-22 17:14:51,248] INFO greenlens.ml_engine: Predicted bond MYS_Sustainabili_2018: score=53.5 [Medium-High]
[2026-04-22 17:14:51,843] DEBUG greenlens.worldbank_climate: WB CKP API pr/MYS returned 404
[2026-04-22 17:14:51,843] DEBUG greenlens.worldbank_climate: WB flood fallback MYS \u2192 0.700
[2026-04-22 17:14:51,947] DEBUG greenlens.worldbank_climate: WB CKP API tas/MYS returned 404
[2026-04-22 17:14:51,948] DEBUG greenlens.worldbank_climate: WB heat fallback MYS \u2192 0.710
[2026-04-22 17:14:51,963] INFO greenlens.ml_engine: Predicted bond MYS_Sustainabili_2019: score=53.5 [Medium-High]
[2026-04-22 17:14:52,515] DEBUG greenlens.worldbank_climate: WB CKP API pr/MYS returned 404
[2026-04-22 17:14:52,516] DEBUG greenlens.worldbank_climate: WB flood fallback MYS \u2192 0.700
[2026-04-22 17:14:52,662] DEBUG greenlens.worldbank_climate: WB CKP API tas/MYS returned 404
[2026-04-22 17:14:52,663] DEBUG greenlens.worldbank_climate: WB heat fallback MYS \u2192 0.710
[2026-04-22 17:14:52,683] INFO greenlens.ml_engine: Predicted bond MYS_Sustainabili_2020: score=53.5 [Medium-High]
[2026-04-22 17:14:53,289] DEBUG greenlens.worldbank_climate: WB CKP API pr/MYS returned 404
[2026-04-22 17:14:53,289] DEBUG greenlens.worldbank_climate: WB flood fallback MYS \u2192 0.700
[2026-04-22 17:14:53,379] DEBUG greenlens.worldbank_climate: WB CKP API tas/MYS returned 404
[2026-04-22 17:14:53,379] DEBUG greenlens.worldbank_climate: WB heat fallback MYS \u2192 0.710
[2026-04-22 17:14:53,397] INFO greenlens.ml_engine: Predicted bond MYS_Sustainabili_2021: score=53.5 [Medium-High]
[2026-04-22 17:14:53,959] DEBUG greenlens.worldbank_climate: WB CKP API pr/MYS returned 404
[2026-04-22 17:14:53,959] DEBUG greenlens.worldbank_climate: WB flood fallback MYS \u2192 0.700
[2026-04-22 17:14:54,095] DEBUG greenlens.worldbank_climate: WB CKP API tas/MYS returned 404
[2026-04-22 17:14:54,095] DEBUG greenlens.worldbank_climate: WB heat fallback MYS \u2192 0.710
[2026-04-22 17:14:54,110] INFO greenlens.ml_engine: Predicted bond MYS_Sustainabili_2022: score=53.5 [Medium-High]
[2026-04-22 17:14:54,609] DEBUG greenlens.worldbank_climate: WB CKP API pr/MYS returned 404
[2026-04-22 17:14:54,609] DEBUG greenlens.worldbank_climate: WB flood fallback MYS \u2192 0.700
[2026-04-22 17:14:54,673] DEBUG greenlens.worldbank_climate: WB CKP API tas/MYS returned 404
[2026-04-22 17:14:54,673] DEBUG greenlens.worldbank_climate: WB heat fallback MYS \u2192 0.710
[2026-04-22 17:14:54,688] INFO greenlens.ml_engine: Predicted bond MYS_Sustainabili_2023: score=53.5 [Medium-High]
[2026-04-22 17:14:55,325] DEBUG greenlens.worldbank_climate: WB CKP API pr/MYS returned 404
[2026-04-22 17:14:55,325] DEBUG greenlens.worldbank_climate: WB flood fallback MYS \u2192 0.700
[2026-04-22 17:14:55,427] DEBUG greenlens.worldbank_climate: WB CKP API tas/MYS returned 404
[2026-04-22 17:14:55,427] DEBUG greenlens.worldbank_climate: WB heat fallback MYS \u2192 0.710
[2026-04-22 17:14:55,443] INFO greenlens.ml_engine: Predicted bond MYS_Sustainabili_2024: score=53.5 [Medium-High]
[2026-04-22 17:14:56,041] DEBUG greenlens.worldbank_climate: WB CKP API pr/MYS returned 404
[2026-04-22 17:14:56,042] DEBUG greenlens.worldbank_climate: WB flood fallback MYS \u2192 0.700
[2026-04-22 17:14:56,116] DEBUG greenlens.worldbank_climate: WB CKP API tas/MYS returned 404
[2026-04-22 17:14:56,117] DEBUG greenlens.worldbank_climate: WB heat fallback MYS \u2192 0.710
[2026-04-22 17:14:56,140] INFO greenlens.ml_engine: Predicted bond MYS_Linked_Bond_2021: score=53.5 [Medium-High]
[2026-04-22 17:14:56,758] DEBUG greenlens.worldbank_climate: WB CKP API pr/MYS returned 404
[2026-04-22 17:14:56,758] DEBUG greenlens.worldbank_climate: WB flood fallback MYS \u2192 0.700
[2026-04-22 17:14:56,861] DEBUG greenlens.worldbank_climate: WB CKP API tas/MYS returned 404
[2026-04-22 17:14:56,861] DEBUG greenlens.worldbank_climate: WB heat fallback MYS \u2192 0.710
[2026-04-22 17:14:56,882] INFO greenlens.ml_engine: Predicted bond MYS_Linked_Bond_2022: score=53.5 [Medium-High]
[2026-04-22 17:14:57,475] DEBUG greenlens.worldbank_climate: WB CKP API pr/MYS returned 404
[2026-04-22 17:14:57,475] DEBUG greenlens.worldbank_climate: WB flood fallback MYS \u2192 0.700
[2026-04-22 17:14:57,578] DEBUG greenlens.worldbank_climate: WB CKP API tas/MYS returned 404
[2026-04-22 17:14:57,578] DEBUG greenlens.worldbank_climate: WB heat fallback MYS \u2192 0.710
[2026-04-22 17:14:57,599] INFO greenlens.ml_engine: Predicted bond MYS_Linked_Bond_2023: score=53.5 [Medium-High]
[2026-04-22 17:14:58,191] DEBUG greenlens.worldbank_climate: WB CKP API pr/MYS returned 404
[2026-04-22 17:14:58,191] DEBUG greenlens.worldbank_climate: WB flood fallback MYS \u2192 0.700
[2026-04-22 17:14:58,293] DEBUG greenlens.worldbank_climate: WB CKP API tas/MYS returned 404
[2026-04-22 17:14:58,294] DEBUG greenlens.worldbank_climate: WB heat fallback MYS \u2192 0.710
[2026-04-22 17:14:58,317] INFO greenlens.ml_engine: Predicted bond MYS_Linked_Bond_2024: score=53.5 [Medium-High]
[2026-04-22 17:14:59,010] DEBUG greenlens.worldbank_climate: WB CKP API pr/MLI returned 404
[2026-04-22 17:14:59,010] DEBUG greenlens.worldbank_climate: WB flood fallback MLI \u2192 0.350
[2026-04-22 17:14:59,113] DEBUG greenlens.worldbank_climate: WB CKP API tas/MLI returned 404
[2026-04-22 17:14:59,113] DEBUG greenlens.worldbank_climate: WB heat fallback MLI \u2192 0.880
[2026-04-22 17:14:59,136] INFO greenlens.ml_engine: Predicted bond MLI_Social_Bond_2020: score=44.8 [Medium-Low]
[2026-04-22 17:14:59,832] DEBUG greenlens.worldbank_climate: WB CKP API pr/MLI returned 404
[2026-04-22 17:14:59,832] DEBUG greenlens.worldbank_climate: WB flood fallback MLI \u2192 0.350
[2026-04-22 17:14:59,932] DEBUG greenlens.worldbank_climate: WB CKP API tas/MLI returned 404
[2026-04-22 17:14:59,932] DEBUG greenlens.worldbank_climate: WB heat fallback MLI \u2192 0.880
[2026-04-22 17:14:59,954] INFO greenlens.ml_engine: Predicted bond MLI_Social_Bond_2021: score=44.8 [Medium-Low]
[2026-04-22 17:15:00,648] DEBUG greenlens.worldbank_climate: WB CKP API pr/MLI returned 404
[2026-04-22 17:15:00,648] DEBUG greenlens.worldbank_climate: WB flood fallback MLI \u2192 0.350
[2026-04-22 17:15:00,752] DEBUG greenlens.worldbank_climate: WB CKP API tas/MLI returned 404
[2026-04-22 17:15:00,752] DEBUG greenlens.worldbank_climate: WB heat fallback MLI \u2192 0.880
[2026-04-22 17:15:00,778] INFO greenlens.ml_engine: Predicted bond MLI_Social_Bond_2022: score=44.8 [Medium-Low]
[2026-04-22 17:15:01,468] DEBUG greenlens.worldbank_climate: WB CKP API pr/MLT returned 404
[2026-04-22 17:15:01,468] DEBUG greenlens.worldbank_climate: WB flood fallback MLT \u2192 0.400
[2026-04-22 17:15:01,572] DEBUG greenlens.worldbank_climate: WB CKP API tas/MLT returned 404
[2026-04-22 17:15:01,572] DEBUG greenlens.worldbank_climate: WB heat fallback MLT \u2192 0.450
[2026-04-22 17:15:01,588] INFO greenlens.ml_engine: Predicted bond MLT_Green_Bonds_2023: score=31.8 [Medium-Low]
[2026-04-22 17:15:02,154] DEBUG greenlens.worldbank_climate: WB CKP API pr/MHL returned 404
[2026-04-22 17:15:02,154] DEBUG greenlens.worldbank_climate: WB flood fallback MHL \u2192 0.400
[2026-04-22 17:15:02,288] DEBUG greenlens.worldbank_climate: WB CKP API tas/MHL returned 404
[2026-04-22 17:15:02,289] DEBUG greenlens.worldbank_climate: WB heat fallback MHL \u2192 0.450
[2026-04-22 17:15:02,309] INFO greenlens.ml_engine: Predicted bond MHL_Green_Bonds_2019: score=31.8 [Medium-Low]
[2026-04-22 17:15:02,903] DEBUG greenlens.worldbank_climate: WB CKP API pr/MHL returned 404
[2026-04-22 17:15:02,903] DEBUG greenlens.worldbank_climate: WB flood fallback MHL \u2192 0.400
[2026-04-22 17:15:03,005] DEBUG greenlens.worldbank_climate: WB CKP API tas/MHL returned 404
[2026-04-22 17:15:03,005] DEBUG greenlens.worldbank_climate: WB heat fallback MHL \u2192 0.450
[2026-04-22 17:15:03,029] INFO greenlens.ml_engine: Predicted bond MHL_Green_Bonds_2021: score=31.8 [Medium-Low]
[2026-04-22 17:15:03,720] DEBUG greenlens.worldbank_climate: WB CKP API pr/MHL returned 404
[2026-04-22 17:15:03,720] DEBUG greenlens.worldbank_climate: WB flood fallback MHL \u2192 0.400
[2026-04-22 17:15:03,823] DEBUG greenlens.worldbank_climate: WB CKP API tas/MHL returned 404
[2026-04-22 17:15:03,824] DEBUG greenlens.worldbank_climate: WB heat fallback MHL \u2192 0.450
[2026-04-22 17:15:03,845] INFO greenlens.ml_engine: Predicted bond MHL_Linked_Bond_2021: score=31.8 [Medium-Low]
[2026-04-22 17:15:04,437] DEBUG greenlens.worldbank_climate: WB CKP API pr/MUS returned 404
[2026-04-22 17:15:04,437] DEBUG greenlens.worldbank_climate: WB flood fallback MUS \u2192 0.400
[2026-04-22 17:15:04,548] DEBUG greenlens.worldbank_climate: WB CKP API tas/MUS returned 404
[2026-04-22 17:15:04,548] DEBUG greenlens.worldbank_climate: WB heat fallback MUS \u2192 0.450
[2026-04-22 17:15:04,570] INFO greenlens.ml_engine: Predicted bond MUS_Green_Bonds_2016: score=31.8 [Medium-Low]
[2026-04-22 17:15:05,154] DEBUG greenlens.worldbank_climate: WB CKP API pr/MUS returned 404
[2026-04-22 17:15:05,154] DEBUG greenlens.worldbank_climate: WB flood fallback MUS \u2192 0.400
[2026-04-22 17:15:05,257] DEBUG greenlens.worldbank_climate: WB CKP API tas/MUS returned 404
[2026-04-22 17:15:05,258] DEBUG greenlens.worldbank_climate: WB heat fallback MUS \u2192 0.450
[2026-04-22 17:15:05,279] INFO greenlens.ml_engine: Predicted bond MUS_Green_Bonds_2017: score=31.8 [Medium-Low]
[2026-04-22 17:15:05,973] DEBUG greenlens.worldbank_climate: WB CKP API pr/MUS returned 404
[2026-04-22 17:15:05,973] DEBUG greenlens.worldbank_climate: WB flood fallback MUS \u2192 0.400
[2026-04-22 17:15:06,043] DEBUG greenlens.worldbank_climate: WB CKP API tas/MUS returned 404
[2026-04-22 17:15:06,043] DEBUG greenlens.worldbank_climate: WB heat fallback MUS \u2192 0.450
[2026-04-22 17:15:06,066] INFO greenlens.ml_engine: Predicted bond MUS_Green_Bonds_2019: score=31.8 [Medium-Low]
[2026-04-22 17:15:06,895] DEBUG greenlens.worldbank_climate: WB CKP API pr/MUS returned 404
[2026-04-22 17:15:06,895] DEBUG greenlens.worldbank_climate: WB flood fallback MUS \u2192 0.400
[2026-04-22 17:15:06,998] DEBUG greenlens.worldbank_climate: WB CKP API tas/MUS returned 404
[2026-04-22 17:15:06,998] DEBUG greenlens.worldbank_climate: WB heat fallback MUS \u2192 0.450
[2026-04-22 17:15:07,016] INFO greenlens.ml_engine: Predicted bond MUS_Green_Bonds_2020: score=31.8 [Medium-Low]
[2026-04-22 17:15:07,852] DEBUG greenlens.worldbank_climate: WB CKP API pr/MUS returned 404
[2026-04-22 17:15:07,852] DEBUG greenlens.worldbank_climate: WB flood fallback MUS \u2192 0.400
[2026-04-22 17:15:07,990] DEBUG greenlens.worldbank_climate: WB CKP API tas/MUS returned 404
[2026-04-22 17:15:07,990] DEBUG greenlens.worldbank_climate: WB heat fallback MUS \u2192 0.450
[2026-04-22 17:15:08,008] INFO greenlens.ml_engine: Predicted bond MUS_Green_Bonds_2021: score=31.8 [Medium-Low]
[2026-04-22 17:15:08,738] DEBUG greenlens.worldbank_climate: WB CKP API pr/MUS returned 404
[2026-04-22 17:15:08,738] DEBUG greenlens.worldbank_climate: WB flood fallback MUS \u2192 0.400
[2026-04-22 17:15:08,841] DEBUG greenlens.worldbank_climate: WB CKP API tas/MUS returned 404
[2026-04-22 17:15:08,841] DEBUG greenlens.worldbank_climate: WB heat fallback MUS \u2192 0.450
[2026-04-22 17:15:08,863] INFO greenlens.ml_engine: Predicted bond MUS_Green_Bonds_2022: score=31.8 [Medium-Low]
[2026-04-22 17:15:09,455] DEBUG greenlens.worldbank_climate: WB CKP API pr/MUS returned 404
[2026-04-22 17:15:09,455] DEBUG greenlens.worldbank_climate: WB flood fallback MUS \u2192 0.400
[2026-04-22 17:15:09,558] DEBUG greenlens.worldbank_climate: WB CKP API tas/MUS returned 404
[2026-04-22 17:15:09,558] DEBUG greenlens.worldbank_climate: WB heat fallback MUS \u2192 0.450
[2026-04-22 17:15:09,577] INFO greenlens.ml_engine: Predicted bond MUS_Green_Bonds_2023: score=31.8 [Medium-Low]
[2026-04-22 17:15:10,274] DEBUG greenlens.worldbank_climate: WB CKP API pr/MUS returned 404
[2026-04-22 17:15:10,274] DEBUG greenlens.worldbank_climate: WB flood fallback MUS \u2192 0.400
[2026-04-22 17:15:10,352] DEBUG greenlens.worldbank_climate: WB CKP API tas/MUS returned 404
[2026-04-22 17:15:10,352] DEBUG greenlens.worldbank_climate: WB heat fallback MUS \u2192 0.450
[2026-04-22 17:15:10,372] INFO greenlens.ml_engine: Predicted bond MUS_Social_Bond_2019: score=31.8 [Medium-Low]
[2026-04-22 17:15:10,991] DEBUG greenlens.worldbank_climate: WB CKP API pr/MUS returned 404
[2026-04-22 17:15:10,992] DEBUG greenlens.worldbank_climate: WB flood fallback MUS \u2192 0.400
[2026-04-22 17:15:11,094] DEBUG greenlens.worldbank_climate: WB CKP API tas/MUS returned 404
[2026-04-22 17:15:11,095] DEBUG greenlens.worldbank_climate: WB heat fallback MUS \u2192 0.450
[2026-04-22 17:15:11,109] INFO greenlens.ml_engine: Predicted bond MUS_Social_Bond_2022: score=31.8 [Medium-Low]
[2026-04-22 17:15:11,710] DEBUG greenlens.worldbank_climate: WB CKP API pr/MUS returned 404
[2026-04-22 17:15:11,710] DEBUG greenlens.worldbank_climate: WB flood fallback MUS \u2192 0.400
[2026-04-22 17:15:11,811] DEBUG greenlens.worldbank_climate: WB CKP API tas/MUS returned 404
[2026-04-22 17:15:11,811] DEBUG greenlens.worldbank_climate: WB heat fallback MUS \u2192 0.450
[2026-04-22 17:15:11,835] INFO greenlens.ml_engine: Predicted bond MUS_Social_Bond_2024: score=31.8 [Medium-Low]
[2026-04-22 17:15:12,323] DEBUG greenlens.worldbank_climate: WB CKP API pr/MUS returned 404
[2026-04-22 17:15:12,323] DEBUG greenlens.worldbank_climate: WB flood fallback MUS \u2192 0.400
[2026-04-22 17:15:12,425] DEBUG greenlens.worldbank_climate: WB CKP API tas/MUS returned 404
[2026-04-22 17:15:12,425] DEBUG greenlens.worldbank_climate: WB heat fallback MUS \u2192 0.450
[2026-04-22 17:15:12,444] INFO greenlens.ml_engine: Predicted bond MUS_Sustainabili_2023: score=31.8 [Medium-Low]
[2026-04-22 17:15:13,142] DEBUG greenlens.worldbank_climate: WB CKP API pr/MEX returned 404
[2026-04-22 17:15:13,142] DEBUG greenlens.worldbank_climate: WB flood fallback MEX \u2192 0.550
[2026-04-22 17:15:13,244] DEBUG greenlens.worldbank_climate: WB CKP API tas/MEX returned 404
[2026-04-22 17:15:13,244] DEBUG greenlens.worldbank_climate: WB heat fallback MEX \u2192 0.600
[2026-04-22 17:15:13,265] INFO greenlens.ml_engine: Predicted bond MEX_Green_Bonds_2015: score=43.0 [Medium-Low]
[2026-04-22 17:15:13,962] DEBUG greenlens.worldbank_climate: WB CKP API pr/MEX returned 404
[2026-04-22 17:15:13,962] DEBUG greenlens.worldbank_climate: WB flood fallback MEX \u2192 0.550
[2026-04-22 17:15:14,064] DEBUG greenlens.worldbank_climate: WB CKP API tas/MEX returned 404
[2026-04-22 17:15:14,064] DEBUG greenlens.worldbank_climate: WB heat fallback MEX \u2192 0.600
[2026-04-22 17:15:14,086] INFO greenlens.ml_engine: Predicted bond MEX_Green_Bonds_2016: score=43.0 [Medium-Low]
[2026-04-22 17:15:14,826] DEBUG greenlens.worldbank_climate: WB CKP API pr/MEX returned 404
[2026-04-22 17:15:14,826] DEBUG greenlens.worldbank_climate: WB flood fallback MEX \u2192 0.550
[2026-04-22 17:15:14,967] DEBUG greenlens.worldbank_climate: WB CKP API tas/MEX returned 404
[2026-04-22 17:15:14,967] DEBUG greenlens.worldbank_climate: WB heat fallback MEX \u2192 0.600
[2026-04-22 17:15:14,983] INFO greenlens.ml_engine: Predicted bond MEX_Green_Bonds_2017: score=43.0 [Medium-Low]
[2026-04-22 17:15:15,599] DEBUG greenlens.worldbank_climate: WB CKP API pr/MEX returned 404
[2026-04-22 17:15:15,599] DEBUG greenlens.worldbank_climate: WB flood fallback MEX \u2192 0.550
[2026-04-22 17:15:15,702] DEBUG greenlens.worldbank_climate: WB CKP API tas/MEX returned 404
[2026-04-22 17:15:15,702] DEBUG greenlens.worldbank_climate: WB heat fallback MEX \u2192 0.600
[2026-04-22 17:15:15,726] INFO greenlens.ml_engine: Predicted bond MEX_Green_Bonds_2018: score=43.0 [Medium-Low]
[2026-04-22 17:15:16,420] DEBUG greenlens.worldbank_climate: WB CKP API pr/MEX returned 404
[2026-04-22 17:15:16,420] DEBUG greenlens.worldbank_climate: WB flood fallback MEX \u2192 0.550
[2026-04-22 17:15:16,595] DEBUG greenlens.worldbank_climate: WB CKP API tas/MEX returned 404
[2026-04-22 17:15:16,595] DEBUG greenlens.worldbank_climate: WB heat fallback MEX \u2192 0.600
[2026-04-22 17:15:16,611] INFO greenlens.ml_engine: Predicted bond MEX_Green_Bonds_2019: score=43.0 [Medium-Low]
[2026-04-22 17:15:17,340] DEBUG greenlens.worldbank_climate: WB CKP API pr/MEX returned 404
[2026-04-22 17:15:17,340] DEBUG greenlens.worldbank_climate: WB flood fallback MEX \u2192 0.550
[2026-04-22 17:15:17,442] DEBUG greenlens.worldbank_climate: WB CKP API tas/MEX returned 404
[2026-04-22 17:15:17,442] DEBUG greenlens.worldbank_climate: WB heat fallback MEX \u2192 0.600
[2026-04-22 17:15:17,459] INFO greenlens.ml_engine: Predicted bond MEX_Green_Bonds_2020: score=43.0 [Medium-Low]
[2026-04-22 17:15:18,159] DEBUG greenlens.worldbank_climate: WB CKP API pr/MEX returned 404
[2026-04-22 17:15:18,159] DEBUG greenlens.worldbank_climate: WB flood fallback MEX \u2192 0.550
[2026-04-22 17:15:18,262] DEBUG greenlens.worldbank_climate: WB CKP API tas/MEX returned 404
[2026-04-22 17:15:18,262] DEBUG greenlens.worldbank_climate: WB heat fallback MEX \u2192 0.600
[2026-04-22 17:15:18,284] INFO greenlens.ml_engine: Predicted bond MEX_Green_Bonds_2021: score=43.0 [Medium-Low]
[2026-04-22 17:15:18,875] DEBUG greenlens.worldbank_climate: WB CKP API pr/MEX returned 404
[2026-04-22 17:15:18,876] DEBUG greenlens.worldbank_climate: WB flood fallback MEX \u2192 0.550
[2026-04-22 17:15:18,938] DEBUG greenlens.worldbank_climate: WB CKP API tas/MEX returned 404
[2026-04-22 17:15:18,938] DEBUG greenlens.worldbank_climate: WB heat fallback MEX \u2192 0.600
[2026-04-22 17:15:18,962] INFO greenlens.ml_engine: Predicted bond MEX_Green_Bonds_2022: score=43.0 [Medium-Low]
[2026-04-22 17:15:19,593] DEBUG greenlens.worldbank_climate: WB CKP API pr/MEX returned 404
[2026-04-22 17:15:19,593] DEBUG greenlens.worldbank_climate: WB flood fallback MEX \u2192 0.550
[2026-04-22 17:15:19,696] DEBUG greenlens.worldbank_climate: WB CKP API tas/MEX returned 404
[2026-04-22 17:15:19,696] DEBUG greenlens.worldbank_climate: WB heat fallback MEX \u2192 0.600
[2026-04-22 17:15:19,718] INFO greenlens.ml_engine: Predicted bond MEX_Green_Bonds_2023: score=43.0 [Medium-Low]
[2026-04-22 17:15:20,309] DEBUG greenlens.worldbank_climate: WB CKP API pr/MEX returned 404
[2026-04-22 17:15:20,309] DEBUG greenlens.worldbank_climate: WB flood fallback MEX \u2192 0.550
[2026-04-22 17:15:20,412] DEBUG greenlens.worldbank_climate: WB CKP API tas/MEX returned 404
[2026-04-22 17:15:20,412] DEBUG greenlens.worldbank_climate: WB heat fallback MEX \u2192 0.600
[2026-04-22 17:15:20,433] INFO greenlens.ml_engine: Predicted bond MEX_Green_Bonds_2024: score=43.0 [Medium-Low]
[2026-04-22 17:15:21,027] DEBUG greenlens.worldbank_climate: WB CKP API pr/MEX returned 404
[2026-04-22 17:15:21,027] DEBUG greenlens.worldbank_climate: WB flood fallback MEX \u2192 0.550
[2026-04-22 17:15:21,128] DEBUG greenlens.worldbank_climate: WB CKP API tas/MEX returned 404
[2026-04-22 17:15:21,128] DEBUG greenlens.worldbank_climate: WB heat fallback MEX \u2192 0.600
[2026-04-22 17:15:21,152] INFO greenlens.ml_engine: Predicted bond MEX_Social_Bond_2017: score=43.0 [Medium-Low]
[2026-04-22 17:15:21,743] DEBUG greenlens.worldbank_climate: WB CKP API pr/MEX returned 404
[2026-04-22 17:15:21,743] DEBUG greenlens.worldbank_climate: WB flood fallback MEX \u2192 0.550
[2026-04-22 17:15:21,849] DEBUG greenlens.worldbank_climate: WB CKP API tas/MEX returned 404
[2026-04-22 17:15:21,849] DEBUG greenlens.worldbank_climate: WB heat fallback MEX \u2192 0.600
[2026-04-22 17:15:21,863] INFO greenlens.ml_engine: Predicted bond MEX_Social_Bond_2019: score=43.0 [Medium-Low]
[2026-04-22 17:15:22,460] DEBUG greenlens.worldbank_climate: WB CKP API pr/MEX returned 404
[2026-04-22 17:15:22,460] DEBUG greenlens.worldbank_climate: WB flood fallback MEX \u2192 0.550
[2026-04-22 17:15:22,561] DEBUG greenlens.worldbank_climate: WB CKP API tas/MEX returned 404
[2026-04-22 17:15:22,561] DEBUG greenlens.worldbank_climate: WB heat fallback MEX \u2192 0.600
[2026-04-22 17:15:22,585] INFO greenlens.ml_engine: Predicted bond MEX_Social_Bond_2020: score=43.0 [Medium-Low]
[2026-04-22 17:15:23,381] DEBUG greenlens.worldbank_climate: WB CKP API pr/MEX returned 404
[2026-04-22 17:15:23,381] DEBUG greenlens.worldbank_climate: WB flood fallback MEX \u2192 0.550
[2026-04-22 17:15:23,484] DEBUG greenlens.worldbank_climate: WB CKP API tas/MEX returned 404
[2026-04-22 17:15:23,485] DEBUG greenlens.worldbank_climate: WB heat fallback MEX \u2192 0.600
[2026-04-22 17:15:23,503] INFO greenlens.ml_engine: Predicted bond MEX_Social_Bond_2021: score=43.0 [Medium-Low]
[2026-04-22 17:15:24,099] DEBUG greenlens.worldbank_climate: WB CKP API pr/MEX returned 404
[2026-04-22 17:15:24,099] DEBUG greenlens.worldbank_climate: WB flood fallback MEX \u2192 0.550
[2026-04-22 17:15:24,201] DEBUG greenlens.worldbank_climate: WB CKP API tas/MEX returned 404
[2026-04-22 17:15:24,201] DEBUG greenlens.worldbank_climate: WB heat fallback MEX \u2192 0.600
[2026-04-22 17:15:24,219] INFO greenlens.ml_engine: Predicted bond MEX_Social_Bond_2022: score=43.0 [Medium-Low]
[2026-04-22 17:15:24,816] DEBUG greenlens.worldbank_climate: WB CKP API pr/MEX returned 404
[2026-04-22 17:15:24,816] DEBUG greenlens.worldbank_climate: WB flood fallback MEX \u2192 0.550
[2026-04-22 17:15:24,917] DEBUG greenlens.worldbank_climate: WB CKP API tas/MEX returned 404
[2026-04-22 17:15:24,917] DEBUG greenlens.worldbank_climate: WB heat fallback MEX \u2192 0.600
[2026-04-22 17:15:24,939] INFO greenlens.ml_engine: Predicted bond MEX_Social_Bond_2023: score=43.0 [Medium-Low]
[2026-04-22 17:15:25,532] DEBUG greenlens.worldbank_climate: WB CKP API pr/MEX returned 404
[2026-04-22 17:15:25,533] DEBUG greenlens.worldbank_climate: WB flood fallback MEX \u2192 0.550
[2026-04-22 17:15:25,633] DEBUG greenlens.worldbank_climate: WB CKP API tas/MEX returned 404
[2026-04-22 17:15:25,634] DEBUG greenlens.worldbank_climate: WB heat fallback MEX \u2192 0.600
[2026-04-22 17:15:25,656] INFO greenlens.ml_engine: Predicted bond MEX_Social_Bond_2024: score=43.0 [Medium-Low]
[2026-04-22 17:15:26,147] DEBUG greenlens.worldbank_climate: WB CKP API pr/MEX returned 404
[2026-04-22 17:15:26,147] DEBUG greenlens.worldbank_climate: WB flood fallback MEX \u2192 0.550
[2026-04-22 17:15:26,206] DEBUG greenlens.worldbank_climate: WB CKP API tas/MEX returned 404
[2026-04-22 17:15:26,206] DEBUG greenlens.worldbank_climate: WB heat fallback MEX \u2192 0.600
[2026-04-22 17:15:26,228] INFO greenlens.ml_engine: Predicted bond MEX_Sustainabili_2017: score=43.0 [Medium-Low]
[2026-04-22 17:15:26,863] DEBUG greenlens.worldbank_climate: WB CKP API pr/MEX returned 404
[2026-04-22 17:15:26,863] DEBUG greenlens.worldbank_climate: WB flood fallback MEX \u2192 0.550
[2026-04-22 17:15:26,965] DEBUG greenlens.worldbank_climate: WB CKP API tas/MEX returned 404
[2026-04-22 17:15:26,965] DEBUG greenlens.worldbank_climate: WB heat fallback MEX \u2192 0.600
[2026-04-22 17:15:26,981] INFO greenlens.ml_engine: Predicted bond MEX_Sustainabili_2018: score=43.0 [Medium-Low]
[2026-04-22 17:15:27,580] DEBUG greenlens.worldbank_climate: WB CKP API pr/MEX returned 404
[2026-04-22 17:15:27,581] DEBUG greenlens.worldbank_climate: WB flood fallback MEX \u2192 0.550
[2026-04-22 17:15:27,682] DEBUG greenlens.worldbank_climate: WB CKP API tas/MEX returned 404
[2026-04-22 17:15:27,683] DEBUG greenlens.worldbank_climate: WB heat fallback MEX \u2192 0.600
[2026-04-22 17:15:27,705] INFO greenlens.ml_engine: Predicted bond MEX_Sustainabili_2019: score=43.0 [Medium-Low]
[2026-04-22 17:15:28,297] DEBUG greenlens.worldbank_climate: WB CKP API pr/MEX returned 404
[2026-04-22 17:15:28,297] DEBUG greenlens.worldbank_climate: WB flood fallback MEX \u2192 0.550
[2026-04-22 17:15:28,399] DEBUG greenlens.worldbank_climate: WB CKP API tas/MEX returned 404
[2026-04-22 17:15:28,399] DEBUG greenlens.worldbank_climate: WB heat fallback MEX \u2192 0.600
[2026-04-22 17:15:28,414] INFO greenlens.ml_engine: Predicted bond MEX_Sustainabili_2020: score=43.0 [Medium-Low]
[2026-04-22 17:15:29,014] DEBUG greenlens.worldbank_climate: WB CKP API pr/MEX returned 404
[2026-04-22 17:15:29,014] DEBUG greenlens.worldbank_climate: WB flood fallback MEX \u2192 0.550
[2026-04-22 17:15:29,116] DEBUG greenlens.worldbank_climate: WB CKP API tas/MEX returned 404
[2026-04-22 17:15:29,116] DEBUG greenlens.worldbank_climate: WB heat fallback MEX \u2192 0.600
[2026-04-22 17:15:29,139] INFO greenlens.ml_engine: Predicted bond MEX_Sustainabili_2021: score=43.0 [Medium-Low]
[2026-04-22 17:15:29,732] DEBUG greenlens.worldbank_climate: WB CKP API pr/MEX returned 404
[2026-04-22 17:15:29,732] DEBUG greenlens.worldbank_climate: WB flood fallback MEX \u2192 0.550
[2026-04-22 17:15:29,835] DEBUG greenlens.worldbank_climate: WB CKP API tas/MEX returned 404
[2026-04-22 17:15:29,835] DEBUG greenlens.worldbank_climate: WB heat fallback MEX \u2192 0.600
[2026-04-22 17:15:29,860] INFO greenlens.ml_engine: Predicted bond MEX_Sustainabili_2022: score=43.0 [Medium-Low]
[2026-04-22 17:15:30,447] DEBUG greenlens.worldbank_climate: WB CKP API pr/MEX returned 404
[2026-04-22 17:15:30,447] DEBUG greenlens.worldbank_climate: WB flood fallback MEX \u2192 0.550
[2026-04-22 17:15:30,519] DEBUG greenlens.worldbank_climate: WB CKP API tas/MEX returned 404
[2026-04-22 17:15:30,519] DEBUG greenlens.worldbank_climate: WB heat fallback MEX \u2192 0.600
[2026-04-22 17:15:30,542] INFO greenlens.ml_engine: Predicted bond MEX_Sustainabili_2023: score=43.0 [Medium-Low]
[2026-04-22 17:15:31,164] DEBUG greenlens.worldbank_climate: WB CKP API pr/MEX returned 404
[2026-04-22 17:15:31,164] DEBUG greenlens.worldbank_climate: WB flood fallback MEX \u2192 0.550
[2026-04-22 17:15:31,267] DEBUG greenlens.worldbank_climate: WB CKP API tas/MEX returned 404
[2026-04-22 17:15:31,267] DEBUG greenlens.worldbank_climate: WB heat fallback MEX \u2192 0.600
[2026-04-22 17:15:31,283] INFO greenlens.ml_engine: Predicted bond MEX_Sustainabili_2024: score=43.0 [Medium-Low]
[2026-04-22 17:15:31,881] DEBUG greenlens.worldbank_climate: WB CKP API pr/MEX returned 404
[2026-04-22 17:15:31,881] DEBUG greenlens.worldbank_climate: WB flood fallback MEX \u2192 0.550
[2026-04-22 17:15:31,982] DEBUG greenlens.worldbank_climate: WB CKP API tas/MEX returned 404
[2026-04-22 17:15:31,983] DEBUG greenlens.worldbank_climate: WB heat fallback MEX \u2192 0.600
[2026-04-22 17:15:32,000] INFO greenlens.ml_engine: Predicted bond MEX_Linked_Bond_2021: score=43.0 [Medium-Low]
[2026-04-22 17:15:32,598] DEBUG greenlens.worldbank_climate: WB CKP API pr/MEX returned 404
[2026-04-22 17:15:32,598] DEBUG greenlens.worldbank_climate: WB flood fallback MEX \u2192 0.550
[2026-04-22 17:15:32,665] DEBUG greenlens.worldbank_climate: WB CKP API tas/MEX returned 404
[2026-04-22 17:15:32,665] DEBUG greenlens.worldbank_climate: WB heat fallback MEX \u2192 0.600
[2026-04-22 17:15:32,685] INFO greenlens.ml_engine: Predicted bond MEX_Linked_Bond_2022: score=43.0 [Medium-Low]
[2026-04-22 17:15:33,416] DEBUG greenlens.worldbank_climate: WB CKP API pr/MEX returned 404
[2026-04-22 17:15:33,417] DEBUG greenlens.worldbank_climate: WB flood fallback MEX \u2192 0.550
[2026-04-22 17:15:33,519] DEBUG greenlens.worldbank_climate: WB CKP API tas/MEX returned 404
[2026-04-22 17:15:33,519] DEBUG greenlens.worldbank_climate: WB heat fallback MEX \u2192 0.600
[2026-04-22 17:15:33,533] INFO greenlens.ml_engine: Predicted bond MEX_Linked_Bond_2023: score=43.0 [Medium-Low]
[2026-04-22 17:15:34,133] DEBUG greenlens.worldbank_climate: WB CKP API pr/MNG returned 404
[2026-04-22 17:15:34,133] DEBUG greenlens.worldbank_climate: WB flood fallback MNG \u2192 0.150
[2026-04-22 17:15:34,236] DEBUG greenlens.worldbank_climate: WB CKP API tas/MNG returned 404
[2026-04-22 17:15:34,236] DEBUG greenlens.worldbank_climate: WB heat fallback MNG \u2192 0.300
[2026-04-22 17:15:34,254] INFO greenlens.ml_engine: Predicted bond MNG_Green_Bonds_2024: score=16.5 [Low]
[2026-04-22 17:15:34,748] DEBUG greenlens.worldbank_climate: WB CKP API pr/MNG returned 404
[2026-04-22 17:15:34,748] DEBUG greenlens.worldbank_climate: WB flood fallback MNG \u2192 0.150
[2026-04-22 17:15:34,851] DEBUG greenlens.worldbank_climate: WB CKP API tas/MNG returned 404
[2026-04-22 17:15:34,851] DEBUG greenlens.worldbank_climate: WB heat fallback MNG \u2192 0.300
[2026-04-22 17:15:34,874] INFO greenlens.ml_engine: Predicted bond MNG_Social_Bond_2024: score=16.5 [Low]
[2026-04-22 17:15:35,465] DEBUG greenlens.worldbank_climate: WB CKP API pr/MAR returned 404
[2026-04-22 17:15:35,465] DEBUG greenlens.worldbank_climate: WB flood fallback MAR \u2192 0.300
[2026-04-22 17:15:35,567] DEBUG greenlens.worldbank_climate: WB CKP API tas/MAR returned 404
[2026-04-22 17:15:35,567] DEBUG greenlens.worldbank_climate: WB heat fallback MAR \u2192 0.650
[2026-04-22 17:15:35,585] INFO greenlens.ml_engine: Predicted bond MAR_Green_Bonds_2017: score=34.7 [Medium-Low]
[2026-04-22 17:15:36,182] DEBUG greenlens.worldbank_climate: WB CKP API pr/MAR returned 404
[2026-04-22 17:15:36,182] DEBUG greenlens.worldbank_climate: WB flood fallback MAR \u2192 0.300
[2026-04-22 17:15:36,284] DEBUG greenlens.worldbank_climate: WB CKP API tas/MAR returned 404
[2026-04-22 17:15:36,284] DEBUG greenlens.worldbank_climate: WB heat fallback MAR \u2192 0.650
[2026-04-22 17:15:36,299] INFO greenlens.ml_engine: Predicted bond MAR_Green_Bonds_2022: score=34.7 [Medium-Low]
[2026-04-22 17:15:37,000] DEBUG greenlens.worldbank_climate: WB CKP API pr/NAM returned 404
[2026-04-22 17:15:37,000] DEBUG greenlens.worldbank_climate: WB flood fallback NAM \u2192 0.400
[2026-04-22 17:15:37,102] DEBUG greenlens.worldbank_climate: WB CKP API tas/NAM returned 404
[2026-04-22 17:15:37,102] DEBUG greenlens.worldbank_climate: WB heat fallback NAM \u2192 0.450
[2026-04-22 17:15:37,119] INFO greenlens.ml_engine: Predicted bond NAM_Green_Bonds_2018: score=31.8 [Medium-Low]
[2026-04-22 17:15:37,717] DEBUG greenlens.worldbank_climate: WB CKP API pr/NAM returned 404
[2026-04-22 17:15:37,717] DEBUG greenlens.worldbank_climate: WB flood fallback NAM \u2192 0.400
[2026-04-22 17:15:37,791] DEBUG greenlens.worldbank_climate: WB CKP API tas/NAM returned 404
[2026-04-22 17:15:37,791] DEBUG greenlens.worldbank_climate: WB heat fallback NAM \u2192 0.450
[2026-04-22 17:15:37,814] INFO greenlens.ml_engine: Predicted bond NAM_Sustainabili_2021: score=31.8 [Medium-Low]
[2026-04-22 17:15:38,437] DEBUG greenlens.worldbank_climate: WB CKP API pr/NLD returned 404
[2026-04-22 17:15:38,437] DEBUG greenlens.worldbank_climate: WB flood fallback NLD \u2192 0.550
[2026-04-22 17:15:38,536] DEBUG greenlens.worldbank_climate: WB CKP API tas/NLD returned 404
[2026-04-22 17:15:38,536] DEBUG greenlens.worldbank_climate: WB heat fallback NLD \u2192 0.250
[2026-04-22 17:15:38,552] INFO greenlens.ml_engine: Predicted bond NLD_Green_Bonds_2014: score=34.8 [Medium-Low]
[2026-04-22 17:15:39,152] DEBUG greenlens.worldbank_climate: WB CKP API pr/NLD returned 404
[2026-04-22 17:15:39,152] DEBUG greenlens.worldbank_climate: WB flood fallback NLD \u2192 0.550
[2026-04-22 17:15:39,254] DEBUG greenlens.worldbank_climate: WB CKP API tas/NLD returned 404
[2026-04-22 17:15:39,254] DEBUG greenlens.worldbank_climate: WB heat fallback NLD \u2192 0.250
[2026-04-22 17:15:39,273] INFO greenlens.ml_engine: Predicted bond NLD_Green_Bonds_2015: score=34.8 [Medium-Low]
[2026-04-22 17:15:39,869] DEBUG greenlens.worldbank_climate: WB CKP API pr/NLD returned 404
[2026-04-22 17:15:39,869] DEBUG greenlens.worldbank_climate: WB flood fallback NLD \u2192 0.550
[2026-04-22 17:15:39,971] DEBUG greenlens.worldbank_climate: WB CKP API tas/NLD returned 404
[2026-04-22 17:15:39,971] DEBUG greenlens.worldbank_climate: WB heat fallback NLD \u2192 0.250
[2026-04-22 17:15:39,995] INFO greenlens.ml_engine: Predicted bond NLD_Green_Bonds_2016: score=34.8 [Medium-Low]
[2026-04-22 17:15:40,585] DEBUG greenlens.worldbank_climate: WB CKP API pr/NLD returned 404
[2026-04-22 17:15:40,585] DEBUG greenlens.worldbank_climate: WB flood fallback NLD \u2192 0.550
[2026-04-22 17:15:40,683] DEBUG greenlens.worldbank_climate: WB CKP API tas/NLD returned 404
[2026-04-22 17:15:40,683] DEBUG greenlens.worldbank_climate: WB heat fallback NLD \u2192 0.250
[2026-04-22 17:15:40,707] INFO greenlens.ml_engine: Predicted bond NLD_Green_Bonds_2017: score=34.8 [Medium-Low]
[2026-04-22 17:15:41,300] DEBUG greenlens.worldbank_climate: WB CKP API pr/NLD returned 404
[2026-04-22 17:15:41,300] DEBUG greenlens.worldbank_climate: WB flood fallback NLD \u2192 0.550
[2026-04-22 17:15:41,403] DEBUG greenlens.worldbank_climate: WB CKP API tas/NLD returned 404
[2026-04-22 17:15:41,403] DEBUG greenlens.worldbank_climate: WB heat fallback NLD \u2192 0.250
[2026-04-22 17:15:41,418] INFO greenlens.ml_engine: Predicted bond NLD_Green_Bonds_2018: score=34.8 [Medium-Low]
[2026-04-22 17:15:42,019] DEBUG greenlens.worldbank_climate: WB CKP API pr/NLD returned 404
[2026-04-22 17:15:42,019] DEBUG greenlens.worldbank_climate: WB flood fallback NLD \u2192 0.550
[2026-04-22 17:15:42,134] DEBUG greenlens.worldbank_climate: WB CKP API tas/NLD returned 404
[2026-04-22 17:15:42,134] DEBUG greenlens.worldbank_climate: WB heat fallback NLD \u2192 0.250
[2026-04-22 17:15:42,173] INFO greenlens.ml_engine: Predicted bond NLD_Green_Bonds_2019: score=34.8 [Medium-Low]
[2026-04-22 17:15:42,836] DEBUG greenlens.worldbank_climate: WB CKP API pr/NLD returned 404
[2026-04-22 17:15:42,836] DEBUG greenlens.worldbank_climate: WB flood fallback NLD \u2192 0.550
[2026-04-22 17:15:42,940] DEBUG greenlens.worldbank_climate: WB CKP API tas/NLD returned 404
[2026-04-22 17:15:42,940] DEBUG greenlens.worldbank_climate: WB heat fallback NLD \u2192 0.250
[2026-04-22 17:15:42,959] INFO greenlens.ml_engine: Predicted bond NLD_Green_Bonds_2020: score=34.8 [Medium-Low]
[2026-04-22 17:15:43,656] DEBUG greenlens.worldbank_climate: WB CKP API pr/NLD returned 404
[2026-04-22 17:15:43,656] DEBUG greenlens.worldbank_climate: WB flood fallback NLD \u2192 0.550
[2026-04-22 17:15:43,758] DEBUG greenlens.worldbank_climate: WB CKP API tas/NLD returned 404
[2026-04-22 17:15:43,759] DEBUG greenlens.worldbank_climate: WB heat fallback NLD \u2192 0.250
[2026-04-22 17:15:43,774] INFO greenlens.ml_engine: Predicted bond NLD_Green_Bonds_2021: score=34.8 [Medium-Low]
[2026-04-22 17:15:44,476] DEBUG greenlens.worldbank_climate: WB CKP API pr/NLD returned 404
[2026-04-22 17:15:44,476] DEBUG greenlens.worldbank_climate: WB flood fallback NLD \u2192 0.550
[2026-04-22 17:15:44,541] DEBUG greenlens.worldbank_climate: WB CKP API tas/NLD returned 404
[2026-04-22 17:15:44,541] DEBUG greenlens.worldbank_climate: WB heat fallback NLD \u2192 0.250
[2026-04-22 17:15:44,561] INFO greenlens.ml_engine: Predicted bond NLD_Green_Bonds_2022: score=34.8 [Medium-Low]
[2026-04-22 17:15:45,296] DEBUG greenlens.worldbank_climate: WB CKP API pr/NLD returned 404
[2026-04-22 17:15:45,296] DEBUG greenlens.worldbank_climate: WB flood fallback NLD \u2192 0.550
[2026-04-22 17:15:45,397] DEBUG greenlens.worldbank_climate: WB CKP API tas/NLD returned 404
[2026-04-22 17:15:45,397] DEBUG greenlens.worldbank_climate: WB heat fallback NLD \u2192 0.250
[2026-04-22 17:15:45,420] INFO greenlens.ml_engine: Predicted bond NLD_Green_Bonds_2023: score=34.8 [Medium-Low]
[2026-04-22 17:15:46,012] DEBUG greenlens.worldbank_climate: WB CKP API pr/NLD returned 404
[2026-04-22 17:15:46,012] DEBUG greenlens.worldbank_climate: WB flood fallback NLD \u2192 0.550
[2026-04-22 17:15:46,114] DEBUG greenlens.worldbank_climate: WB CKP API tas/NLD returned 404
[2026-04-22 17:15:46,114] DEBUG greenlens.worldbank_climate: WB heat fallback NLD \u2192 0.250
[2026-04-22 17:15:46,136] INFO greenlens.ml_engine: Predicted bond NLD_Green_Bonds_2024: score=34.8 [Medium-Low]
[2026-04-22 17:15:46,694] DEBUG greenlens.worldbank_climate: WB CKP API pr/NLD returned 404
[2026-04-22 17:15:46,694] DEBUG greenlens.worldbank_climate: WB flood fallback NLD \u2192 0.550
[2026-04-22 17:15:46,832] DEBUG greenlens.worldbank_climate: WB CKP API tas/NLD returned 404
[2026-04-22 17:15:46,832] DEBUG greenlens.worldbank_climate: WB heat fallback NLD \u2192 0.250
[2026-04-22 17:15:46,853] INFO greenlens.ml_engine: Predicted bond NLD_Social_Bond_2015: score=34.8 [Medium-Low]
[2026-04-22 17:15:47,445] DEBUG greenlens.worldbank_climate: WB CKP API pr/NLD returned 404
[2026-04-22 17:15:47,445] DEBUG greenlens.worldbank_climate: WB flood fallback NLD \u2192 0.550
[2026-04-22 17:15:47,548] DEBUG greenlens.worldbank_climate: WB CKP API tas/NLD returned 404
[2026-04-22 17:15:47,549] DEBUG greenlens.worldbank_climate: WB heat fallback NLD \u2192 0.250
[2026-04-22 17:15:47,574] INFO greenlens.ml_engine: Predicted bond NLD_Social_Bond_2016: score=34.8 [Medium-Low]
[2026-04-22 17:15:48,281] DEBUG greenlens.worldbank_climate: WB CKP API pr/NLD returned 404
[2026-04-22 17:15:48,281] DEBUG greenlens.worldbank_climate: WB flood fallback NLD \u2192 0.550
[2026-04-22 17:15:48,367] DEBUG greenlens.worldbank_climate: WB CKP API tas/NLD returned 404
[2026-04-22 17:15:48,367] DEBUG greenlens.worldbank_climate: WB heat fallback NLD \u2192 0.250
[2026-04-22 17:15:48,385] INFO greenlens.ml_engine: Predicted bond NLD_Social_Bond_2017: score=34.8 [Medium-Low]
[2026-04-22 17:15:48,980] DEBUG greenlens.worldbank_climate: WB CKP API pr/NLD returned 404
[2026-04-22 17:15:48,980] DEBUG greenlens.worldbank_climate: WB flood fallback NLD \u2192 0.550
[2026-04-22 17:15:49,037] DEBUG greenlens.worldbank_climate: WB CKP API tas/NLD returned 404
[2026-04-22 17:15:49,037] DEBUG greenlens.worldbank_climate: WB heat fallback NLD \u2192 0.250
[2026-04-22 17:15:49,061] INFO greenlens.ml_engine: Predicted bond NLD_Social_Bond_2018: score=34.8 [Medium-Low]
[2026-04-22 17:15:49,801] DEBUG greenlens.worldbank_climate: WB CKP API pr/NLD returned 404
[2026-04-22 17:15:49,801] DEBUG greenlens.worldbank_climate: WB flood fallback NLD \u2192 0.550
[2026-04-22 17:15:49,902] DEBUG greenlens.worldbank_climate: WB CKP API tas/NLD returned 404
[2026-04-22 17:15:49,902] DEBUG greenlens.worldbank_climate: WB heat fallback NLD \u2192 0.250
[2026-04-22 17:15:49,917] INFO greenlens.ml_engine: Predicted bond NLD_Social_Bond_2019: score=34.8 [Medium-Low]
[2026-04-22 17:15:50,516] DEBUG greenlens.worldbank_climate: WB CKP API pr/NLD returned 404
[2026-04-22 17:15:50,517] DEBUG greenlens.worldbank_climate: WB flood fallback NLD \u2192 0.550
[2026-04-22 17:15:50,621] DEBUG greenlens.worldbank_climate: WB CKP API tas/NLD returned 404
[2026-04-22 17:15:50,621] DEBUG greenlens.worldbank_climate: WB heat fallback NLD \u2192 0.250
[2026-04-22 17:15:50,638] INFO greenlens.ml_engine: Predicted bond NLD_Social_Bond_2020: score=34.8 [Medium-Low]
[2026-04-22 17:15:51,232] DEBUG greenlens.worldbank_climate: WB CKP API pr/NLD returned 404
[2026-04-22 17:15:51,233] DEBUG greenlens.worldbank_climate: WB flood fallback NLD \u2192 0.550
[2026-04-22 17:15:51,336] DEBUG greenlens.worldbank_climate: WB CKP API tas/NLD returned 404
[2026-04-22 17:15:51,337] DEBUG greenlens.worldbank_climate: WB heat fallback NLD \u2192 0.250
[2026-04-22 17:15:51,351] INFO greenlens.ml_engine: Predicted bond NLD_Social_Bond_2021: score=34.8 [Medium-Low]
[2026-04-22 17:15:51,925] DEBUG greenlens.worldbank_climate: WB CKP API pr/NLD returned 404
[2026-04-22 17:15:51,925] DEBUG greenlens.worldbank_climate: WB flood fallback NLD \u2192 0.550
[2026-04-22 17:15:52,053] DEBUG greenlens.worldbank_climate: WB CKP API tas/NLD returned 404
[2026-04-22 17:15:52,054] DEBUG greenlens.worldbank_climate: WB heat fallback NLD \u2192 0.250
[2026-04-22 17:15:52,076] INFO greenlens.ml_engine: Predicted bond NLD_Social_Bond_2022: score=34.8 [Medium-Low]
[2026-04-22 17:15:52,668] DEBUG greenlens.worldbank_climate: WB CKP API pr/NLD returned 404
[2026-04-22 17:15:52,668] DEBUG greenlens.worldbank_climate: WB flood fallback NLD \u2192 0.550
[2026-04-22 17:15:52,734] DEBUG greenlens.worldbank_climate: WB CKP API tas/NLD returned 404
[2026-04-22 17:15:52,734] DEBUG greenlens.worldbank_climate: WB heat fallback NLD \u2192 0.250
[2026-04-22 17:15:52,751] INFO greenlens.ml_engine: Predicted bond NLD_Social_Bond_2023: score=34.8 [Medium-Low]
[2026-04-22 17:15:53,386] DEBUG greenlens.worldbank_climate: WB CKP API pr/NLD returned 404
[2026-04-22 17:15:53,386] DEBUG greenlens.worldbank_climate: WB flood fallback NLD \u2192 0.550
[2026-04-22 17:15:53,452] DEBUG greenlens.worldbank_climate: WB CKP API tas/NLD returned 404
[2026-04-22 17:15:53,452] DEBUG greenlens.worldbank_climate: WB heat fallback NLD \u2192 0.250
[2026-04-22 17:15:53,476] INFO greenlens.ml_engine: Predicted bond NLD_Social_Bond_2024: score=34.8 [Medium-Low]
[2026-04-22 17:15:54,009] DEBUG greenlens.worldbank_climate: WB CKP API pr/NLD returned 404
[2026-04-22 17:15:54,009] DEBUG greenlens.worldbank_climate: WB flood fallback NLD \u2192 0.550
[2026-04-22 17:15:54,101] DEBUG greenlens.worldbank_climate: WB CKP API tas/NLD returned 404
[2026-04-22 17:15:54,101] DEBUG greenlens.worldbank_climate: WB heat fallback NLD \u2192 0.250
[2026-04-22 17:15:54,124] INFO greenlens.ml_engine: Predicted bond NLD_Sustainabili_2013: score=34.8 [Medium-Low]
[2026-04-22 17:15:54,674] DEBUG greenlens.worldbank_climate: WB CKP API pr/NLD returned 404
[2026-04-22 17:15:54,675] DEBUG greenlens.worldbank_climate: WB flood fallback NLD \u2192 0.550
[2026-04-22 17:15:54,745] DEBUG greenlens.worldbank_climate: WB CKP API tas/NLD returned 404
[2026-04-22 17:15:54,745] DEBUG greenlens.worldbank_climate: WB heat fallback NLD \u2192 0.250
[2026-04-22 17:15:54,773] INFO greenlens.ml_engine: Predicted bond NLD_Sustainabili_2015: score=34.8 [Medium-Low]
[2026-04-22 17:15:55,394] DEBUG greenlens.worldbank_climate: WB CKP API pr/NLD returned 404
[2026-04-22 17:15:55,394] DEBUG greenlens.worldbank_climate: WB flood fallback NLD \u2192 0.550
[2026-04-22 17:15:55,536] DEBUG greenlens.worldbank_climate: WB CKP API tas/NLD returned 404
[2026-04-22 17:15:55,536] DEBUG greenlens.worldbank_climate: WB heat fallback NLD \u2192 0.250
[2026-04-22 17:15:55,552] INFO greenlens.ml_engine: Predicted bond NLD_Sustainabili_2016: score=34.8 [Medium-Low]
[2026-04-22 17:15:56,150] DEBUG greenlens.worldbank_climate: WB CKP API pr/NLD returned 404
[2026-04-22 17:15:56,150] DEBUG greenlens.worldbank_climate: WB flood fallback NLD \u2192 0.550
[2026-04-22 17:15:56,251] DEBUG greenlens.worldbank_climate: WB CKP API tas/NLD returned 404
[2026-04-22 17:15:56,251] DEBUG greenlens.worldbank_climate: WB heat fallback NLD \u2192 0.250
[2026-04-22 17:15:56,274] INFO greenlens.ml_engine: Predicted bond NLD_Sustainabili_2017: score=34.8 [Medium-Low]
[2026-04-22 17:15:56,773] DEBUG greenlens.worldbank_climate: WB CKP API pr/NLD returned 404
[2026-04-22 17:15:56,773] DEBUG greenlens.worldbank_climate: WB flood fallback NLD \u2192 0.550
[2026-04-22 17:15:56,865] DEBUG greenlens.worldbank_climate: WB CKP API tas/NLD returned 404
[2026-04-22 17:15:56,865] DEBUG greenlens.worldbank_climate: WB heat fallback NLD \u2192 0.250
[2026-04-22 17:15:56,889] INFO greenlens.ml_engine: Predicted bond NLD_Sustainabili_2018: score=34.8 [Medium-Low]
[2026-04-22 17:15:57,450] DEBUG greenlens.worldbank_climate: WB CKP API pr/NLD returned 404
[2026-04-22 17:15:57,450] DEBUG greenlens.worldbank_climate: WB flood fallback NLD \u2192 0.550
[2026-04-22 17:15:57,583] DEBUG greenlens.worldbank_climate: WB CKP API tas/NLD returned 404
[2026-04-22 17:15:57,584] DEBUG greenlens.worldbank_climate: WB heat fallback NLD \u2192 0.250
[2026-04-22 17:15:57,600] INFO greenlens.ml_engine: Predicted bond NLD_Sustainabili_2019: score=34.8 [Medium-Low]
[2026-04-22 17:15:58,126] DEBUG greenlens.worldbank_climate: WB CKP API pr/NLD returned 404
[2026-04-22 17:15:58,126] DEBUG greenlens.worldbank_climate: WB flood fallback NLD \u2192 0.550
[2026-04-22 17:15:58,194] DEBUG greenlens.worldbank_climate: WB CKP API tas/NLD returned 404
[2026-04-22 17:15:58,194] DEBUG greenlens.worldbank_climate: WB heat fallback NLD \u2192 0.250
[2026-04-22 17:15:58,221] INFO greenlens.ml_engine: Predicted bond NLD_Sustainabili_2020: score=34.8 [Medium-Low]
[2026-04-22 17:15:58,772] DEBUG greenlens.worldbank_climate: WB CKP API pr/NLD returned 404
[2026-04-22 17:15:58,772] DEBUG greenlens.worldbank_climate: WB flood fallback NLD \u2192 0.550
[2026-04-22 17:15:58,914] DEBUG greenlens.worldbank_climate: WB CKP API tas/NLD returned 404
[2026-04-22 17:15:58,914] DEBUG greenlens.worldbank_climate: WB heat fallback NLD \u2192 0.250
[2026-04-22 17:15:58,930] INFO greenlens.ml_engine: Predicted bond NLD_Sustainabili_2021: score=34.8 [Medium-Low]
[2026-04-22 17:15:59,427] DEBUG greenlens.worldbank_climate: WB CKP API pr/NLD returned 404
[2026-04-22 17:15:59,427] DEBUG greenlens.worldbank_climate: WB flood fallback NLD \u2192 0.550
[2026-04-22 17:15:59,493] DEBUG greenlens.worldbank_climate: WB CKP API tas/NLD returned 404
[2026-04-22 17:15:59,494] DEBUG greenlens.worldbank_climate: WB heat fallback NLD \u2192 0.250
[2026-04-22 17:15:59,511] INFO greenlens.ml_engine: Predicted bond NLD_Sustainabili_2022: score=34.8 [Medium-Low]
[2026-04-22 17:16:00,112] DEBUG greenlens.worldbank_climate: WB CKP API pr/NLD returned 404
[2026-04-22 17:16:00,112] DEBUG greenlens.worldbank_climate: WB flood fallback NLD \u2192 0.550
[2026-04-22 17:16:00,244] DEBUG greenlens.worldbank_climate: WB CKP API tas/NLD returned 404
[2026-04-22 17:16:00,245] DEBUG greenlens.worldbank_climate: WB heat fallback NLD \u2192 0.250
[2026-04-22 17:16:00,262] INFO greenlens.ml_engine: Predicted bond NLD_Sustainabili_2023: score=34.8 [Medium-Low]
[2026-04-22 17:16:00,743] DEBUG greenlens.worldbank_climate: WB CKP API pr/NLD returned 404
[2026-04-22 17:16:00,743] DEBUG greenlens.worldbank_climate: WB flood fallback NLD \u2192 0.550
[2026-04-22 17:16:00,859] DEBUG greenlens.worldbank_climate: WB CKP API tas/NLD returned 404
[2026-04-22 17:16:00,860] DEBUG greenlens.worldbank_climate: WB heat fallback NLD \u2192 0.250
[2026-04-22 17:16:00,885] INFO greenlens.ml_engine: Predicted bond NLD_Sustainabili_2024: score=34.8 [Medium-Low]
[2026-04-22 17:16:01,435] DEBUG greenlens.worldbank_climate: WB CKP API pr/NLD returned 404
[2026-04-22 17:16:01,435] DEBUG greenlens.worldbank_climate: WB flood fallback NLD \u2192 0.550
[2026-04-22 17:16:01,579] DEBUG greenlens.worldbank_climate: WB CKP API tas/NLD returned 404
[2026-04-22 17:16:01,579] DEBUG greenlens.worldbank_climate: WB heat fallback NLD \u2192 0.250
[2026-04-22 17:16:01,593] INFO greenlens.ml_engine: Predicted bond NLD_Linked_Bond_2019: score=34.8 [Medium-Low]
[2026-04-22 17:16:02,099] DEBUG greenlens.worldbank_climate: WB CKP API pr/NLD returned 404
[2026-04-22 17:16:02,099] DEBUG greenlens.worldbank_climate: WB flood fallback NLD \u2192 0.550
[2026-04-22 17:16:02,190] DEBUG greenlens.worldbank_climate: WB CKP API tas/NLD returned 404
[2026-04-22 17:16:02,190] DEBUG greenlens.worldbank_climate: WB heat fallback NLD \u2192 0.250
[2026-04-22 17:16:02,215] INFO greenlens.ml_engine: Predicted bond NLD_Linked_Bond_2020: score=34.8 [Medium-Low]
[2026-04-22 17:16:02,760] DEBUG greenlens.worldbank_climate: WB CKP API pr/NLD returned 404
[2026-04-22 17:16:02,760] DEBUG greenlens.worldbank_climate: WB flood fallback NLD \u2192 0.550
[2026-04-22 17:16:02,908] DEBUG greenlens.worldbank_climate: WB CKP API tas/NLD returned 404
[2026-04-22 17:16:02,908] DEBUG greenlens.worldbank_climate: WB heat fallback NLD \u2192 0.250
[2026-04-22 17:16:02,923] INFO greenlens.ml_engine: Predicted bond NLD_Linked_Bond_2021: score=34.8 [Medium-Low]
[2026-04-22 17:16:03,476] DEBUG greenlens.worldbank_climate: WB CKP API pr/NLD returned 404
[2026-04-22 17:16:03,476] DEBUG greenlens.worldbank_climate: WB flood fallback NLD \u2192 0.550
[2026-04-22 17:16:03,541] DEBUG greenlens.worldbank_climate: WB CKP API tas/NLD returned 404
[2026-04-22 17:16:03,541] DEBUG greenlens.worldbank_climate: WB heat fallback NLD \u2192 0.250
[2026-04-22 17:16:03,563] INFO greenlens.ml_engine: Predicted bond NLD_Linked_Bond_2022: score=34.8 [Medium-Low]
[2026-04-22 17:16:04,238] DEBUG greenlens.worldbank_climate: WB CKP API pr/NLD returned 404
[2026-04-22 17:16:04,238] DEBUG greenlens.worldbank_climate: WB flood fallback NLD \u2192 0.550
[2026-04-22 17:16:04,341] DEBUG greenlens.worldbank_climate: WB CKP API tas/NLD returned 404
[2026-04-22 17:16:04,341] DEBUG greenlens.worldbank_climate: WB heat fallback NLD \u2192 0.250
[2026-04-22 17:16:04,362] INFO greenlens.ml_engine: Predicted bond NLD_Linked_Bond_2023: score=34.8 [Medium-Low]
[2026-04-22 17:16:04,956] DEBUG greenlens.worldbank_climate: WB CKP API pr/NLD returned 404
[2026-04-22 17:16:04,956] DEBUG greenlens.worldbank_climate: WB flood fallback NLD \u2192 0.550
[2026-04-22 17:16:05,072] DEBUG greenlens.worldbank_climate: WB CKP API tas/NLD returned 404
[2026-04-22 17:16:05,072] DEBUG greenlens.worldbank_climate: WB heat fallback NLD \u2192 0.250
[2026-04-22 17:16:05,087] INFO greenlens.ml_engine: Predicted bond NLD_Linked_Bond_2024: score=34.8 [Medium-Low]
[2026-04-22 17:16:05,775] DEBUG greenlens.worldbank_climate: WB CKP API pr/NZL returned 404
[2026-04-22 17:16:05,775] DEBUG greenlens.worldbank_climate: WB flood fallback NZL \u2192 0.350
[2026-04-22 17:16:05,879] DEBUG greenlens.worldbank_climate: WB CKP API tas/NZL returned 404
[2026-04-22 17:16:05,880] DEBUG greenlens.worldbank_climate: WB heat fallback NZL \u2192 0.280
[2026-04-22 17:16:05,897] INFO greenlens.ml_engine: Predicted bond NZL_Green_Bonds_2012: score=24.1 [Medium-Low]
[2026-04-22 17:16:06,562] DEBUG greenlens.worldbank_climate: WB CKP API pr/NZL returned 404
[2026-04-22 17:16:06,563] DEBUG greenlens.worldbank_climate: WB flood fallback NZL \u2192 0.350
[2026-04-22 17:16:06,723] DEBUG greenlens.worldbank_climate: WB CKP API tas/NZL returned 404
[2026-04-22 17:16:06,723] DEBUG greenlens.worldbank_climate: WB heat fallback NZL \u2192 0.280
[2026-04-22 17:16:06,743] INFO greenlens.ml_engine: Predicted bond NZL_Green_Bonds_2013: score=24.1 [Medium-Low]
[2026-04-22 17:16:07,531] DEBUG greenlens.worldbank_climate: WB CKP API pr/NZL returned 404
[2026-04-22 17:16:07,531] DEBUG greenlens.worldbank_climate: WB flood fallback NZL \u2192 0.350
[2026-04-22 17:16:07,617] DEBUG greenlens.worldbank_climate: WB CKP API tas/NZL returned 404
[2026-04-22 17:16:07,617] DEBUG greenlens.worldbank_climate: WB heat fallback NZL \u2192 0.280
[2026-04-22 17:16:07,633] INFO greenlens.ml_engine: Predicted bond NZL_Green_Bonds_2014: score=24.1 [Medium-Low]
[2026-04-22 17:16:08,232] DEBUG greenlens.worldbank_climate: WB CKP API pr/NZL returned 404
[2026-04-22 17:16:08,232] DEBUG greenlens.worldbank_climate: WB flood fallback NZL \u2192 0.350
[2026-04-22 17:16:08,334] DEBUG greenlens.worldbank_climate: WB CKP API tas/NZL returned 404
[2026-04-22 17:16:08,334] DEBUG greenlens.worldbank_climate: WB heat fallback NZL \u2192 0.280
[2026-04-22 17:16:08,349] INFO greenlens.ml_engine: Predicted bond NZL_Green_Bonds_2015: score=24.1 [Medium-Low]
[2026-04-22 17:16:08,847] DEBUG greenlens.worldbank_climate: WB CKP API pr/NZL returned 404
[2026-04-22 17:16:08,847] DEBUG greenlens.worldbank_climate: WB flood fallback NZL \u2192 0.350
[2026-04-22 17:16:08,948] DEBUG greenlens.worldbank_climate: WB CKP API tas/NZL returned 404
[2026-04-22 17:16:08,948] DEBUG greenlens.worldbank_climate: WB heat fallback NZL \u2192 0.280
[2026-04-22 17:16:08,966] INFO greenlens.ml_engine: Predicted bond NZL_Green_Bonds_2016: score=24.1 [Medium-Low]
[2026-04-22 17:16:09,870] DEBUG greenlens.worldbank_climate: WB CKP API pr/NZL returned 404
[2026-04-22 17:16:09,870] DEBUG greenlens.worldbank_climate: WB flood fallback NZL \u2192 0.350
[2026-04-22 17:16:09,972] DEBUG greenlens.worldbank_climate: WB CKP API tas/NZL returned 404
[2026-04-22 17:16:09,972] DEBUG greenlens.worldbank_climate: WB heat fallback NZL \u2192 0.280
[2026-04-22 17:16:09,986] INFO greenlens.ml_engine: Predicted bond NZL_Green_Bonds_2017: score=24.1 [Medium-Low]
[2026-04-22 17:16:10,545] DEBUG greenlens.worldbank_climate: WB CKP API pr/NZL returned 404
[2026-04-22 17:16:10,545] DEBUG greenlens.worldbank_climate: WB flood fallback NZL \u2192 0.350
[2026-04-22 17:16:10,689] DEBUG greenlens.worldbank_climate: WB CKP API tas/NZL returned 404
[2026-04-22 17:16:10,689] DEBUG greenlens.worldbank_climate: WB heat fallback NZL \u2192 0.280
[2026-04-22 17:16:10,706] INFO greenlens.ml_engine: Predicted bond NZL_Green_Bonds_2018: score=24.1 [Medium-Low]
[2026-04-22 17:16:11,304] DEBUG greenlens.worldbank_climate: WB CKP API pr/NZL returned 404
[2026-04-22 17:16:11,304] DEBUG greenlens.worldbank_climate: WB flood fallback NZL \u2192 0.350
[2026-04-22 17:16:11,407] DEBUG greenlens.worldbank_climate: WB CKP API tas/NZL returned 404
[2026-04-22 17:16:11,407] DEBUG greenlens.worldbank_climate: WB heat fallback NZL \u2192 0.280
[2026-04-22 17:16:11,422] INFO greenlens.ml_engine: Predicted bond NZL_Green_Bonds_2019: score=24.1 [Medium-Low]
[2026-04-22 17:16:12,029] DEBUG greenlens.worldbank_climate: WB CKP API pr/NZL returned 404
[2026-04-22 17:16:12,029] DEBUG greenlens.worldbank_climate: WB flood fallback NZL \u2192 0.350
[2026-04-22 17:16:12,122] DEBUG greenlens.worldbank_climate: WB CKP API tas/NZL returned 404
[2026-04-22 17:16:12,123] DEBUG greenlens.worldbank_climate: WB heat fallback NZL \u2192 0.280
[2026-04-22 17:16:12,139] INFO greenlens.ml_engine: Predicted bond NZL_Green_Bonds_2020: score=24.1 [Medium-Low]
[2026-04-22 17:16:12,737] DEBUG greenlens.worldbank_climate: WB CKP API pr/NZL returned 404
[2026-04-22 17:16:12,737] DEBUG greenlens.worldbank_climate: WB flood fallback NZL \u2192 0.350
[2026-04-22 17:16:12,839] DEBUG greenlens.worldbank_climate: WB CKP API tas/NZL returned 404
[2026-04-22 17:16:12,840] DEBUG greenlens.worldbank_climate: WB heat fallback NZL \u2192 0.280
[2026-04-22 17:16:12,861] INFO greenlens.ml_engine: Predicted bond NZL_Green_Bonds_2021: score=24.1 [Medium-Low]
[2026-04-22 17:16:13,454] DEBUG greenlens.worldbank_climate: WB CKP API pr/NZL returned 404
[2026-04-22 17:16:13,454] DEBUG greenlens.worldbank_climate: WB flood fallback NZL \u2192 0.350
[2026-04-22 17:16:13,556] DEBUG greenlens.worldbank_climate: WB CKP API tas/NZL returned 404
[2026-04-22 17:16:13,556] DEBUG greenlens.worldbank_climate: WB heat fallback NZL \u2192 0.280
[2026-04-22 17:16:13,572] INFO greenlens.ml_engine: Predicted bond NZL_Green_Bonds_2022: score=24.1 [Medium-Low]
[2026-04-22 17:16:14,171] DEBUG greenlens.worldbank_climate: WB CKP API pr/NZL returned 404
[2026-04-22 17:16:14,171] DEBUG greenlens.worldbank_climate: WB flood fallback NZL \u2192 0.350
[2026-04-22 17:16:14,275] DEBUG greenlens.worldbank_climate: WB CKP API tas/NZL returned 404
[2026-04-22 17:16:14,275] DEBUG greenlens.worldbank_climate: WB heat fallback NZL \u2192 0.280
[2026-04-22 17:16:14,290] INFO greenlens.ml_engine: Predicted bond NZL_Green_Bonds_2023: score=24.1 [Medium-Low]
[2026-04-22 17:16:14,887] DEBUG greenlens.worldbank_climate: WB CKP API pr/NZL returned 404
[2026-04-22 17:16:14,887] DEBUG greenlens.worldbank_climate: WB flood fallback NZL \u2192 0.350
[2026-04-22 17:16:14,989] DEBUG greenlens.worldbank_climate: WB CKP API tas/NZL returned 404
[2026-04-22 17:16:14,989] DEBUG greenlens.worldbank_climate: WB heat fallback NZL \u2192 0.280
[2026-04-22 17:16:15,006] INFO greenlens.ml_engine: Predicted bond NZL_Green_Bonds_2024: score=24.1 [Medium-Low]
[2026-04-22 17:16:15,604] DEBUG greenlens.worldbank_climate: WB CKP API pr/NZL returned 404
[2026-04-22 17:16:15,604] DEBUG greenlens.worldbank_climate: WB flood fallback NZL \u2192 0.350
[2026-04-22 17:16:15,707] DEBUG greenlens.worldbank_climate: WB CKP API tas/NZL returned 404
[2026-04-22 17:16:15,707] DEBUG greenlens.worldbank_climate: WB heat fallback NZL \u2192 0.280
[2026-04-22 17:16:15,722] INFO greenlens.ml_engine: Predicted bond NZL_Sustainabili_2018: score=24.1 [Medium-Low]
[2026-04-22 17:16:16,423] DEBUG greenlens.worldbank_climate: WB CKP API pr/NZL returned 404
[2026-04-22 17:16:16,424] DEBUG greenlens.worldbank_climate: WB flood fallback NZL \u2192 0.350
[2026-04-22 17:16:16,526] DEBUG greenlens.worldbank_climate: WB CKP API tas/NZL returned 404
[2026-04-22 17:16:16,526] DEBUG greenlens.worldbank_climate: WB heat fallback NZL \u2192 0.280
[2026-04-22 17:16:16,540] INFO greenlens.ml_engine: Predicted bond NZL_Sustainabili_2019: score=24.1 [Medium-Low]
[2026-04-22 17:16:17,243] DEBUG greenlens.worldbank_climate: WB CKP API pr/NZL returned 404
[2026-04-22 17:16:17,243] DEBUG greenlens.worldbank_climate: WB flood fallback NZL \u2192 0.350
[2026-04-22 17:16:17,346] DEBUG greenlens.worldbank_climate: WB CKP API tas/NZL returned 404
[2026-04-22 17:16:17,346] DEBUG greenlens.worldbank_climate: WB heat fallback NZL \u2192 0.280
[2026-04-22 17:16:17,360] INFO greenlens.ml_engine: Predicted bond NZL_Sustainabili_2020: score=24.1 [Medium-Low]
[2026-04-22 17:16:17,960] DEBUG greenlens.worldbank_climate: WB CKP API pr/NZL returned 404
[2026-04-22 17:16:17,960] DEBUG greenlens.worldbank_climate: WB flood fallback NZL \u2192 0.350
[2026-04-22 17:16:18,063] DEBUG greenlens.worldbank_climate: WB CKP API tas/NZL returned 404
[2026-04-22 17:16:18,063] DEBUG greenlens.worldbank_climate: WB heat fallback NZL \u2192 0.280
[2026-04-22 17:16:18,087] INFO greenlens.ml_engine: Predicted bond NZL_Sustainabili_2021: score=24.1 [Medium-Low]
[2026-04-22 17:16:18,661] DEBUG greenlens.worldbank_climate: WB CKP API pr/NZL returned 404
[2026-04-22 17:16:18,661] DEBUG greenlens.worldbank_climate: WB flood fallback NZL \u2192 0.350
[2026-04-22 17:16:18,787] DEBUG greenlens.worldbank_climate: WB CKP API tas/NZL returned 404
[2026-04-22 17:16:18,787] DEBUG greenlens.worldbank_climate: WB heat fallback NZL \u2192 0.280
[2026-04-22 17:16:18,801] INFO greenlens.ml_engine: Predicted bond NZL_Sustainabili_2022: score=24.1 [Medium-Low]
[2026-04-22 17:16:19,395] DEBUG greenlens.worldbank_climate: WB CKP API pr/NZL returned 404
[2026-04-22 17:16:19,395] DEBUG greenlens.worldbank_climate: WB flood fallback NZL \u2192 0.350
[2026-04-22 17:16:19,496] DEBUG greenlens.worldbank_climate: WB CKP API tas/NZL returned 404
[2026-04-22 17:16:19,496] DEBUG greenlens.worldbank_climate: WB heat fallback NZL \u2192 0.280
[2026-04-22 17:16:19,520] INFO greenlens.ml_engine: Predicted bond NZL_Linked_Bond_2022: score=24.1 [Medium-Low]
[2026-04-22 17:16:20,110] DEBUG greenlens.worldbank_climate: WB CKP API pr/NER returned 404
[2026-04-22 17:16:20,110] DEBUG greenlens.worldbank_climate: WB flood fallback NER \u2192 0.280
[2026-04-22 17:16:20,177] DEBUG greenlens.worldbank_climate: WB CKP API tas/NER returned 404
[2026-04-22 17:16:20,177] DEBUG greenlens.worldbank_climate: WB heat fallback NER \u2192 0.900
[2026-04-22 17:16:20,202] INFO greenlens.ml_engine: Predicted bond NER_Social_Bond_2020: score=42.7 [Medium-Low]
[2026-04-22 17:16:20,788] DEBUG greenlens.worldbank_climate: WB CKP API pr/NER returned 404
[2026-04-22 17:16:20,788] DEBUG greenlens.worldbank_climate: WB flood fallback NER \u2192 0.280
[2026-04-22 17:16:20,929] DEBUG greenlens.worldbank_climate: WB CKP API tas/NER returned 404
[2026-04-22 17:16:20,929] DEBUG greenlens.worldbank_climate: WB heat fallback NER \u2192 0.900
[2026-04-22 17:16:20,945] INFO greenlens.ml_engine: Predicted bond NER_Social_Bond_2021: score=42.7 [Medium-Low]
[2026-04-22 17:16:21,441] DEBUG greenlens.worldbank_climate: WB CKP API pr/NER returned 404
[2026-04-22 17:16:21,441] DEBUG greenlens.worldbank_climate: WB flood fallback NER \u2192 0.280
[2026-04-22 17:16:21,545] DEBUG greenlens.worldbank_climate: WB CKP API tas/NER returned 404
[2026-04-22 17:16:21,545] DEBUG greenlens.worldbank_climate: WB heat fallback NER \u2192 0.900
[2026-04-22 17:16:21,563] INFO greenlens.ml_engine: Predicted bond NER_Social_Bond_2022: score=42.7 [Medium-Low]
[2026-04-22 17:16:22,158] DEBUG greenlens.worldbank_climate: WB CKP API pr/NGA returned 404
[2026-04-22 17:16:22,159] DEBUG greenlens.worldbank_climate: WB flood fallback NGA \u2192 0.620
[2026-04-22 17:16:22,260] DEBUG greenlens.worldbank_climate: WB CKP API tas/NGA returned 404
[2026-04-22 17:16:22,260] DEBUG greenlens.worldbank_climate: WB heat fallback NGA \u2192 0.720
[2026-04-22 17:16:22,275] INFO greenlens.ml_engine: Predicted bond NGA_Green_Bonds_2017: score=50.0 [Medium-High]
[2026-04-22 17:16:22,874] DEBUG greenlens.worldbank_climate: WB CKP API pr/NGA returned 404
[2026-04-22 17:16:22,874] DEBUG greenlens.worldbank_climate: WB flood fallback NGA \u2192 0.620
[2026-04-22 17:16:22,977] DEBUG greenlens.worldbank_climate: WB CKP API tas/NGA returned 404
[2026-04-22 17:16:22,977] DEBUG greenlens.worldbank_climate: WB heat fallback NGA \u2192 0.720
[2026-04-22 17:16:23,002] INFO greenlens.ml_engine: Predicted bond NGA_Green_Bonds_2019: score=50.0 [Medium-High]
[2026-04-22 17:16:23,593] DEBUG greenlens.worldbank_climate: WB CKP API pr/NGA returned 404
[2026-04-22 17:16:23,593] DEBUG greenlens.worldbank_climate: WB flood fallback NGA \u2192 0.620
[2026-04-22 17:16:23,677] DEBUG greenlens.worldbank_climate: WB CKP API tas/NGA returned 404
[2026-04-22 17:16:23,677] DEBUG greenlens.worldbank_climate: WB heat fallback NGA \u2192 0.720
[2026-04-22 17:16:23,694] INFO greenlens.ml_engine: Predicted bond NGA_Green_Bonds_2020: score=50.0 [Medium-High]
[2026-04-22 17:16:24,309] DEBUG greenlens.worldbank_climate: WB CKP API pr/NGA returned 404
[2026-04-22 17:16:24,309] DEBUG greenlens.worldbank_climate: WB flood fallback NGA \u2192 0.620
[2026-04-22 17:16:24,376] DEBUG greenlens.worldbank_climate: WB CKP API tas/NGA returned 404
[2026-04-22 17:16:24,376] DEBUG greenlens.worldbank_climate: WB heat fallback NGA \u2192 0.720
[2026-04-22 17:16:24,401] INFO greenlens.ml_engine: Predicted bond NGA_Green_Bonds_2021: score=50.0 [Medium-High]
[2026-04-22 17:16:25,026] DEBUG greenlens.worldbank_climate: WB CKP API pr/NGA returned 404
[2026-04-22 17:16:25,026] DEBUG greenlens.worldbank_climate: WB flood fallback NGA \u2192 0.620
[2026-04-22 17:16:25,128] DEBUG greenlens.worldbank_climate: WB CKP API tas/NGA returned 404
[2026-04-22 17:16:25,129] DEBUG greenlens.worldbank_climate: WB heat fallback NGA \u2192 0.720
[2026-04-22 17:16:25,146] INFO greenlens.ml_engine: Predicted bond NGA_Green_Bonds_2022: score=50.0 [Medium-High]
[2026-04-22 17:16:25,843] DEBUG greenlens.worldbank_climate: WB CKP API pr/NOR returned 404
[2026-04-22 17:16:25,844] DEBUG greenlens.worldbank_climate: WB flood fallback NOR \u2192 0.280
[2026-04-22 17:16:25,947] DEBUG greenlens.worldbank_climate: WB CKP API tas/NOR returned 404
[2026-04-22 17:16:25,948] DEBUG greenlens.worldbank_climate: WB heat fallback NOR \u2192 0.120
[2026-04-22 17:16:25,964] INFO greenlens.ml_engine: Predicted bond NOR_Green_Bonds_2010: score=16.5 [Low]
[2026-04-22 17:16:26,663] DEBUG greenlens.worldbank_climate: WB CKP API pr/NOR returned 404
[2026-04-22 17:16:26,663] DEBUG greenlens.worldbank_climate: WB flood fallback NOR \u2192 0.280
[2026-04-22 17:16:26,766] DEBUG greenlens.worldbank_climate: WB CKP API tas/NOR returned 404
[2026-04-22 17:16:26,766] DEBUG greenlens.worldbank_climate: WB heat fallback NOR \u2192 0.120
[2026-04-22 17:16:26,783] INFO greenlens.ml_engine: Predicted bond NOR_Green_Bonds_2011: score=16.5 [Low]
[2026-04-22 17:16:27,482] DEBUG greenlens.worldbank_climate: WB CKP API pr/NOR returned 404
[2026-04-22 17:16:27,482] DEBUG greenlens.worldbank_climate: WB flood fallback NOR \u2192 0.280
[2026-04-22 17:16:27,585] DEBUG greenlens.worldbank_climate: WB CKP API tas/NOR returned 404
[2026-04-22 17:16:27,585] DEBUG greenlens.worldbank_climate: WB heat fallback NOR \u2192 0.120
[2026-04-22 17:16:27,607] INFO greenlens.ml_engine: Predicted bond NOR_Green_Bonds_2013: score=16.5 [Low]
[2026-04-22 17:16:28,303] DEBUG greenlens.worldbank_climate: WB CKP API pr/NOR returned 404
[2026-04-22 17:16:28,303] DEBUG greenlens.worldbank_climate: WB flood fallback NOR \u2192 0.280
[2026-04-22 17:16:28,404] DEBUG greenlens.worldbank_climate: WB CKP API tas/NOR returned 404
[2026-04-22 17:16:28,404] DEBUG greenlens.worldbank_climate: WB heat fallback NOR \u2192 0.120
[2026-04-22 17:16:28,421] INFO greenlens.ml_engine: Predicted bond NOR_Green_Bonds_2014: score=16.5 [Low]
[2026-04-22 17:16:28,975] DEBUG greenlens.worldbank_climate: WB CKP API pr/NOR returned 404
[2026-04-22 17:16:28,975] DEBUG greenlens.worldbank_climate: WB flood fallback NOR \u2192 0.280
[2026-04-22 17:16:29,121] DEBUG greenlens.worldbank_climate: WB CKP API tas/NOR returned 404
[2026-04-22 17:16:29,121] DEBUG greenlens.worldbank_climate: WB heat fallback NOR \u2192 0.120
[2026-04-22 17:16:29,144] INFO greenlens.ml_engine: Predicted bond NOR_Green_Bonds_2015: score=16.5 [Low]
[2026-04-22 17:16:29,725] DEBUG greenlens.worldbank_climate: WB CKP API pr/NOR returned 404
[2026-04-22 17:16:29,725] DEBUG greenlens.worldbank_climate: WB flood fallback NOR \u2192 0.280
[2026-04-22 17:16:29,837] DEBUG greenlens.worldbank_climate: WB CKP API tas/NOR returned 404
[2026-04-22 17:16:29,838] DEBUG greenlens.worldbank_climate: WB heat fallback NOR \u2192 0.120
[2026-04-22 17:16:29,858] INFO greenlens.ml_engine: Predicted bond NOR_Green_Bonds_2016: score=16.5 [Low]
[2026-04-22 17:16:30,453] DEBUG greenlens.worldbank_climate: WB CKP API pr/NOR returned 404
[2026-04-22 17:16:30,453] DEBUG greenlens.worldbank_climate: WB flood fallback NOR \u2192 0.280
[2026-04-22 17:16:30,555] DEBUG greenlens.worldbank_climate: WB CKP API tas/NOR returned 404
[2026-04-22 17:16:30,555] DEBUG greenlens.worldbank_climate: WB heat fallback NOR \u2192 0.120
[2026-04-22 17:16:30,581] INFO greenlens.ml_engine: Predicted bond NOR_Green_Bonds_2017: score=16.5 [Low]
[2026-04-22 17:16:31,169] DEBUG greenlens.worldbank_climate: WB CKP API pr/NOR returned 404
[2026-04-22 17:16:31,169] DEBUG greenlens.worldbank_climate: WB flood fallback NOR \u2192 0.280
[2026-04-22 17:16:31,268] DEBUG greenlens.worldbank_climate: WB CKP API tas/NOR returned 404
[2026-04-22 17:16:31,269] DEBUG greenlens.worldbank_climate: WB heat fallback NOR \u2192 0.120
[2026-04-22 17:16:31,283] INFO greenlens.ml_engine: Predicted bond NOR_Green_Bonds_2018: score=16.5 [Low]
[2026-04-22 17:16:31,999] DEBUG greenlens.worldbank_climate: WB CKP API pr/NOR returned 404
[2026-04-22 17:16:31,999] DEBUG greenlens.worldbank_climate: WB flood fallback NOR \u2192 0.280
[2026-04-22 17:16:32,068] DEBUG greenlens.worldbank_climate: WB CKP API tas/NOR returned 404
[2026-04-22 17:16:32,069] DEBUG greenlens.worldbank_climate: WB heat fallback NOR \u2192 0.120
[2026-04-22 17:16:32,088] INFO greenlens.ml_engine: Predicted bond NOR_Green_Bonds_2019: score=16.5 [Low]
[2026-04-22 17:16:32,705] DEBUG greenlens.worldbank_climate: WB CKP API pr/NOR returned 404
[2026-04-22 17:16:32,706] DEBUG greenlens.worldbank_climate: WB flood fallback NOR \u2192 0.280
[2026-04-22 17:16:32,806] DEBUG greenlens.worldbank_climate: WB CKP API tas/NOR returned 404
[2026-04-22 17:16:32,807] DEBUG greenlens.worldbank_climate: WB heat fallback NOR \u2192 0.120
[2026-04-22 17:16:32,825] INFO greenlens.ml_engine: Predicted bond NOR_Green_Bonds_2020: score=16.5 [Low]
[2026-04-22 17:16:33,487] DEBUG greenlens.worldbank_climate: WB CKP API pr/NOR returned 404
[2026-04-22 17:16:33,487] DEBUG greenlens.worldbank_climate: WB flood fallback NOR \u2192 0.280
[2026-04-22 17:16:33,627] DEBUG greenlens.worldbank_climate: WB CKP API tas/NOR returned 404
[2026-04-22 17:16:33,627] DEBUG greenlens.worldbank_climate: WB heat fallback NOR \u2192 0.120
[2026-04-22 17:16:33,647] INFO greenlens.ml_engine: Predicted bond NOR_Green_Bonds_2021: score=16.5 [Low]
[2026-04-22 17:16:34,241] DEBUG greenlens.worldbank_climate: WB CKP API pr/NOR returned 404
[2026-04-22 17:16:34,241] DEBUG greenlens.worldbank_climate: WB flood fallback NOR \u2192 0.280
[2026-04-22 17:16:34,310] DEBUG greenlens.worldbank_climate: WB CKP API tas/NOR returned 404
[2026-04-22 17:16:34,310] DEBUG greenlens.worldbank_climate: WB heat fallback NOR \u2192 0.120
[2026-04-22 17:16:34,327] INFO greenlens.ml_engine: Predicted bond NOR_Green_Bonds_2022: score=16.5 [Low]
[2026-04-22 17:16:35,368] DEBUG greenlens.worldbank_climate: WB CKP API pr/NOR returned 404
[2026-04-22 17:16:35,369] DEBUG greenlens.worldbank_climate: WB flood fallback NOR \u2192 0.280
[2026-04-22 17:16:35,470] DEBUG greenlens.worldbank_climate: WB CKP API tas/NOR returned 404
[2026-04-22 17:16:35,470] DEBUG greenlens.worldbank_climate: WB heat fallback NOR \u2192 0.120
[2026-04-22 17:16:35,491] INFO greenlens.ml_engine: Predicted bond NOR_Green_Bonds_2023: score=16.5 [Low]
[2026-04-22 17:16:36,187] DEBUG greenlens.worldbank_climate: WB CKP API pr/NOR returned 404
[2026-04-22 17:16:36,187] DEBUG greenlens.worldbank_climate: WB flood fallback NOR \u2192 0.280
[2026-04-22 17:16:36,289] DEBUG greenlens.worldbank_climate: WB CKP API tas/NOR returned 404
[2026-04-22 17:16:36,289] DEBUG greenlens.worldbank_climate: WB heat fallback NOR \u2192 0.120
[2026-04-22 17:16:36,315] INFO greenlens.ml_engine: Predicted bond NOR_Green_Bonds_2024: score=16.5 [Low]
[2026-04-22 17:16:36,915] DEBUG greenlens.worldbank_climate: WB CKP API pr/NOR returned 404
[2026-04-22 17:16:36,915] DEBUG greenlens.worldbank_climate: WB flood fallback NOR \u2192 0.280
[2026-04-22 17:16:37,006] DEBUG greenlens.worldbank_climate: WB CKP API tas/NOR returned 404
[2026-04-22 17:16:37,007] DEBUG greenlens.worldbank_climate: WB heat fallback NOR \u2192 0.120
[2026-04-22 17:16:37,023] INFO greenlens.ml_engine: Predicted bond NOR_Linked_Bond_2021: score=16.5 [Low]
[2026-04-22 17:16:37,825] DEBUG greenlens.worldbank_climate: WB CKP API pr/NOR returned 404
[2026-04-22 17:16:37,825] DEBUG greenlens.worldbank_climate: WB flood fallback NOR \u2192 0.280
[2026-04-22 17:16:37,927] DEBUG greenlens.worldbank_climate: WB CKP API tas/NOR returned 404
[2026-04-22 17:16:37,927] DEBUG greenlens.worldbank_climate: WB heat fallback NOR \u2192 0.120
[2026-04-22 17:16:37,949] INFO greenlens.ml_engine: Predicted bond NOR_Linked_Bond_2022: score=16.5 [Low]
[2026-04-22 17:16:38,746] DEBUG greenlens.worldbank_climate: WB CKP API pr/NOR returned 404
[2026-04-22 17:16:38,746] DEBUG greenlens.worldbank_climate: WB flood fallback NOR \u2192 0.280
[2026-04-22 17:16:38,850] DEBUG greenlens.worldbank_climate: WB CKP API tas/NOR returned 404
[2026-04-22 17:16:38,850] DEBUG greenlens.worldbank_climate: WB heat fallback NOR \u2192 0.120
[2026-04-22 17:16:38,865] INFO greenlens.ml_engine: Predicted bond NOR_Linked_Bond_2023: score=16.5 [Low]
[2026-04-22 17:16:39,656] DEBUG greenlens.worldbank_climate: WB CKP API pr/PAK returned 404
[2026-04-22 17:16:39,657] DEBUG greenlens.worldbank_climate: WB flood fallback PAK \u2192 0.680
[2026-04-22 17:16:39,772] DEBUG greenlens.worldbank_climate: WB CKP API tas/PAK returned 404
[2026-04-22 17:16:39,772] DEBUG greenlens.worldbank_climate: WB heat fallback PAK \u2192 0.800
[2026-04-22 17:16:39,788] INFO greenlens.ml_engine: Predicted bond PAK_Green_Bonds_2021: score=55.1 [Medium-High]
[2026-04-22 17:16:40,347] DEBUG greenlens.worldbank_climate: WB CKP API pr/PAN returned 404
[2026-04-22 17:16:40,347] DEBUG greenlens.worldbank_climate: WB flood fallback PAN \u2192 0.620
[2026-04-22 17:16:40,487] DEBUG greenlens.worldbank_climate: WB CKP API tas/PAN returned 404
[2026-04-22 17:16:40,487] DEBUG greenlens.worldbank_climate: WB heat fallback PAN \u2192 0.650
[2026-04-22 17:16:40,510] INFO greenlens.ml_engine: Predicted bond PAN_Green_Bonds_2012: score=47.6 [Medium-High]
[2026-04-22 17:16:41,206] DEBUG greenlens.worldbank_climate: WB CKP API pr/PAN returned 404
[2026-04-22 17:16:41,206] DEBUG greenlens.worldbank_climate: WB flood fallback PAN \u2192 0.620
[2026-04-22 17:16:41,275] DEBUG greenlens.worldbank_climate: WB CKP API tas/PAN returned 404
[2026-04-22 17:16:41,276] DEBUG greenlens.worldbank_climate: WB heat fallback PAN \u2192 0.650
[2026-04-22 17:16:41,294] INFO greenlens.ml_engine: Predicted bond PAN_Green_Bonds_2019: score=47.6 [Medium-High]
[2026-04-22 17:16:41,986] DEBUG greenlens.worldbank_climate: WB CKP API pr/PAN returned 404
[2026-04-22 17:16:41,986] DEBUG greenlens.worldbank_climate: WB flood fallback PAN \u2192 0.620
[2026-04-22 17:16:42,126] DEBUG greenlens.worldbank_climate: WB CKP API tas/PAN returned 404
[2026-04-22 17:16:42,126] DEBUG greenlens.worldbank_climate: WB heat fallback PAN \u2192 0.650
[2026-04-22 17:16:42,144] INFO greenlens.ml_engine: Predicted bond PAN_Green_Bonds_2020: score=47.6 [Medium-High]
[2026-04-22 17:16:42,899] DEBUG greenlens.worldbank_climate: WB CKP API pr/PAN returned 404
[2026-04-22 17:16:42,899] DEBUG greenlens.worldbank_climate: WB flood fallback PAN \u2192 0.620
[2026-04-22 17:16:43,047] DEBUG greenlens.worldbank_climate: WB CKP API tas/PAN returned 404
[2026-04-22 17:16:43,047] DEBUG greenlens.worldbank_climate: WB heat fallback PAN \u2192 0.650
[2026-04-22 17:16:43,067] INFO greenlens.ml_engine: Predicted bond PAN_Green_Bonds_2022: score=47.6 [Medium-High]
[2026-04-22 17:16:43,867] DEBUG greenlens.worldbank_climate: WB CKP API pr/PAN returned 404
[2026-04-22 17:16:43,867] DEBUG greenlens.worldbank_climate: WB flood fallback PAN \u2192 0.620
[2026-04-22 17:16:43,948] DEBUG greenlens.worldbank_climate: WB CKP API tas/PAN returned 404
[2026-04-22 17:16:43,948] DEBUG greenlens.worldbank_climate: WB heat fallback PAN \u2192 0.650
[2026-04-22 17:16:43,969] INFO greenlens.ml_engine: Predicted bond PAN_Green_Bonds_2023: score=47.6 [Medium-High]
[2026-04-22 17:16:44,789] DEBUG greenlens.worldbank_climate: WB CKP API pr/PAN returned 404
[2026-04-22 17:16:44,789] DEBUG greenlens.worldbank_climate: WB flood fallback PAN \u2192 0.620
[2026-04-22 17:16:44,876] DEBUG greenlens.worldbank_climate: WB CKP API tas/PAN returned 404
[2026-04-22 17:16:44,876] DEBUG greenlens.worldbank_climate: WB heat fallback PAN \u2192 0.650
[2026-04-22 17:16:44,906] INFO greenlens.ml_engine: Predicted bond PAN_Sustainabili_2024: score=47.6 [Medium-High]
[2026-04-22 17:16:45,709] DEBUG greenlens.worldbank_climate: WB CKP API pr/PRY returned 404
[2026-04-22 17:16:45,709] DEBUG greenlens.worldbank_climate: WB flood fallback PRY \u2192 0.600
[2026-04-22 17:16:45,812] DEBUG greenlens.worldbank_climate: WB CKP API tas/PRY returned 404
[2026-04-22 17:16:45,812] DEBUG greenlens.worldbank_climate: WB heat fallback PRY \u2192 0.650
[2026-04-22 17:16:45,832] INFO greenlens.ml_engine: Predicted bond PRY_Sustainabili_2020: score=46.7 [Medium-High]
[2026-04-22 17:16:46,474] DEBUG greenlens.worldbank_climate: WB CKP API pr/PRY returned 404
[2026-04-22 17:16:46,474] DEBUG greenlens.worldbank_climate: WB flood fallback PRY \u2192 0.600
[2026-04-22 17:16:46,875] DEBUG greenlens.worldbank_climate: WB CKP API tas/PRY returned 404
[2026-04-22 17:16:46,876] DEBUG greenlens.worldbank_climate: WB heat fallback PRY \u2192 0.650
[2026-04-22 17:16:46,893] INFO greenlens.ml_engine: Predicted bond PRY_Sustainabili_2024: score=46.7 [Medium-High]
[2026-04-22 17:16:47,515] DEBUG greenlens.worldbank_climate: WB CKP API pr/PER returned 404
[2026-04-22 17:16:47,515] DEBUG greenlens.worldbank_climate: WB flood fallback PER \u2192 0.500
[2026-04-22 17:16:47,583] DEBUG greenlens.worldbank_climate: WB CKP API tas/PER returned 404
[2026-04-22 17:16:47,583] DEBUG greenlens.worldbank_climate: WB heat fallback PER \u2192 0.550
[2026-04-22 17:16:47,596] INFO greenlens.ml_engine: Predicted bond PER_Green_Bonds_2014: score=39.2 [Medium-Low]
[2026-04-22 17:16:48,269] DEBUG greenlens.worldbank_climate: WB CKP API pr/PER returned 404
[2026-04-22 17:16:48,270] DEBUG greenlens.worldbank_climate: WB flood fallback PER \u2192 0.500
[2026-04-22 17:16:48,372] DEBUG greenlens.worldbank_climate: WB CKP API tas/PER returned 404
[2026-04-22 17:16:48,372] DEBUG greenlens.worldbank_climate: WB heat fallback PER \u2192 0.550
[2026-04-22 17:16:48,391] INFO greenlens.ml_engine: Predicted bond PER_Green_Bonds_2018: score=39.2 [Medium-Low]
[2026-04-22 17:16:49,191] DEBUG greenlens.worldbank_climate: WB CKP API pr/PER returned 404
[2026-04-22 17:16:49,192] DEBUG greenlens.worldbank_climate: WB flood fallback PER \u2192 0.500
[2026-04-22 17:16:49,293] DEBUG greenlens.worldbank_climate: WB CKP API tas/PER returned 404
[2026-04-22 17:16:49,294] DEBUG greenlens.worldbank_climate: WB heat fallback PER \u2192 0.550
[2026-04-22 17:16:49,316] INFO greenlens.ml_engine: Predicted bond PER_Green_Bonds_2019: score=39.2 [Medium-Low]
[2026-04-22 17:16:50,115] DEBUG greenlens.worldbank_climate: WB CKP API pr/PER returned 404
[2026-04-22 17:16:50,116] DEBUG greenlens.worldbank_climate: WB flood fallback PER \u2192 0.500
[2026-04-22 17:16:50,202] DEBUG greenlens.worldbank_climate: WB CKP API tas/PER returned 404
[2026-04-22 17:16:50,202] DEBUG greenlens.worldbank_climate: WB heat fallback PER \u2192 0.550
[2026-04-22 17:16:50,227] INFO greenlens.ml_engine: Predicted bond PER_Green_Bonds_2020: score=39.2 [Medium-Low]
[2026-04-22 17:16:50,831] DEBUG greenlens.worldbank_climate: WB CKP API pr/PER returned 404
[2026-04-22 17:16:50,831] DEBUG greenlens.worldbank_climate: WB flood fallback PER \u2192 0.500
[2026-04-22 17:16:50,913] DEBUG greenlens.worldbank_climate: WB CKP API tas/PER returned 404
[2026-04-22 17:16:50,913] DEBUG greenlens.worldbank_climate: WB heat fallback PER \u2192 0.550
[2026-04-22 17:16:50,934] INFO greenlens.ml_engine: Predicted bond PER_Green_Bonds_2022: score=39.2 [Medium-Low]
[2026-04-22 17:16:51,650] DEBUG greenlens.worldbank_climate: WB CKP API pr/PER returned 404
[2026-04-22 17:16:51,650] DEBUG greenlens.worldbank_climate: WB flood fallback PER \u2192 0.500
[2026-04-22 17:16:51,751] DEBUG greenlens.worldbank_climate: WB CKP API tas/PER returned 404
[2026-04-22 17:16:51,751] DEBUG greenlens.worldbank_climate: WB heat fallback PER \u2192 0.550
[2026-04-22 17:16:51,771] INFO greenlens.ml_engine: Predicted bond PER_Social_Bond_2020: score=39.2 [Medium-Low]
[2026-04-22 17:16:52,366] DEBUG greenlens.worldbank_climate: WB CKP API pr/PER returned 404
[2026-04-22 17:16:52,366] DEBUG greenlens.worldbank_climate: WB flood fallback PER \u2192 0.500
[2026-04-22 17:16:52,445] DEBUG greenlens.worldbank_climate: WB CKP API tas/PER returned 404
[2026-04-22 17:16:52,445] DEBUG greenlens.worldbank_climate: WB heat fallback PER \u2192 0.550
[2026-04-22 17:16:52,466] INFO greenlens.ml_engine: Predicted bond PER_Social_Bond_2021: score=39.2 [Medium-Low]
[2026-04-22 17:16:53,085] DEBUG greenlens.worldbank_climate: WB CKP API pr/PER returned 404
[2026-04-22 17:16:53,085] DEBUG greenlens.worldbank_climate: WB flood fallback PER \u2192 0.500
[2026-04-22 17:16:53,184] DEBUG greenlens.worldbank_climate: WB CKP API tas/PER returned 404
[2026-04-22 17:16:53,185] DEBUG greenlens.worldbank_climate: WB heat fallback PER \u2192 0.550
[2026-04-22 17:16:53,203] INFO greenlens.ml_engine: Predicted bond PER_Sustainabili_2021: score=39.2 [Medium-Low]
[2026-04-22 17:16:53,799] DEBUG greenlens.worldbank_climate: WB CKP API pr/PER returned 404
[2026-04-22 17:16:53,799] DEBUG greenlens.worldbank_climate: WB flood fallback PER \u2192 0.500
[2026-04-22 17:16:53,901] DEBUG greenlens.worldbank_climate: WB CKP API tas/PER returned 404
[2026-04-22 17:16:53,901] DEBUG greenlens.worldbank_climate: WB heat fallback PER \u2192 0.550
[2026-04-22 17:16:53,916] INFO greenlens.ml_engine: Predicted bond PER_Sustainabili_2022: score=39.2 [Medium-Low]
[2026-04-22 17:16:54,516] DEBUG greenlens.worldbank_climate: WB CKP API pr/PER returned 404
[2026-04-22 17:16:54,517] DEBUG greenlens.worldbank_climate: WB flood fallback PER \u2192 0.500
[2026-04-22 17:16:54,619] DEBUG greenlens.worldbank_climate: WB CKP API tas/PER returned 404
[2026-04-22 17:16:54,619] DEBUG greenlens.worldbank_climate: WB heat fallback PER \u2192 0.550
[2026-04-22 17:16:54,638] INFO greenlens.ml_engine: Predicted bond PER_Sustainabili_2023: score=39.2 [Medium-Low]
[2026-04-22 17:16:55,232] DEBUG greenlens.worldbank_climate: WB CKP API pr/PER returned 404
[2026-04-22 17:16:55,232] DEBUG greenlens.worldbank_climate: WB flood fallback PER \u2192 0.500
[2026-04-22 17:16:55,334] DEBUG greenlens.worldbank_climate: WB CKP API tas/PER returned 404
[2026-04-22 17:16:55,335] DEBUG greenlens.worldbank_climate: WB heat fallback PER \u2192 0.550
[2026-04-22 17:16:55,350] INFO greenlens.ml_engine: Predicted bond PER_Linked_Bond_2021: score=39.2 [Medium-Low]
[2026-04-22 17:16:55,951] DEBUG greenlens.worldbank_climate: WB CKP API pr/PHL returned 404
[2026-04-22 17:16:55,951] DEBUG greenlens.worldbank_climate: WB flood fallback PHL \u2192 0.820
[2026-04-22 17:16:56,052] DEBUG greenlens.worldbank_climate: WB CKP API tas/PHL returned 404
[2026-04-22 17:16:56,052] DEBUG greenlens.worldbank_climate: WB heat fallback PHL \u2192 0.760
[2026-04-22 17:16:56,071] INFO greenlens.ml_engine: Predicted bond PHL_Green_Bonds_2010: score=61.5 [Medium-High]
[2026-04-22 17:16:56,771] DEBUG greenlens.worldbank_climate: WB CKP API pr/PHL returned 404
[2026-04-22 17:16:56,771] DEBUG greenlens.worldbank_climate: WB flood fallback PHL \u2192 0.820
[2026-04-22 17:16:56,872] DEBUG greenlens.worldbank_climate: WB CKP API tas/PHL returned 404
[2026-04-22 17:16:56,873] DEBUG greenlens.worldbank_climate: WB heat fallback PHL \u2192 0.760
[2026-04-22 17:16:56,900] INFO greenlens.ml_engine: Predicted bond PHL_Green_Bonds_2012: score=61.5 [Medium-High]
[2026-04-22 17:16:57,486] DEBUG greenlens.worldbank_climate: WB CKP API pr/PHL returned 404
[2026-04-22 17:16:57,486] DEBUG greenlens.worldbank_climate: WB flood fallback PHL \u2192 0.820
[2026-04-22 17:16:57,588] DEBUG greenlens.worldbank_climate: WB CKP API tas/PHL returned 404
[2026-04-22 17:16:57,588] DEBUG greenlens.worldbank_climate: WB heat fallback PHL \u2192 0.760
[2026-04-22 17:16:57,604] INFO greenlens.ml_engine: Predicted bond PHL_Green_Bonds_2013: score=61.5 [Medium-High]
[2026-04-22 17:16:58,202] DEBUG greenlens.worldbank_climate: WB CKP API pr/PHL returned 404
[2026-04-22 17:16:58,202] DEBUG greenlens.worldbank_climate: WB flood fallback PHL \u2192 0.820
[2026-04-22 17:16:58,305] DEBUG greenlens.worldbank_climate: WB CKP API tas/PHL returned 404
[2026-04-22 17:16:58,305] DEBUG greenlens.worldbank_climate: WB heat fallback PHL \u2192 0.760
[2026-04-22 17:16:58,323] INFO greenlens.ml_engine: Predicted bond PHL_Green_Bonds_2015: score=61.5 [Medium-High]
[2026-04-22 17:16:58,919] DEBUG greenlens.worldbank_climate: WB CKP API pr/PHL returned 404
[2026-04-22 17:16:58,919] DEBUG greenlens.worldbank_climate: WB flood fallback PHL \u2192 0.820
[2026-04-22 17:16:58,986] DEBUG greenlens.worldbank_climate: WB CKP API tas/PHL returned 404
[2026-04-22 17:16:58,987] DEBUG greenlens.worldbank_climate: WB heat fallback PHL \u2192 0.760
[2026-04-22 17:16:59,005] INFO greenlens.ml_engine: Predicted bond PHL_Green_Bonds_2016: score=61.5 [Medium-High]
[2026-04-22 17:16:59,636] DEBUG greenlens.worldbank_climate: WB CKP API pr/PHL returned 404
[2026-04-22 17:16:59,636] DEBUG greenlens.worldbank_climate: WB flood fallback PHL \u2192 0.820
[2026-04-22 17:16:59,738] DEBUG greenlens.worldbank_climate: WB CKP API tas/PHL returned 404
[2026-04-22 17:16:59,738] DEBUG greenlens.worldbank_climate: WB heat fallback PHL \u2192 0.760
[2026-04-22 17:16:59,756] INFO greenlens.ml_engine: Predicted bond PHL_Green_Bonds_2017: score=61.5 [Medium-High]
[2026-04-22 17:17:00,353] DEBUG greenlens.worldbank_climate: WB CKP API pr/PHL returned 404
[2026-04-22 17:17:00,353] DEBUG greenlens.worldbank_climate: WB flood fallback PHL \u2192 0.820
[2026-04-22 17:17:00,456] DEBUG greenlens.worldbank_climate: WB CKP API tas/PHL returned 404
[2026-04-22 17:17:00,456] DEBUG greenlens.worldbank_climate: WB heat fallback PHL \u2192 0.760
[2026-04-22 17:17:00,478] INFO greenlens.ml_engine: Predicted bond PHL_Green_Bonds_2018: score=61.5 [Medium-High]
[2026-04-22 17:17:01,071] DEBUG greenlens.worldbank_climate: WB CKP API pr/PHL returned 404
[2026-04-22 17:17:01,071] DEBUG greenlens.worldbank_climate: WB flood fallback PHL \u2192 0.820
[2026-04-22 17:17:01,172] DEBUG greenlens.worldbank_climate: WB CKP API tas/PHL returned 404
[2026-04-22 17:17:01,172] DEBUG greenlens.worldbank_climate: WB heat fallback PHL \u2192 0.760
[2026-04-22 17:17:01,193] INFO greenlens.ml_engine: Predicted bond PHL_Green_Bonds_2019: score=61.5 [Medium-High]
[2026-04-22 17:17:01,889] DEBUG greenlens.worldbank_climate: WB CKP API pr/PHL returned 404
[2026-04-22 17:17:01,889] DEBUG greenlens.worldbank_climate: WB flood fallback PHL \u2192 0.820
[2026-04-22 17:17:01,990] DEBUG greenlens.worldbank_climate: WB CKP API tas/PHL returned 404
[2026-04-22 17:17:01,992] DEBUG greenlens.worldbank_climate: WB heat fallback PHL \u2192 0.760
[2026-04-22 17:17:02,011] INFO greenlens.ml_engine: Predicted bond PHL_Green_Bonds_2020: score=61.5 [Medium-High]
[2026-04-22 17:17:02,606] DEBUG greenlens.worldbank_climate: WB CKP API pr/PHL returned 404
[2026-04-22 17:17:02,606] DEBUG greenlens.worldbank_climate: WB flood fallback PHL \u2192 0.820
[2026-04-22 17:17:02,707] DEBUG greenlens.worldbank_climate: WB CKP API tas/PHL returned 404
[2026-04-22 17:17:02,707] DEBUG greenlens.worldbank_climate: WB heat fallback PHL \u2192 0.760
[2026-04-22 17:17:02,722] INFO greenlens.ml_engine: Predicted bond PHL_Green_Bonds_2021: score=61.5 [Medium-High]
[2026-04-22 17:17:03,322] DEBUG greenlens.worldbank_climate: WB CKP API pr/PHL returned 404
[2026-04-22 17:17:03,323] DEBUG greenlens.worldbank_climate: WB flood fallback PHL \u2192 0.820
[2026-04-22 17:17:03,425] DEBUG greenlens.worldbank_climate: WB CKP API tas/PHL returned 404
[2026-04-22 17:17:03,425] DEBUG greenlens.worldbank_climate: WB heat fallback PHL \u2192 0.760
[2026-04-22 17:17:03,443] INFO greenlens.ml_engine: Predicted bond PHL_Green_Bonds_2022: score=61.5 [Medium-High]
[2026-04-22 17:17:04,038] DEBUG greenlens.worldbank_climate: WB CKP API pr/PHL returned 404
[2026-04-22 17:17:04,041] DEBUG greenlens.worldbank_climate: WB flood fallback PHL \u2192 0.820
[2026-04-22 17:17:04,142] DEBUG greenlens.worldbank_climate: WB CKP API tas/PHL returned 404
[2026-04-22 17:17:04,142] DEBUG greenlens.worldbank_climate: WB heat fallback PHL \u2192 0.760
[2026-04-22 17:17:04,161] INFO greenlens.ml_engine: Predicted bond PHL_Green_Bonds_2023: score=61.5 [Medium-High]
[2026-04-22 17:17:04,757] DEBUG greenlens.worldbank_climate: WB CKP API pr/PHL returned 404
[2026-04-22 17:17:04,757] DEBUG greenlens.worldbank_climate: WB flood fallback PHL \u2192 0.820
[2026-04-22 17:17:04,858] DEBUG greenlens.worldbank_climate: WB CKP API tas/PHL returned 404
[2026-04-22 17:17:04,858] DEBUG greenlens.worldbank_climate: WB heat fallback PHL \u2192 0.760
[2026-04-22 17:17:04,875] INFO greenlens.ml_engine: Predicted bond PHL_Green_Bonds_2024: score=61.5 [Medium-High]
[2026-04-22 17:17:05,575] DEBUG greenlens.worldbank_climate: WB CKP API pr/PHL returned 404
[2026-04-22 17:17:05,575] DEBUG greenlens.worldbank_climate: WB flood fallback PHL \u2192 0.820
[2026-04-22 17:17:05,678] DEBUG greenlens.worldbank_climate: WB CKP API tas/PHL returned 404
[2026-04-22 17:17:05,678] DEBUG greenlens.worldbank_climate: WB heat fallback PHL \u2192 0.760
[2026-04-22 17:17:05,704] INFO greenlens.ml_engine: Predicted bond PHL_Social_Bond_2017: score=61.5 [Medium-High]
[2026-04-22 17:17:06,291] DEBUG greenlens.worldbank_climate: WB CKP API pr/PHL returned 404
[2026-04-22 17:17:06,291] DEBUG greenlens.worldbank_climate: WB flood fallback PHL \u2192 0.820
[2026-04-22 17:17:06,407] DEBUG greenlens.worldbank_climate: WB CKP API tas/PHL returned 404
[2026-04-22 17:17:06,407] DEBUG greenlens.worldbank_climate: WB heat fallback PHL \u2192 0.760
[2026-04-22 17:17:06,423] INFO greenlens.ml_engine: Predicted bond PHL_Social_Bond_2018: score=61.5 [Medium-High]
[2026-04-22 17:17:07,112] DEBUG greenlens.worldbank_climate: WB CKP API pr/PHL returned 404
[2026-04-22 17:17:07,112] DEBUG greenlens.worldbank_climate: WB flood fallback PHL \u2192 0.820
[2026-04-22 17:17:07,213] DEBUG greenlens.worldbank_climate: WB CKP API tas/PHL returned 404
[2026-04-22 17:17:07,213] DEBUG greenlens.worldbank_climate: WB heat fallback PHL \u2192 0.760
[2026-04-22 17:17:07,230] INFO greenlens.ml_engine: Predicted bond PHL_Social_Bond_2019: score=61.5 [Medium-High]
[2026-04-22 17:17:07,828] DEBUG greenlens.worldbank_climate: WB CKP API pr/PHL returned 404
[2026-04-22 17:17:07,828] DEBUG greenlens.worldbank_climate: WB flood fallback PHL \u2192 0.820
[2026-04-22 17:17:07,931] DEBUG greenlens.worldbank_climate: WB CKP API tas/PHL returned 404
[2026-04-22 17:17:07,931] DEBUG greenlens.worldbank_climate: WB heat fallback PHL \u2192 0.760
[2026-04-22 17:17:07,955] INFO greenlens.ml_engine: Predicted bond PHL_Social_Bond_2020: score=61.5 [Medium-High]
[2026-04-22 17:17:08,546] DEBUG greenlens.worldbank_climate: WB CKP API pr/PHL returned 404
[2026-04-22 17:17:08,546] DEBUG greenlens.worldbank_climate: WB flood fallback PHL \u2192 0.820
[2026-04-22 17:17:08,611] DEBUG greenlens.worldbank_climate: WB CKP API tas/PHL returned 404
[2026-04-22 17:17:08,611] DEBUG greenlens.worldbank_climate: WB heat fallback PHL \u2192 0.760
[2026-04-22 17:17:08,638] INFO greenlens.ml_engine: Predicted bond PHL_Social_Bond_2021: score=61.5 [Medium-High]
[2026-04-22 17:17:09,363] DEBUG greenlens.worldbank_climate: WB CKP API pr/PHL returned 404
[2026-04-22 17:17:09,363] DEBUG greenlens.worldbank_climate: WB flood fallback PHL \u2192 0.820
[2026-04-22 17:17:09,465] DEBUG greenlens.worldbank_climate: WB CKP API tas/PHL returned 404
[2026-04-22 17:17:09,465] DEBUG greenlens.worldbank_climate: WB heat fallback PHL \u2192 0.760
[2026-04-22 17:17:09,483] INFO greenlens.ml_engine: Predicted bond PHL_Social_Bond_2022: score=61.5 [Medium-High]
[2026-04-22 17:17:10,285] DEBUG greenlens.worldbank_climate: WB CKP API pr/PHL returned 404
[2026-04-22 17:17:10,286] DEBUG greenlens.worldbank_climate: WB flood fallback PHL \u2192 0.820
[2026-04-22 17:17:10,388] DEBUG greenlens.worldbank_climate: WB CKP API tas/PHL returned 404
[2026-04-22 17:17:10,388] DEBUG greenlens.worldbank_climate: WB heat fallback PHL \u2192 0.760
[2026-04-22 17:17:10,412] INFO greenlens.ml_engine: Predicted bond PHL_Social_Bond_2023: score=61.5 [Medium-High]
[2026-04-22 17:17:11,207] DEBUG greenlens.worldbank_climate: WB CKP API pr/PHL returned 404
[2026-04-22 17:17:11,207] DEBUG greenlens.worldbank_climate: WB flood fallback PHL \u2192 0.820
[2026-04-22 17:17:11,309] DEBUG greenlens.worldbank_climate: WB CKP API tas/PHL returned 404
[2026-04-22 17:17:11,310] DEBUG greenlens.worldbank_climate: WB heat fallback PHL \u2192 0.760
[2026-04-22 17:17:11,332] INFO greenlens.ml_engine: Predicted bond PHL_Social_Bond_2024: score=61.5 [Medium-High]
[2026-04-22 17:17:12,129] DEBUG greenlens.worldbank_climate: WB CKP API pr/PHL returned 404
[2026-04-22 17:17:12,129] DEBUG greenlens.worldbank_climate: WB flood fallback PHL \u2192 0.820
[2026-04-22 17:17:12,231] DEBUG greenlens.worldbank_climate: WB CKP API tas/PHL returned 404
[2026-04-22 17:17:12,231] DEBUG greenlens.worldbank_climate: WB heat fallback PHL \u2192 0.760
[2026-04-22 17:17:12,253] INFO greenlens.ml_engine: Predicted bond PHL_Sustainabili_2019: score=61.5 [Medium-High]
[2026-04-22 17:17:12,948] DEBUG greenlens.worldbank_climate: WB CKP API pr/PHL returned 404
[2026-04-22 17:17:12,948] DEBUG greenlens.worldbank_climate: WB flood fallback PHL \u2192 0.820
[2026-04-22 17:17:13,011] DEBUG greenlens.worldbank_climate: WB CKP API tas/PHL returned 404
[2026-04-22 17:17:13,012] DEBUG greenlens.worldbank_climate: WB heat fallback PHL \u2192 0.760
[2026-04-22 17:17:13,027] INFO greenlens.ml_engine: Predicted bond PHL_Sustainabili_2020: score=61.5 [Medium-High]
[2026-04-22 17:17:13,663] DEBUG greenlens.worldbank_climate: WB CKP API pr/PHL returned 404
[2026-04-22 17:17:13,663] DEBUG greenlens.worldbank_climate: WB flood fallback PHL \u2192 0.820
[2026-04-22 17:17:13,766] DEBUG greenlens.worldbank_climate: WB CKP API tas/PHL returned 404
[2026-04-22 17:17:13,766] DEBUG greenlens.worldbank_climate: WB heat fallback PHL \u2192 0.760
[2026-04-22 17:17:13,784] INFO greenlens.ml_engine: Predicted bond PHL_Sustainabili_2021: score=61.5 [Medium-High]
[2026-04-22 17:17:14,382] DEBUG greenlens.worldbank_climate: WB CKP API pr/PHL returned 404
[2026-04-22 17:17:14,382] DEBUG greenlens.worldbank_climate: WB flood fallback PHL \u2192 0.820
[2026-04-22 17:17:14,447] DEBUG greenlens.worldbank_climate: WB CKP API tas/PHL returned 404
[2026-04-22 17:17:14,447] DEBUG greenlens.worldbank_climate: WB heat fallback PHL \u2192 0.760
[2026-04-22 17:17:14,461] INFO greenlens.ml_engine: Predicted bond PHL_Sustainabili_2022: score=61.5 [Medium-High]
[2026-04-22 17:17:14,996] DEBUG greenlens.worldbank_climate: WB CKP API pr/PHL returned 404
[2026-04-22 17:17:14,996] DEBUG greenlens.worldbank_climate: WB flood fallback PHL \u2192 0.820
[2026-04-22 17:17:15,097] DEBUG greenlens.worldbank_climate: WB CKP API tas/PHL returned 404
[2026-04-22 17:17:15,097] DEBUG greenlens.worldbank_climate: WB heat fallback PHL \u2192 0.760
[2026-04-22 17:17:15,116] INFO greenlens.ml_engine: Predicted bond PHL_Sustainabili_2023: score=61.5 [Medium-High]
[2026-04-22 17:17:15,981] DEBUG greenlens.worldbank_climate: WB CKP API pr/PHL returned 404
[2026-04-22 17:17:15,981] DEBUG greenlens.worldbank_climate: WB flood fallback PHL \u2192 0.820
[2026-04-22 17:17:16,121] DEBUG greenlens.worldbank_climate: WB CKP API tas/PHL returned 404
[2026-04-22 17:17:16,122] DEBUG greenlens.worldbank_climate: WB heat fallback PHL \u2192 0.760
[2026-04-22 17:17:16,152] INFO greenlens.ml_engine: Predicted bond PHL_Sustainabili_2024: score=61.5 [Medium-High]
[2026-04-22 17:17:17,017] DEBUG greenlens.worldbank_climate: WB CKP API pr/PHL returned 404
[2026-04-22 17:17:17,017] DEBUG greenlens.worldbank_climate: WB flood fallback PHL \u2192 0.820
[2026-04-22 17:17:17,146] DEBUG greenlens.worldbank_climate: WB CKP API tas/PHL returned 404
[2026-04-22 17:17:17,146] DEBUG greenlens.worldbank_climate: WB heat fallback PHL \u2192 0.760
[2026-04-22 17:17:17,177] INFO greenlens.ml_engine: Predicted bond PHL_Linked_Bond_2019: score=61.5 [Medium-High]
[2026-04-22 17:17:18,068] DEBUG greenlens.worldbank_climate: WB CKP API pr/PHL returned 404
[2026-04-22 17:17:18,068] DEBUG greenlens.worldbank_climate: WB flood fallback PHL \u2192 0.820
[2026-04-22 17:17:18,170] DEBUG greenlens.worldbank_climate: WB CKP API tas/PHL returned 404
[2026-04-22 17:17:18,170] DEBUG greenlens.worldbank_climate: WB heat fallback PHL \u2192 0.760
[2026-04-22 17:17:18,196] INFO greenlens.ml_engine: Predicted bond PHL_Linked_Bond_2024: score=61.5 [Medium-High]
[2026-04-22 17:17:18,988] DEBUG greenlens.worldbank_climate: WB CKP API pr/POL returned 404
[2026-04-22 17:17:18,988] DEBUG greenlens.worldbank_climate: WB flood fallback POL \u2192 0.380
[2026-04-22 17:17:19,090] DEBUG greenlens.worldbank_climate: WB CKP API tas/POL returned 404
[2026-04-22 17:17:19,091] DEBUG greenlens.worldbank_climate: WB heat fallback POL \u2192 0.280
[2026-04-22 17:17:19,108] INFO greenlens.ml_engine: Predicted bond POL_Green_Bonds_2016: score=25.8 [Medium-Low]
[2026-04-22 17:17:20,117] DEBUG greenlens.worldbank_climate: WB CKP API pr/POL returned 404
[2026-04-22 17:17:20,118] DEBUG greenlens.worldbank_climate: WB flood fallback POL \u2192 0.380
[2026-04-22 17:17:20,196] DEBUG greenlens.worldbank_climate: WB CKP API tas/POL returned 404
[2026-04-22 17:17:20,197] DEBUG greenlens.worldbank_climate: WB heat fallback POL \u2192 0.280
[2026-04-22 17:17:20,228] INFO greenlens.ml_engine: Predicted bond POL_Green_Bonds_2018: score=25.8 [Medium-Low]
[2026-04-22 17:17:21,139] DEBUG greenlens.worldbank_climate: WB CKP API pr/POL returned 404
[2026-04-22 17:17:21,140] DEBUG greenlens.worldbank_climate: WB flood fallback POL \u2192 0.380
[2026-04-22 17:17:21,242] DEBUG greenlens.worldbank_climate: WB CKP API tas/POL returned 404
[2026-04-22 17:17:21,242] DEBUG greenlens.worldbank_climate: WB heat fallback POL \u2192 0.280
[2026-04-22 17:17:21,273] INFO greenlens.ml_engine: Predicted bond POL_Green_Bonds_2019: score=25.8 [Medium-Low]
[2026-04-22 17:17:22,163] DEBUG greenlens.worldbank_climate: WB CKP API pr/POL returned 404
[2026-04-22 17:17:22,163] DEBUG greenlens.worldbank_climate: WB flood fallback POL \u2192 0.380
[2026-04-22 17:17:22,265] DEBUG greenlens.worldbank_climate: WB CKP API tas/POL returned 404
[2026-04-22 17:17:22,266] DEBUG greenlens.worldbank_climate: WB heat fallback POL \u2192 0.280
[2026-04-22 17:17:22,285] INFO greenlens.ml_engine: Predicted bond POL_Green_Bonds_2020: score=25.8 [Medium-Low]
[2026-04-22 17:17:23,187] DEBUG greenlens.worldbank_climate: WB CKP API pr/POL returned 404
[2026-04-22 17:17:23,187] DEBUG greenlens.worldbank_climate: WB flood fallback POL \u2192 0.380
[2026-04-22 17:17:23,291] DEBUG greenlens.worldbank_climate: WB CKP API tas/POL returned 404
[2026-04-22 17:17:23,291] DEBUG greenlens.worldbank_climate: WB heat fallback POL \u2192 0.280
[2026-04-22 17:17:23,312] INFO greenlens.ml_engine: Predicted bond POL_Green_Bonds_2021: score=25.8 [Medium-Low]
[2026-04-22 17:17:24,216] DEBUG greenlens.worldbank_climate: WB CKP API pr/POL returned 404
[2026-04-22 17:17:24,216] DEBUG greenlens.worldbank_climate: WB flood fallback POL \u2192 0.380
[2026-04-22 17:17:24,313] DEBUG greenlens.worldbank_climate: WB CKP API tas/POL returned 404
[2026-04-22 17:17:24,313] DEBUG greenlens.worldbank_climate: WB heat fallback POL \u2192 0.280
[2026-04-22 17:17:24,334] INFO greenlens.ml_engine: Predicted bond POL_Green_Bonds_2022: score=25.8 [Medium-Low]
[2026-04-22 17:17:25,137] DEBUG greenlens.worldbank_climate: WB CKP API pr/POL returned 404
[2026-04-22 17:17:25,137] DEBUG greenlens.worldbank_climate: WB flood fallback POL \u2192 0.380
[2026-04-22 17:17:25,236] DEBUG greenlens.worldbank_climate: WB CKP API tas/POL returned 404
[2026-04-22 17:17:25,236] DEBUG greenlens.worldbank_climate: WB heat fallback POL \u2192 0.280
[2026-04-22 17:17:25,266] INFO greenlens.ml_engine: Predicted bond POL_Green_Bonds_2023: score=25.8 [Medium-Low]
[2026-04-22 17:17:26,158] DEBUG greenlens.worldbank_climate: WB CKP API pr/POL returned 404
[2026-04-22 17:17:26,158] DEBUG greenlens.worldbank_climate: WB flood fallback POL \u2192 0.380
[2026-04-22 17:17:26,259] DEBUG greenlens.worldbank_climate: WB CKP API tas/POL returned 404
[2026-04-22 17:17:26,259] DEBUG greenlens.worldbank_climate: WB heat fallback POL \u2192 0.280
[2026-04-22 17:17:26,281] INFO greenlens.ml_engine: Predicted bond POL_Green_Bonds_2024: score=25.8 [Medium-Low]
[2026-04-22 17:17:27,181] DEBUG greenlens.worldbank_climate: WB CKP API pr/POL returned 404
[2026-04-22 17:17:27,181] DEBUG greenlens.worldbank_climate: WB flood fallback POL \u2192 0.380
[2026-04-22 17:17:27,283] DEBUG greenlens.worldbank_climate: WB CKP API tas/POL returned 404
[2026-04-22 17:17:27,283] DEBUG greenlens.worldbank_climate: WB heat fallback POL \u2192 0.280
[2026-04-22 17:17:27,300] INFO greenlens.ml_engine: Predicted bond POL_Social_Bond_2021: score=25.8 [Medium-Low]
[2026-04-22 17:17:28,205] DEBUG greenlens.worldbank_climate: WB CKP API pr/POL returned 404
[2026-04-22 17:17:28,205] DEBUG greenlens.worldbank_climate: WB flood fallback POL \u2192 0.380
[2026-04-22 17:17:28,307] DEBUG greenlens.worldbank_climate: WB CKP API tas/POL returned 404
[2026-04-22 17:17:28,307] DEBUG greenlens.worldbank_climate: WB heat fallback POL \u2192 0.280
[2026-04-22 17:17:28,335] INFO greenlens.ml_engine: Predicted bond POL_Sustainabili_2021: score=25.8 [Medium-Low]
[2026-04-22 17:17:29,229] DEBUG greenlens.worldbank_climate: WB CKP API pr/POL returned 404
[2026-04-22 17:17:29,229] DEBUG greenlens.worldbank_climate: WB flood fallback POL \u2192 0.380
[2026-04-22 17:17:29,332] DEBUG greenlens.worldbank_climate: WB CKP API tas/POL returned 404
[2026-04-22 17:17:29,332] DEBUG greenlens.worldbank_climate: WB heat fallback POL \u2192 0.280
[2026-04-22 17:17:29,350] INFO greenlens.ml_engine: Predicted bond POL_Sustainabili_2023: score=25.8 [Medium-Low]
[2026-04-22 17:17:30,208] DEBUG greenlens.worldbank_climate: WB CKP API pr/POL returned 404
[2026-04-22 17:17:30,208] DEBUG greenlens.worldbank_climate: WB flood fallback POL \u2192 0.380
[2026-04-22 17:17:30,315] DEBUG greenlens.worldbank_climate: WB CKP API tas/POL returned 404
[2026-04-22 17:17:30,316] DEBUG greenlens.worldbank_climate: WB heat fallback POL \u2192 0.280
[2026-04-22 17:17:30,343] INFO greenlens.ml_engine: Predicted bond POL_Linked_Bond_2020: score=25.8 [Medium-Low]
[2026-04-22 17:17:31,175] DEBUG greenlens.worldbank_climate: WB CKP API pr/POL returned 404
[2026-04-22 17:17:31,175] DEBUG greenlens.worldbank_climate: WB flood fallback POL \u2192 0.380
[2026-04-22 17:17:31,277] DEBUG greenlens.worldbank_climate: WB CKP API tas/POL returned 404
[2026-04-22 17:17:31,277] DEBUG greenlens.worldbank_climate: WB heat fallback POL \u2192 0.280
[2026-04-22 17:17:31,296] INFO greenlens.ml_engine: Predicted bond POL_Linked_Bond_2021: score=25.8 [Medium-Low]
[2026-04-22 17:17:32,097] DEBUG greenlens.worldbank_climate: WB CKP API pr/POL returned 404
[2026-04-22 17:17:32,097] DEBUG greenlens.worldbank_climate: WB flood fallback POL \u2192 0.380
[2026-04-22 17:17:32,199] DEBUG greenlens.worldbank_climate: WB CKP API tas/POL returned 404
[2026-04-22 17:17:32,199] DEBUG greenlens.worldbank_climate: WB heat fallback POL \u2192 0.280
[2026-04-22 17:17:32,224] INFO greenlens.ml_engine: Predicted bond POL_Linked_Bond_2023: score=25.8 [Medium-Low]
[2026-04-22 17:17:33,079] DEBUG greenlens.worldbank_climate: WB CKP API pr/PRT returned 404
[2026-04-22 17:17:33,079] DEBUG greenlens.worldbank_climate: WB flood fallback PRT \u2192 0.300
[2026-04-22 17:17:33,324] DEBUG greenlens.worldbank_climate: WB CKP API tas/PRT returned 404
[2026-04-22 17:17:33,325] DEBUG greenlens.worldbank_climate: WB heat fallback PRT \u2192 0.480
[2026-04-22 17:17:33,348] INFO greenlens.ml_engine: Predicted bond PRT_Green_Bonds_2019: score=28.8 [Medium-Low]
[2026-04-22 17:17:34,043] DEBUG greenlens.worldbank_climate: WB CKP API pr/PRT returned 404
[2026-04-22 17:17:34,043] DEBUG greenlens.worldbank_climate: WB flood fallback PRT \u2192 0.300
[2026-04-22 17:17:34,125] DEBUG greenlens.worldbank_climate: WB CKP API tas/PRT returned 404
[2026-04-22 17:17:34,125] DEBUG greenlens.worldbank_climate: WB heat fallback PRT \u2192 0.480
[2026-04-22 17:17:34,141] INFO greenlens.ml_engine: Predicted bond PRT_Green_Bonds_2020: score=28.8 [Medium-Low]
[2026-04-22 17:17:34,758] DEBUG greenlens.worldbank_climate: WB CKP API pr/PRT returned 404
[2026-04-22 17:17:34,758] DEBUG greenlens.worldbank_climate: WB flood fallback PRT \u2192 0.300
[2026-04-22 17:17:34,860] DEBUG greenlens.worldbank_climate: WB CKP API tas/PRT returned 404
[2026-04-22 17:17:34,860] DEBUG greenlens.worldbank_climate: WB heat fallback PRT \u2192 0.480
[2026-04-22 17:17:34,879] INFO greenlens.ml_engine: Predicted bond PRT_Green_Bonds_2021: score=28.8 [Medium-Low]
[2026-04-22 17:17:35,476] DEBUG greenlens.worldbank_climate: WB CKP API pr/PRT returned 404
[2026-04-22 17:17:35,476] DEBUG greenlens.worldbank_climate: WB flood fallback PRT \u2192 0.300
[2026-04-22 17:17:35,577] DEBUG greenlens.worldbank_climate: WB CKP API tas/PRT returned 404
[2026-04-22 17:17:35,578] DEBUG greenlens.worldbank_climate: WB heat fallback PRT \u2192 0.480
[2026-04-22 17:17:35,592] INFO greenlens.ml_engine: Predicted bond PRT_Green_Bonds_2022: score=28.8 [Medium-Low]
[2026-04-22 17:17:36,193] DEBUG greenlens.worldbank_climate: WB CKP API pr/PRT returned 404
[2026-04-22 17:17:36,193] DEBUG greenlens.worldbank_climate: WB flood fallback PRT \u2192 0.300
[2026-04-22 17:17:36,294] DEBUG greenlens.worldbank_climate: WB CKP API tas/PRT returned 404
[2026-04-22 17:17:36,294] DEBUG greenlens.worldbank_climate: WB heat fallback PRT \u2192 0.480
[2026-04-22 17:17:36,316] INFO greenlens.ml_engine: Predicted bond PRT_Green_Bonds_2023: score=28.8 [Medium-Low]
[2026-04-22 17:17:36,857] DEBUG greenlens.worldbank_climate: WB CKP API pr/PRT returned 404
[2026-04-22 17:17:36,857] DEBUG greenlens.worldbank_climate: WB flood fallback PRT \u2192 0.300
[2026-04-22 17:17:36,921] DEBUG greenlens.worldbank_climate: WB CKP API tas/PRT returned 404
[2026-04-22 17:17:36,922] DEBUG greenlens.worldbank_climate: WB heat fallback PRT \u2192 0.480
[2026-04-22 17:17:36,938] INFO greenlens.ml_engine: Predicted bond PRT_Green_Bonds_2024: score=28.8 [Medium-Low]
[2026-04-22 17:17:37,477] DEBUG greenlens.worldbank_climate: WB CKP API pr/PRT returned 404
[2026-04-22 17:17:37,477] DEBUG greenlens.worldbank_climate: WB flood fallback PRT \u2192 0.300
[2026-04-22 17:17:37,541] DEBUG greenlens.worldbank_climate: WB CKP API tas/PRT returned 404
[2026-04-22 17:17:37,541] DEBUG greenlens.worldbank_climate: WB heat fallback PRT \u2192 0.480
[2026-04-22 17:17:37,564] INFO greenlens.ml_engine: Predicted bond PRT_Social_Bond_2021: score=28.8 [Medium-Low]
[2026-04-22 17:17:38,138] DEBUG greenlens.worldbank_climate: WB CKP API pr/PRT returned 404
[2026-04-22 17:17:38,138] DEBUG greenlens.worldbank_climate: WB flood fallback PRT \u2192 0.300
[2026-04-22 17:17:38,239] DEBUG greenlens.worldbank_climate: WB CKP API tas/PRT returned 404
[2026-04-22 17:17:38,239] DEBUG greenlens.worldbank_climate: WB heat fallback PRT \u2192 0.480
[2026-04-22 17:17:38,257] INFO greenlens.ml_engine: Predicted bond PRT_Social_Bond_2023: score=28.8 [Medium-Low]
[2026-04-22 17:17:38,956] DEBUG greenlens.worldbank_climate: WB CKP API pr/PRT returned 404
[2026-04-22 17:17:38,956] DEBUG greenlens.worldbank_climate: WB flood fallback PRT \u2192 0.300
[2026-04-22 17:17:39,059] DEBUG greenlens.worldbank_climate: WB CKP API tas/PRT returned 404
[2026-04-22 17:17:39,059] DEBUG greenlens.worldbank_climate: WB heat fallback PRT \u2192 0.480
[2026-04-22 17:17:39,083] INFO greenlens.ml_engine: Predicted bond PRT_Sustainabili_2021: score=28.8 [Medium-Low]
[2026-04-22 17:17:39,779] DEBUG greenlens.worldbank_climate: WB CKP API pr/PRT returned 404
[2026-04-22 17:17:39,779] DEBUG greenlens.worldbank_climate: WB flood fallback PRT \u2192 0.300
[2026-04-22 17:17:39,887] DEBUG greenlens.worldbank_climate: WB CKP API tas/PRT returned 404
[2026-04-22 17:17:39,887] DEBUG greenlens.worldbank_climate: WB heat fallback PRT \u2192 0.480
[2026-04-22 17:17:39,908] INFO greenlens.ml_engine: Predicted bond PRT_Sustainabili_2022: score=28.8 [Medium-Low]
[2026-04-22 17:17:40,715] DEBUG greenlens.worldbank_climate: WB CKP API pr/PRT returned 404
[2026-04-22 17:17:40,715] DEBUG greenlens.worldbank_climate: WB flood fallback PRT \u2192 0.300
[2026-04-22 17:17:40,801] DEBUG greenlens.worldbank_climate: WB CKP API tas/PRT returned 404
[2026-04-22 17:17:40,801] DEBUG greenlens.worldbank_climate: WB heat fallback PRT \u2192 0.480
[2026-04-22 17:17:40,818] INFO greenlens.ml_engine: Predicted bond PRT_Linked_Bond_2021: score=28.8 [Medium-Low]
[2026-04-22 17:17:41,377] DEBUG greenlens.worldbank_climate: WB CKP API pr/PRT returned 404
[2026-04-22 17:17:41,377] DEBUG greenlens.worldbank_climate: WB flood fallback PRT \u2192 0.300
[2026-04-22 17:17:41,516] DEBUG greenlens.worldbank_climate: WB CKP API tas/PRT returned 404
[2026-04-22 17:17:41,516] DEBUG greenlens.worldbank_climate: WB heat fallback PRT \u2192 0.480
[2026-04-22 17:17:41,531] INFO greenlens.ml_engine: Predicted bond PRT_Linked_Bond_2024: score=28.8 [Medium-Low]
[2026-04-22 17:17:42,131] DEBUG greenlens.worldbank_climate: WB CKP API pr/QAT returned 404
[2026-04-22 17:17:42,132] DEBUG greenlens.worldbank_climate: WB flood fallback QAT \u2192 0.080
[2026-04-22 17:17:42,246] DEBUG greenlens.worldbank_climate: WB CKP API tas/QAT returned 404
[2026-04-22 17:17:42,246] DEBUG greenlens.worldbank_climate: WB heat fallback QAT \u2192 0.920
[2026-04-22 17:17:42,265] INFO greenlens.ml_engine: Predicted bond QAT_Green_Bonds_2024: score=35.5 [Medium-Low]
[2026-04-22 17:17:42,950] DEBUG greenlens.worldbank_climate: WB CKP API pr/REU returned 404
[2026-04-22 17:17:42,951] DEBUG greenlens.worldbank_climate: WB flood fallback REU \u2192 0.400
[2026-04-22 17:17:43,054] DEBUG greenlens.worldbank_climate: WB CKP API tas/REU returned 404
[2026-04-22 17:17:43,054] DEBUG greenlens.worldbank_climate: WB heat fallback REU \u2192 0.450
[2026-04-22 17:17:43,078] INFO greenlens.ml_engine: Predicted bond REU_Social_Bond_2024: score=31.8 [Medium-Low]
[2026-04-22 17:17:43,769] DEBUG greenlens.worldbank_climate: WB CKP API pr/ROM returned 404
[2026-04-22 17:17:43,769] DEBUG greenlens.worldbank_climate: WB flood fallback ROM \u2192 0.400
[2026-04-22 17:17:43,872] DEBUG greenlens.worldbank_climate: WB CKP API tas/ROM returned 404
[2026-04-22 17:17:43,872] DEBUG greenlens.worldbank_climate: WB heat fallback ROM \u2192 0.450
[2026-04-22 17:17:43,890] INFO greenlens.ml_engine: Predicted bond ROU_Green_Bonds_2021: score=31.8 [Medium-Low]
[2026-04-22 17:17:44,487] DEBUG greenlens.worldbank_climate: WB CKP API pr/ROM returned 404
[2026-04-22 17:17:44,487] DEBUG greenlens.worldbank_climate: WB flood fallback ROM \u2192 0.400
[2026-04-22 17:17:44,589] DEBUG greenlens.worldbank_climate: WB CKP API tas/ROM returned 404
[2026-04-22 17:17:44,589] DEBUG greenlens.worldbank_climate: WB heat fallback ROM \u2192 0.450
[2026-04-22 17:17:44,603] INFO greenlens.ml_engine: Predicted bond ROU_Green_Bonds_2022: score=31.8 [Medium-Low]
[2026-04-22 17:17:45,203] DEBUG greenlens.worldbank_climate: WB CKP API pr/ROM returned 404
[2026-04-22 17:17:45,203] DEBUG greenlens.worldbank_climate: WB flood fallback ROM \u2192 0.400
[2026-04-22 17:17:45,305] DEBUG greenlens.worldbank_climate: WB CKP API tas/ROM returned 404
[2026-04-22 17:17:45,306] DEBUG greenlens.worldbank_climate: WB heat fallback ROM \u2192 0.450
[2026-04-22 17:17:45,320] INFO greenlens.ml_engine: Predicted bond ROU_Green_Bonds_2023: score=31.8 [Medium-Low]
[2026-04-22 17:17:45,920] DEBUG greenlens.worldbank_climate: WB CKP API pr/ROM returned 404
[2026-04-22 17:17:45,921] DEBUG greenlens.worldbank_climate: WB flood fallback ROM \u2192 0.400
[2026-04-22 17:17:45,988] DEBUG greenlens.worldbank_climate: WB CKP API tas/ROM returned 404
[2026-04-22 17:17:45,988] DEBUG greenlens.worldbank_climate: WB heat fallback ROM \u2192 0.450
[2026-04-22 17:17:46,011] INFO greenlens.ml_engine: Predicted bond ROU_Green_Bonds_2024: score=31.8 [Medium-Low]
[2026-04-22 17:17:46,637] DEBUG greenlens.worldbank_climate: WB CKP API pr/ROM returned 404
[2026-04-22 17:17:46,637] DEBUG greenlens.worldbank_climate: WB flood fallback ROM \u2192 0.400
[2026-04-22 17:17:46,739] DEBUG greenlens.worldbank_climate: WB CKP API tas/ROM returned 404
[2026-04-22 17:17:46,739] DEBUG greenlens.worldbank_climate: WB heat fallback ROM \u2192 0.450
[2026-04-22 17:17:46,761] INFO greenlens.ml_engine: Predicted bond ROU_Sustainabili_2022: score=31.8 [Medium-Low]
[2026-04-22 17:17:47,353] DEBUG greenlens.worldbank_climate: WB CKP API pr/ROM returned 404
[2026-04-22 17:17:47,353] DEBUG greenlens.worldbank_climate: WB flood fallback ROM \u2192 0.400
[2026-04-22 17:17:47,456] DEBUG greenlens.worldbank_climate: WB CKP API tas/ROM returned 404
[2026-04-22 17:17:47,456] DEBUG greenlens.worldbank_climate: WB heat fallback ROM \u2192 0.450
[2026-04-22 17:17:47,478] INFO greenlens.ml_engine: Predicted bond ROU_Sustainabili_2023: score=31.8 [Medium-Low]
[2026-04-22 17:17:48,032] DEBUG greenlens.worldbank_climate: WB CKP API pr/ROM returned 404
[2026-04-22 17:17:48,032] DEBUG greenlens.worldbank_climate: WB flood fallback ROM \u2192 0.400
[2026-04-22 17:17:48,175] DEBUG greenlens.worldbank_climate: WB CKP API tas/ROM returned 404
[2026-04-22 17:17:48,175] DEBUG greenlens.worldbank_climate: WB heat fallback ROM \u2192 0.450
[2026-04-22 17:17:48,193] INFO greenlens.ml_engine: Predicted bond ROU_Sustainabili_2024: score=31.8 [Medium-Low]
[2026-04-22 17:17:48,788] DEBUG greenlens.worldbank_climate: WB CKP API pr/RUS returned 404
[2026-04-22 17:17:48,789] DEBUG greenlens.worldbank_climate: WB flood fallback RUS \u2192 0.350
[2026-04-22 17:17:48,890] DEBUG greenlens.worldbank_climate: WB CKP API tas/RUS returned 404
[2026-04-22 17:17:48,890] DEBUG greenlens.worldbank_climate: WB heat fallback RUS \u2192 0.200
[2026-04-22 17:17:48,906] INFO greenlens.ml_engine: Predicted bond RUS_Green_Bonds_2019: score=22.3 [Medium-Low]
[2026-04-22 17:17:49,504] DEBUG greenlens.worldbank_climate: WB CKP API pr/RUS returned 404
[2026-04-22 17:17:49,505] DEBUG greenlens.worldbank_climate: WB flood fallback RUS \u2192 0.350
[2026-04-22 17:17:49,607] DEBUG greenlens.worldbank_climate: WB CKP API tas/RUS returned 404
[2026-04-22 17:17:49,607] DEBUG greenlens.worldbank_climate: WB heat fallback RUS \u2192 0.200
[2026-04-22 17:17:49,623] INFO greenlens.ml_engine: Predicted bond RUS_Green_Bonds_2020: score=22.3 [Medium-Low]
[2026-04-22 17:17:50,220] DEBUG greenlens.worldbank_climate: WB CKP API pr/RUS returned 404
[2026-04-22 17:17:50,220] DEBUG greenlens.worldbank_climate: WB flood fallback RUS \u2192 0.350
[2026-04-22 17:17:50,322] DEBUG greenlens.worldbank_climate: WB CKP API tas/RUS returned 404
[2026-04-22 17:17:50,322] DEBUG greenlens.worldbank_climate: WB heat fallback RUS \u2192 0.200
[2026-04-22 17:17:50,342] INFO greenlens.ml_engine: Predicted bond RUS_Green_Bonds_2021: score=22.3 [Medium-Low]
[2026-04-22 17:17:50,937] DEBUG greenlens.worldbank_climate: WB CKP API pr/RUS returned 404
[2026-04-22 17:17:50,937] DEBUG greenlens.worldbank_climate: WB flood fallback RUS \u2192 0.350
[2026-04-22 17:17:51,042] DEBUG greenlens.worldbank_climate: WB CKP API tas/RUS returned 404
[2026-04-22 17:17:51,042] DEBUG greenlens.worldbank_climate: WB heat fallback RUS \u2192 0.200
[2026-04-22 17:17:51,058] INFO greenlens.ml_engine: Predicted bond RUS_Green_Bonds_2022: score=22.3 [Medium-Low]
[2026-04-22 17:17:51,654] DEBUG greenlens.worldbank_climate: WB CKP API pr/RUS returned 404
[2026-04-22 17:17:51,654] DEBUG greenlens.worldbank_climate: WB flood fallback RUS \u2192 0.350
[2026-04-22 17:17:51,756] DEBUG greenlens.worldbank_climate: WB CKP API tas/RUS returned 404
[2026-04-22 17:17:51,756] DEBUG greenlens.worldbank_climate: WB heat fallback RUS \u2192 0.200
[2026-04-22 17:17:51,771] INFO greenlens.ml_engine: Predicted bond RUS_Green_Bonds_2023: score=22.3 [Medium-Low]
[2026-04-22 17:17:52,370] DEBUG greenlens.worldbank_climate: WB CKP API pr/RUS returned 404
[2026-04-22 17:17:52,370] DEBUG greenlens.worldbank_climate: WB flood fallback RUS \u2192 0.350
[2026-04-22 17:17:52,474] DEBUG greenlens.worldbank_climate: WB CKP API tas/RUS returned 404
[2026-04-22 17:17:52,474] DEBUG greenlens.worldbank_climate: WB heat fallback RUS \u2192 0.200
[2026-04-22 17:17:52,490] INFO greenlens.ml_engine: Predicted bond RUS_Social_Bond_2022: score=22.3 [Medium-Low]
[2026-04-22 17:17:53,145] DEBUG greenlens.worldbank_climate: WB CKP API pr/RUS returned 404
[2026-04-22 17:17:53,145] DEBUG greenlens.worldbank_climate: WB flood fallback RUS \u2192 0.350
[2026-04-22 17:17:53,293] DEBUG greenlens.worldbank_climate: WB CKP API tas/RUS returned 404
[2026-04-22 17:17:53,293] DEBUG greenlens.worldbank_climate: WB heat fallback RUS \u2192 0.200
[2026-04-22 17:17:53,309] INFO greenlens.ml_engine: Predicted bond RUS_Social_Bond_2023: score=22.3 [Medium-Low]
[2026-04-22 17:17:53,906] DEBUG greenlens.worldbank_climate: WB CKP API pr/RUS returned 404
[2026-04-22 17:17:53,907] DEBUG greenlens.worldbank_climate: WB flood fallback RUS \u2192 0.350
[2026-04-22 17:17:54,009] DEBUG greenlens.worldbank_climate: WB CKP API tas/RUS returned 404
[2026-04-22 17:17:54,009] DEBUG greenlens.worldbank_climate: WB heat fallback RUS \u2192 0.200
[2026-04-22 17:17:54,033] INFO greenlens.ml_engine: Predicted bond RUS_Sustainabili_2023: score=22.3 [Medium-Low]
[2026-04-22 17:17:54,726] DEBUG greenlens.worldbank_climate: WB CKP API pr/SAU returned 404
[2026-04-22 17:17:54,726] DEBUG greenlens.worldbank_climate: WB flood fallback SAU \u2192 0.120
[2026-04-22 17:17:54,827] DEBUG greenlens.worldbank_climate: WB CKP API tas/SAU returned 404
[2026-04-22 17:17:54,828] DEBUG greenlens.worldbank_climate: WB heat fallback SAU \u2192 0.900
[2026-04-22 17:17:54,841] INFO greenlens.ml_engine: Predicted bond SAU_Green_Bonds_2021: score=36.3 [Medium-Low]
[2026-04-22 17:17:55,545] DEBUG greenlens.worldbank_climate: WB CKP API pr/SAU returned 404
[2026-04-22 17:17:55,546] DEBUG greenlens.worldbank_climate: WB flood fallback SAU \u2192 0.120
[2026-04-22 17:17:55,647] DEBUG greenlens.worldbank_climate: WB CKP API tas/SAU returned 404
[2026-04-22 17:17:55,648] DEBUG greenlens.worldbank_climate: WB heat fallback SAU \u2192 0.900
[2026-04-22 17:17:55,664] INFO greenlens.ml_engine: Predicted bond SAU_Green_Bonds_2024: score=36.3 [Medium-Low]
[2026-04-22 17:17:56,262] DEBUG greenlens.worldbank_climate: WB CKP API pr/SEN returned 404
[2026-04-22 17:17:56,262] DEBUG greenlens.worldbank_climate: WB flood fallback SEN \u2192 0.520
[2026-04-22 17:17:56,366] DEBUG greenlens.worldbank_climate: WB CKP API tas/SEN returned 404
[2026-04-22 17:17:56,366] DEBUG greenlens.worldbank_climate: WB heat fallback SEN \u2192 0.750
[2026-04-22 17:17:56,389] INFO greenlens.ml_engine: Predicted bond SEN_Social_Bond_2020: score=47.1 [Medium-High]
[2026-04-22 17:17:56,980] DEBUG greenlens.worldbank_climate: WB CKP API pr/SEN returned 404
[2026-04-22 17:17:56,980] DEBUG greenlens.worldbank_climate: WB flood fallback SEN \u2192 0.520
[2026-04-22 17:17:57,081] DEBUG greenlens.worldbank_climate: WB CKP API tas/SEN returned 404
[2026-04-22 17:17:57,081] DEBUG greenlens.worldbank_climate: WB heat fallback SEN \u2192 0.750
[2026-04-22 17:17:57,096] INFO greenlens.ml_engine: Predicted bond SEN_Social_Bond_2021: score=47.1 [Medium-High]
[2026-04-22 17:17:57,698] DEBUG greenlens.worldbank_climate: WB CKP API pr/SEN returned 404
[2026-04-22 17:17:57,698] DEBUG greenlens.worldbank_climate: WB flood fallback SEN \u2192 0.520
[2026-04-22 17:17:57,797] DEBUG greenlens.worldbank_climate: WB CKP API tas/SEN returned 404
[2026-04-22 17:17:57,797] DEBUG greenlens.worldbank_climate: WB heat fallback SEN \u2192 0.750
[2026-04-22 17:17:57,816] INFO greenlens.ml_engine: Predicted bond SEN_Social_Bond_2022: score=47.1 [Medium-High]
[2026-04-22 17:17:58,412] DEBUG greenlens.worldbank_climate: WB CKP API pr/SRB returned 404
[2026-04-22 17:17:58,412] DEBUG greenlens.worldbank_climate: WB flood fallback SRB \u2192 0.400
[2026-04-22 17:17:58,515] DEBUG greenlens.worldbank_climate: WB CKP API tas/SRB returned 404
[2026-04-22 17:17:58,515] DEBUG greenlens.worldbank_climate: WB heat fallback SRB \u2192 0.450
[2026-04-22 17:17:58,529] INFO greenlens.ml_engine: Predicted bond SRB_Green_Bonds_2021: score=31.8 [Medium-Low]
[2026-04-22 17:17:59,130] DEBUG greenlens.worldbank_climate: WB CKP API pr/SRB returned 404
[2026-04-22 17:17:59,130] DEBUG greenlens.worldbank_climate: WB flood fallback SRB \u2192 0.400
[2026-04-22 17:17:59,232] DEBUG greenlens.worldbank_climate: WB CKP API tas/SRB returned 404
[2026-04-22 17:17:59,232] DEBUG greenlens.worldbank_climate: WB heat fallback SRB \u2192 0.450
[2026-04-22 17:17:59,251] INFO greenlens.ml_engine: Predicted bond SRB_Sustainabili_2024: score=31.8 [Medium-Low]
[2026-04-22 17:17:59,846] DEBUG greenlens.worldbank_climate: WB CKP API pr/SYC returned 404
[2026-04-22 17:17:59,846] DEBUG greenlens.worldbank_climate: WB flood fallback SYC \u2192 0.400
[2026-04-22 17:17:59,949] DEBUG greenlens.worldbank_climate: WB CKP API tas/SYC returned 404
[2026-04-22 17:17:59,949] DEBUG greenlens.worldbank_climate: WB heat fallback SYC \u2192 0.450
[2026-04-22 17:17:59,967] INFO greenlens.ml_engine: Predicted bond SYC_Green_Bonds_2018: score=31.8 [Medium-Low]
[2026-04-22 17:18:00,563] DEBUG greenlens.worldbank_climate: WB CKP API pr/SGP returned 404
[2026-04-22 17:18:00,563] DEBUG greenlens.worldbank_climate: WB flood fallback SGP \u2192 0.450
[2026-04-22 17:18:00,665] DEBUG greenlens.worldbank_climate: WB CKP API tas/SGP returned 404
[2026-04-22 17:18:00,665] DEBUG greenlens.worldbank_climate: WB heat fallback SGP \u2192 0.700
[2026-04-22 17:18:00,686] INFO greenlens.ml_engine: Predicted bond SGP_Green_Bonds_2017: score=42.5 [Medium-Low]
[2026-04-22 17:18:01,240] DEBUG greenlens.worldbank_climate: WB CKP API pr/SGP returned 404
[2026-04-22 17:18:01,240] DEBUG greenlens.worldbank_climate: WB flood fallback SGP \u2192 0.450
[2026-04-22 17:18:01,383] DEBUG greenlens.worldbank_climate: WB CKP API tas/SGP returned 404
[2026-04-22 17:18:01,383] DEBUG greenlens.worldbank_climate: WB heat fallback SGP \u2192 0.700
[2026-04-22 17:18:01,399] INFO greenlens.ml_engine: Predicted bond SGP_Green_Bonds_2018: score=42.5 [Medium-Low]
[2026-04-22 17:18:01,948] DEBUG greenlens.worldbank_climate: WB CKP API pr/SGP returned 404
[2026-04-22 17:18:01,948] DEBUG greenlens.worldbank_climate: WB flood fallback SGP \u2192 0.450
[2026-04-22 17:18:02,042] DEBUG greenlens.worldbank_climate: WB CKP API tas/SGP returned 404
[2026-04-22 17:18:02,042] DEBUG greenlens.worldbank_climate: WB heat fallback SGP \u2192 0.700
[2026-04-22 17:18:02,059] INFO greenlens.ml_engine: Predicted bond SGP_Green_Bonds_2019: score=42.5 [Medium-Low]
[2026-04-22 17:18:02,712] DEBUG greenlens.worldbank_climate: WB CKP API pr/SGP returned 404
[2026-04-22 17:18:02,713] DEBUG greenlens.worldbank_climate: WB flood fallback SGP \u2192 0.450
[2026-04-22 17:18:02,815] DEBUG greenlens.worldbank_climate: WB CKP API tas/SGP returned 404
[2026-04-22 17:18:02,815] DEBUG greenlens.worldbank_climate: WB heat fallback SGP \u2192 0.700
[2026-04-22 17:18:02,831] INFO greenlens.ml_engine: Predicted bond SGP_Green_Bonds_2020: score=42.5 [Medium-Low]
[2026-04-22 17:18:03,428] DEBUG greenlens.worldbank_climate: WB CKP API pr/SGP returned 404
[2026-04-22 17:18:03,429] DEBUG greenlens.worldbank_climate: WB flood fallback SGP \u2192 0.450
[2026-04-22 17:18:03,533] DEBUG greenlens.worldbank_climate: WB CKP API tas/SGP returned 404
[2026-04-22 17:18:03,533] DEBUG greenlens.worldbank_climate: WB heat fallback SGP \u2192 0.700
[2026-04-22 17:18:03,548] INFO greenlens.ml_engine: Predicted bond SGP_Green_Bonds_2021: score=42.5 [Medium-Low]
[2026-04-22 17:18:04,044] DEBUG greenlens.worldbank_climate: WB CKP API pr/SGP returned 404
[2026-04-22 17:18:04,044] DEBUG greenlens.worldbank_climate: WB flood fallback SGP \u2192 0.450
[2026-04-22 17:18:04,146] DEBUG greenlens.worldbank_climate: WB CKP API tas/SGP returned 404
[2026-04-22 17:18:04,146] DEBUG greenlens.worldbank_climate: WB heat fallback SGP \u2192 0.700
[2026-04-22 17:18:04,159] INFO greenlens.ml_engine: Predicted bond SGP_Green_Bonds_2022: score=42.5 [Medium-Low]
[2026-04-22 17:18:04,659] DEBUG greenlens.worldbank_climate: WB CKP API pr/SGP returned 404
[2026-04-22 17:18:04,659] DEBUG greenlens.worldbank_climate: WB flood fallback SGP \u2192 0.450
[2026-04-22 17:18:04,761] DEBUG greenlens.worldbank_climate: WB CKP API tas/SGP returned 404
[2026-04-22 17:18:04,761] DEBUG greenlens.worldbank_climate: WB heat fallback SGP \u2192 0.700
[2026-04-22 17:18:04,785] INFO greenlens.ml_engine: Predicted bond SGP_Green_Bonds_2023: score=42.5 [Medium-Low]
[2026-04-22 17:18:05,375] DEBUG greenlens.worldbank_climate: WB CKP API pr/SGP returned 404
[2026-04-22 17:18:05,375] DEBUG greenlens.worldbank_climate: WB flood fallback SGP \u2192 0.450
[2026-04-22 17:18:05,477] DEBUG greenlens.worldbank_climate: WB CKP API tas/SGP returned 404
[2026-04-22 17:18:05,477] DEBUG greenlens.worldbank_climate: WB heat fallback SGP \u2192 0.700
[2026-04-22 17:18:05,492] INFO greenlens.ml_engine: Predicted bond SGP_Green_Bonds_2024: score=42.5 [Medium-Low]
[2026-04-22 17:18:06,092] DEBUG greenlens.worldbank_climate: WB CKP API pr/SGP returned 404
[2026-04-22 17:18:06,092] DEBUG greenlens.worldbank_climate: WB flood fallback SGP \u2192 0.450
[2026-04-22 17:18:06,161] DEBUG greenlens.worldbank_climate: WB CKP API tas/SGP returned 404
[2026-04-22 17:18:06,161] DEBUG greenlens.worldbank_climate: WB heat fallback SGP \u2192 0.700
[2026-04-22 17:18:06,179] INFO greenlens.ml_engine: Predicted bond SGP_Social_Bond_2017: score=42.5 [Medium-Low]
[2026-04-22 17:18:06,808] DEBUG greenlens.worldbank_climate: WB CKP API pr/SGP returned 404
[2026-04-22 17:18:06,808] DEBUG greenlens.worldbank_climate: WB flood fallback SGP \u2192 0.450
[2026-04-22 17:18:06,912] DEBUG greenlens.worldbank_climate: WB CKP API tas/SGP returned 404
[2026-04-22 17:18:06,912] DEBUG greenlens.worldbank_climate: WB heat fallback SGP \u2192 0.700
[2026-04-22 17:18:06,928] INFO greenlens.ml_engine: Predicted bond SGP_Social_Bond_2020: score=42.5 [Medium-Low]
[2026-04-22 17:18:07,526] DEBUG greenlens.worldbank_climate: WB CKP API pr/SGP returned 404
[2026-04-22 17:18:07,526] DEBUG greenlens.worldbank_climate: WB flood fallback SGP \u2192 0.450
[2026-04-22 17:18:07,628] DEBUG greenlens.worldbank_climate: WB CKP API tas/SGP returned 404
[2026-04-22 17:18:07,628] DEBUG greenlens.worldbank_climate: WB heat fallback SGP \u2192 0.700
[2026-04-22 17:18:07,646] INFO greenlens.ml_engine: Predicted bond SGP_Social_Bond_2022: score=42.5 [Medium-Low]
[2026-04-22 17:18:08,243] DEBUG greenlens.worldbank_climate: WB CKP API pr/SGP returned 404
[2026-04-22 17:18:08,243] DEBUG greenlens.worldbank_climate: WB flood fallback SGP \u2192 0.450
[2026-04-22 17:18:08,345] DEBUG greenlens.worldbank_climate: WB CKP API tas/SGP returned 404
[2026-04-22 17:18:08,345] DEBUG greenlens.worldbank_climate: WB heat fallback SGP \u2192 0.700
[2026-04-22 17:18:08,360] INFO greenlens.ml_engine: Predicted bond SGP_Sustainabili_2021: score=42.5 [Medium-Low]
[2026-04-22 17:18:08,959] DEBUG greenlens.worldbank_climate: WB CKP API pr/SGP returned 404
[2026-04-22 17:18:08,959] DEBUG greenlens.worldbank_climate: WB flood fallback SGP \u2192 0.450
[2026-04-22 17:18:09,062] DEBUG greenlens.worldbank_climate: WB CKP API tas/SGP returned 404
[2026-04-22 17:18:09,063] DEBUG greenlens.worldbank_climate: WB heat fallback SGP \u2192 0.700
[2026-04-22 17:18:09,080] INFO greenlens.ml_engine: Predicted bond SGP_Linked_Bond_2020: score=42.5 [Medium-Low]
[2026-04-22 17:18:09,777] DEBUG greenlens.worldbank_climate: WB CKP API pr/SGP returned 404
[2026-04-22 17:18:09,778] DEBUG greenlens.worldbank_climate: WB flood fallback SGP \u2192 0.450
[2026-04-22 17:18:09,880] DEBUG greenlens.worldbank_climate: WB CKP API tas/SGP returned 404
[2026-04-22 17:18:09,880] DEBUG greenlens.worldbank_climate: WB heat fallback SGP \u2192 0.700
[2026-04-22 17:18:09,902] INFO greenlens.ml_engine: Predicted bond SGP_Linked_Bond_2021: score=42.5 [Medium-Low]
[2026-04-22 17:18:10,597] DEBUG greenlens.worldbank_climate: WB CKP API pr/SGP returned 404
[2026-04-22 17:18:10,597] DEBUG greenlens.worldbank_climate: WB flood fallback SGP \u2192 0.450
[2026-04-22 17:18:10,701] DEBUG greenlens.worldbank_climate: WB CKP API tas/SGP returned 404
[2026-04-22 17:18:10,701] DEBUG greenlens.worldbank_climate: WB heat fallback SGP \u2192 0.700
[2026-04-22 17:18:10,716] INFO greenlens.ml_engine: Predicted bond SGP_Linked_Bond_2022: score=42.5 [Medium-Low]
[2026-04-22 17:18:11,315] DEBUG greenlens.worldbank_climate: WB CKP API pr/SGP returned 404
[2026-04-22 17:18:11,315] DEBUG greenlens.worldbank_climate: WB flood fallback SGP \u2192 0.450
[2026-04-22 17:18:11,416] DEBUG greenlens.worldbank_climate: WB CKP API tas/SGP returned 404
[2026-04-22 17:18:11,416] DEBUG greenlens.worldbank_climate: WB heat fallback SGP \u2192 0.700
[2026-04-22 17:18:11,431] INFO greenlens.ml_engine: Predicted bond SGP_Linked_Bond_2024: score=42.5 [Medium-Low]
[2026-04-22 17:18:11,861] DEBUG greenlens.worldbank_climate: WB CKP API pr/SVK returned 404
[2026-04-22 17:18:11,862] DEBUG greenlens.worldbank_climate: WB flood fallback SVK \u2192 0.400
[2026-04-22 17:18:11,937] DEBUG greenlens.worldbank_climate: WB CKP API tas/SVK returned 404
[2026-04-22 17:18:11,937] DEBUG greenlens.worldbank_climate: WB heat fallback SVK \u2192 0.450
[2026-04-22 17:18:11,954] INFO greenlens.ml_engine: Predicted bond SVK_Green_Bonds_2021: score=31.8 [Medium-Low]
[2026-04-22 17:18:12,548] DEBUG greenlens.worldbank_climate: WB CKP API pr/SVK returned 404
[2026-04-22 17:18:12,548] DEBUG greenlens.worldbank_climate: WB flood fallback SVK \u2192 0.400
[2026-04-22 17:18:12,657] DEBUG greenlens.worldbank_climate: WB CKP API tas/SVK returned 404
[2026-04-22 17:18:12,657] DEBUG greenlens.worldbank_climate: WB heat fallback SVK \u2192 0.450
[2026-04-22 17:18:12,674] INFO greenlens.ml_engine: Predicted bond SVK_Green_Bonds_2022: score=31.8 [Medium-Low]
[2026-04-22 17:18:13,361] DEBUG greenlens.worldbank_climate: WB CKP API pr/SVK returned 404
[2026-04-22 17:18:13,361] DEBUG greenlens.worldbank_climate: WB flood fallback SVK \u2192 0.400
[2026-04-22 17:18:13,465] DEBUG greenlens.worldbank_climate: WB CKP API tas/SVK returned 404
[2026-04-22 17:18:13,465] DEBUG greenlens.worldbank_climate: WB heat fallback SVK \u2192 0.450
[2026-04-22 17:18:13,485] INFO greenlens.ml_engine: Predicted bond SVK_Green_Bonds_2023: score=31.8 [Medium-Low]
[2026-04-22 17:18:13,976] DEBUG greenlens.worldbank_climate: WB CKP API pr/SVK returned 404
[2026-04-22 17:18:13,976] DEBUG greenlens.worldbank_climate: WB flood fallback SVK \u2192 0.400
[2026-04-22 17:18:14,079] DEBUG greenlens.worldbank_climate: WB CKP API tas/SVK returned 404
[2026-04-22 17:18:14,079] DEBUG greenlens.worldbank_climate: WB heat fallback SVK \u2192 0.450
[2026-04-22 17:18:14,101] INFO greenlens.ml_engine: Predicted bond SVK_Green_Bonds_2024: score=31.8 [Medium-Low]
[2026-04-22 17:18:14,694] DEBUG greenlens.worldbank_climate: WB CKP API pr/SVN returned 404
[2026-04-22 17:18:14,694] DEBUG greenlens.worldbank_climate: WB flood fallback SVN \u2192 0.400
[2026-04-22 17:18:14,795] DEBUG greenlens.worldbank_climate: WB CKP API tas/SVN returned 404
[2026-04-22 17:18:14,795] DEBUG greenlens.worldbank_climate: WB heat fallback SVN \u2192 0.450
[2026-04-22 17:18:14,820] INFO greenlens.ml_engine: Predicted bond SVN_Green_Bonds_2018: score=31.8 [Medium-Low]
[2026-04-22 17:18:15,376] DEBUG greenlens.worldbank_climate: WB CKP API pr/SVN returned 404
[2026-04-22 17:18:15,376] DEBUG greenlens.worldbank_climate: WB flood fallback SVN \u2192 0.400
[2026-04-22 17:18:15,513] DEBUG greenlens.worldbank_climate: WB CKP API tas/SVN returned 404
[2026-04-22 17:18:15,514] DEBUG greenlens.worldbank_climate: WB heat fallback SVN \u2192 0.450
[2026-04-22 17:18:15,531] INFO greenlens.ml_engine: Predicted bond SVN_Green_Bonds_2023: score=31.8 [Medium-Low]
[2026-04-22 17:18:16,127] DEBUG greenlens.worldbank_climate: WB CKP API pr/SVN returned 404
[2026-04-22 17:18:16,128] DEBUG greenlens.worldbank_climate: WB flood fallback SVN \u2192 0.400
[2026-04-22 17:18:16,229] DEBUG greenlens.worldbank_climate: WB CKP API tas/SVN returned 404
[2026-04-22 17:18:16,229] DEBUG greenlens.worldbank_climate: WB heat fallback SVN \u2192 0.450
[2026-04-22 17:18:16,251] INFO greenlens.ml_engine: Predicted bond SVN_Green_Bonds_2024: score=31.8 [Medium-Low]
[2026-04-22 17:18:16,843] DEBUG greenlens.worldbank_climate: WB CKP API pr/SVN returned 404
[2026-04-22 17:18:16,844] DEBUG greenlens.worldbank_climate: WB flood fallback SVN \u2192 0.400
[2026-04-22 17:18:16,946] DEBUG greenlens.worldbank_climate: WB CKP API tas/SVN returned 404
[2026-04-22 17:18:16,947] DEBUG greenlens.worldbank_climate: WB heat fallback SVN \u2192 0.450
[2026-04-22 17:18:16,966] INFO greenlens.ml_engine: Predicted bond SVN_Social_Bond_2024: score=31.8 [Medium-Low]
[2026-04-22 17:18:17,508] DEBUG greenlens.worldbank_climate: WB CKP API pr/SVN returned 404
[2026-04-22 17:18:17,509] DEBUG greenlens.worldbank_climate: WB flood fallback SVN \u2192 0.400
[2026-04-22 17:18:17,966] DEBUG greenlens.worldbank_climate: WB CKP API tas/SVN returned 404
[2026-04-22 17:18:17,966] DEBUG greenlens.worldbank_climate: WB heat fallback SVN \u2192 0.450
[2026-04-22 17:18:17,988] INFO greenlens.ml_engine: Predicted bond SVN_Sustainabili_2021: score=31.8 [Medium-Low]
[2026-04-22 17:18:18,642] DEBUG greenlens.worldbank_climate: WB CKP API pr/SVN returned 404
[2026-04-22 17:18:18,642] DEBUG greenlens.worldbank_climate: WB flood fallback SVN \u2192 0.400
[2026-04-22 17:18:18,712] DEBUG greenlens.worldbank_climate: WB CKP API tas/SVN returned 404
[2026-04-22 17:18:18,712] DEBUG greenlens.worldbank_climate: WB heat fallback SVN \u2192 0.450
[2026-04-22 17:18:18,727] INFO greenlens.ml_engine: Predicted bond SVN_Sustainabili_2023: score=31.8 [Medium-Low]
[2026-04-22 17:18:19,507] DEBUG greenlens.worldbank_climate: WB CKP API pr/ZAF returned 404
[2026-04-22 17:18:19,507] DEBUG greenlens.worldbank_climate: WB flood fallback ZAF \u2192 0.400
[2026-04-22 17:18:19,608] DEBUG greenlens.worldbank_climate: WB CKP API tas/ZAF returned 404
[2026-04-22 17:18:19,608] DEBUG greenlens.worldbank_climate: WB heat fallback ZAF \u2192 0.550
[2026-04-22 17:18:19,629] INFO greenlens.ml_engine: Predicted bond ZAF_Green_Bonds_2014: score=35.2 [Medium-Low]
[2026-04-22 17:18:20,184] DEBUG greenlens.worldbank_climate: WB CKP API pr/ZAF returned 404
[2026-04-22 17:18:20,184] DEBUG greenlens.worldbank_climate: WB flood fallback ZAF \u2192 0.400
[2026-04-22 17:18:20,328] DEBUG greenlens.worldbank_climate: WB CKP API tas/ZAF returned 404
[2026-04-22 17:18:20,328] DEBUG greenlens.worldbank_climate: WB heat fallback ZAF \u2192 0.550
[2026-04-22 17:18:20,340] INFO greenlens.ml_engine: Predicted bond ZAF_Green_Bonds_2017: score=35.2 [Medium-Low]
[2026-04-22 17:18:21,349] DEBUG greenlens.worldbank_climate: WB CKP API pr/ZAF returned 404
[2026-04-22 17:18:21,349] DEBUG greenlens.worldbank_climate: WB flood fallback ZAF \u2192 0.400
[2026-04-22 17:18:21,452] DEBUG greenlens.worldbank_climate: WB CKP API tas/ZAF returned 404
[2026-04-22 17:18:21,453] DEBUG greenlens.worldbank_climate: WB heat fallback ZAF \u2192 0.550
[2026-04-22 17:18:21,468] INFO greenlens.ml_engine: Predicted bond ZAF_Green_Bonds_2018: score=35.2 [Medium-Low]
[2026-04-22 17:18:22,050] DEBUG greenlens.worldbank_climate: WB CKP API pr/ZAF returned 404
[2026-04-22 17:18:22,051] DEBUG greenlens.worldbank_climate: WB flood fallback ZAF \u2192 0.400
[2026-04-22 17:18:22,168] DEBUG greenlens.worldbank_climate: WB CKP API tas/ZAF returned 404
[2026-04-22 17:18:22,168] DEBUG greenlens.worldbank_climate: WB heat fallback ZAF \u2192 0.550
[2026-04-22 17:18:22,183] INFO greenlens.ml_engine: Predicted bond ZAF_Green_Bonds_2019: score=35.2 [Medium-Low]
[2026-04-22 17:18:22,894] DEBUG greenlens.worldbank_climate: WB CKP API pr/ZAF returned 404
[2026-04-22 17:18:22,894] DEBUG greenlens.worldbank_climate: WB flood fallback ZAF \u2192 0.400
[2026-04-22 17:18:22,961] DEBUG greenlens.worldbank_climate: WB CKP API tas/ZAF returned 404
[2026-04-22 17:18:22,962] DEBUG greenlens.worldbank_climate: WB heat fallback ZAF \u2192 0.550
[2026-04-22 17:18:22,977] INFO greenlens.ml_engine: Predicted bond ZAF_Green_Bonds_2020: score=35.2 [Medium-Low]
[2026-04-22 17:18:23,603] DEBUG greenlens.worldbank_climate: WB CKP API pr/ZAF returned 404
[2026-04-22 17:18:23,603] DEBUG greenlens.worldbank_climate: WB flood fallback ZAF \u2192 0.400
[2026-04-22 17:18:23,706] DEBUG greenlens.worldbank_climate: WB CKP API tas/ZAF returned 404
[2026-04-22 17:18:23,706] DEBUG greenlens.worldbank_climate: WB heat fallback ZAF \u2192 0.550
[2026-04-22 17:18:23,720] INFO greenlens.ml_engine: Predicted bond ZAF_Green_Bonds_2021: score=35.2 [Medium-Low]
[2026-04-22 17:18:24,422] DEBUG greenlens.worldbank_climate: WB CKP API pr/ZAF returned 404
[2026-04-22 17:18:24,422] DEBUG greenlens.worldbank_climate: WB flood fallback ZAF \u2192 0.400
[2026-04-22 17:18:24,528] DEBUG greenlens.worldbank_climate: WB CKP API tas/ZAF returned 404
[2026-04-22 17:18:24,528] DEBUG greenlens.worldbank_climate: WB heat fallback ZAF \u2192 0.550
[2026-04-22 17:18:24,543] INFO greenlens.ml_engine: Predicted bond ZAF_Green_Bonds_2022: score=35.2 [Medium-Low]
[2026-04-22 17:18:25,224] DEBUG greenlens.worldbank_climate: WB CKP API pr/ZAF returned 404
[2026-04-22 17:18:25,225] DEBUG greenlens.worldbank_climate: WB flood fallback ZAF \u2192 0.400
[2026-04-22 17:18:25,319] DEBUG greenlens.worldbank_climate: WB CKP API tas/ZAF returned 404
[2026-04-22 17:18:25,319] DEBUG greenlens.worldbank_climate: WB heat fallback ZAF \u2192 0.550
[2026-04-22 17:18:25,334] INFO greenlens.ml_engine: Predicted bond ZAF_Green_Bonds_2023: score=35.2 [Medium-Low]
[2026-04-22 17:18:25,915] DEBUG greenlens.worldbank_climate: WB CKP API pr/ZAF returned 404
[2026-04-22 17:18:25,915] DEBUG greenlens.worldbank_climate: WB flood fallback ZAF \u2192 0.400
[2026-04-22 17:18:26,060] DEBUG greenlens.worldbank_climate: WB CKP API tas/ZAF returned 404
[2026-04-22 17:18:26,061] DEBUG greenlens.worldbank_climate: WB heat fallback ZAF \u2192 0.550
[2026-04-22 17:18:26,077] INFO greenlens.ml_engine: Predicted bond ZAF_Green_Bonds_2024: score=35.2 [Medium-Low]
[2026-04-22 17:18:26,674] DEBUG greenlens.worldbank_climate: WB CKP API pr/ZAF returned 404
[2026-04-22 17:18:26,674] DEBUG greenlens.worldbank_climate: WB flood fallback ZAF \u2192 0.400
[2026-04-22 17:18:26,776] DEBUG greenlens.worldbank_climate: WB CKP API tas/ZAF returned 404
[2026-04-22 17:18:26,777] DEBUG greenlens.worldbank_climate: WB heat fallback ZAF \u2192 0.550
[2026-04-22 17:18:26,789] INFO greenlens.ml_engine: Predicted bond ZAF_Social_Bond_2021: score=35.2 [Medium-Low]
[2026-04-22 17:18:27,391] DEBUG greenlens.worldbank_climate: WB CKP API pr/ZAF returned 404
[2026-04-22 17:18:27,391] DEBUG greenlens.worldbank_climate: WB flood fallback ZAF \u2192 0.400
[2026-04-22 17:18:27,493] DEBUG greenlens.worldbank_climate: WB CKP API tas/ZAF returned 404
[2026-04-22 17:18:27,494] DEBUG greenlens.worldbank_climate: WB heat fallback ZAF \u2192 0.550
[2026-04-22 17:18:27,516] INFO greenlens.ml_engine: Predicted bond ZAF_Sustainabili_2022: score=35.2 [Medium-Low]
[2026-04-22 17:18:28,007] DEBUG greenlens.worldbank_climate: WB CKP API pr/ZAF returned 404
[2026-04-22 17:18:28,008] DEBUG greenlens.worldbank_climate: WB flood fallback ZAF \u2192 0.400
[2026-04-22 17:18:28,108] DEBUG greenlens.worldbank_climate: WB CKP API tas/ZAF returned 404
[2026-04-22 17:18:28,108] DEBUG greenlens.worldbank_climate: WB heat fallback ZAF \u2192 0.550
[2026-04-22 17:18:28,122] INFO greenlens.ml_engine: Predicted bond ZAF_Sustainabili_2024: score=35.2 [Medium-Low]
[2026-04-22 17:18:28,683] DEBUG greenlens.worldbank_climate: WB CKP API pr/ZAF returned 404
[2026-04-22 17:18:28,683] DEBUG greenlens.worldbank_climate: WB flood fallback ZAF \u2192 0.400
[2026-04-22 17:18:28,828] DEBUG greenlens.worldbank_climate: WB CKP API tas/ZAF returned 404
[2026-04-22 17:18:28,828] DEBUG greenlens.worldbank_climate: WB heat fallback ZAF \u2192 0.550
[2026-04-22 17:18:28,844] INFO greenlens.ml_engine: Predicted bond ZAF_Linked_Bond_2021: score=35.2 [Medium-Low]
[2026-04-22 17:18:29,442] DEBUG greenlens.worldbank_climate: WB CKP API pr/ZAF returned 404
[2026-04-22 17:18:29,442] DEBUG greenlens.worldbank_climate: WB flood fallback ZAF \u2192 0.400
[2026-04-22 17:18:29,541] DEBUG greenlens.worldbank_climate: WB CKP API tas/ZAF returned 404
[2026-04-22 17:18:29,541] DEBUG greenlens.worldbank_climate: WB heat fallback ZAF \u2192 0.550
[2026-04-22 17:18:29,557] INFO greenlens.ml_engine: Predicted bond ZAF_Linked_Bond_2022: score=35.2 [Medium-Low]
[2026-04-22 17:18:30,258] DEBUG greenlens.worldbank_climate: WB CKP API pr/ZAF returned 404
[2026-04-22 17:18:30,258] DEBUG greenlens.worldbank_climate: WB flood fallback ZAF \u2192 0.400
[2026-04-22 17:18:30,360] DEBUG greenlens.worldbank_climate: WB CKP API tas/ZAF returned 404
[2026-04-22 17:18:30,361] DEBUG greenlens.worldbank_climate: WB heat fallback ZAF \u2192 0.550
[2026-04-22 17:18:30,379] INFO greenlens.ml_engine: Predicted bond ZAF_Linked_Bond_2024: score=35.2 [Medium-Low]
[2026-04-22 17:18:30,976] DEBUG greenlens.worldbank_climate: WB CKP API pr/ESP returned 404
[2026-04-22 17:18:30,976] DEBUG greenlens.worldbank_climate: WB flood fallback ESP \u2192 0.320
[2026-04-22 17:18:31,077] DEBUG greenlens.worldbank_climate: WB CKP API tas/ESP returned 404
[2026-04-22 17:18:31,077] DEBUG greenlens.worldbank_climate: WB heat fallback ESP \u2192 0.500
[2026-04-22 17:18:31,097] INFO greenlens.ml_engine: Predicted bond ESP_Green_Bonds_2014: score=30.3 [Medium-Low]
[2026-04-22 17:18:31,656] DEBUG greenlens.worldbank_climate: WB CKP API pr/ESP returned 404
[2026-04-22 17:18:31,657] DEBUG greenlens.worldbank_climate: WB flood fallback ESP \u2192 0.320
[2026-04-22 17:18:31,770] DEBUG greenlens.worldbank_climate: WB CKP API tas/ESP returned 404
[2026-04-22 17:18:31,770] DEBUG greenlens.worldbank_climate: WB heat fallback ESP \u2192 0.500
[2026-04-22 17:18:31,794] INFO greenlens.ml_engine: Predicted bond ESP_Green_Bonds_2016: score=30.3 [Medium-Low]
[2026-04-22 17:18:32,374] DEBUG greenlens.worldbank_climate: WB CKP API pr/ESP returned 404
[2026-04-22 17:18:32,374] DEBUG greenlens.worldbank_climate: WB flood fallback ESP \u2192 0.320
[2026-04-22 17:18:32,510] DEBUG greenlens.worldbank_climate: WB CKP API tas/ESP returned 404
[2026-04-22 17:18:32,511] DEBUG greenlens.worldbank_climate: WB heat fallback ESP \u2192 0.500
[2026-04-22 17:18:32,528] INFO greenlens.ml_engine: Predicted bond ESP_Green_Bonds_2017: score=30.3 [Medium-Low]
[2026-04-22 17:18:33,024] DEBUG greenlens.worldbank_climate: WB CKP API pr/ESP returned 404
[2026-04-22 17:18:33,024] DEBUG greenlens.worldbank_climate: WB flood fallback ESP \u2192 0.320
[2026-04-22 17:18:33,126] DEBUG greenlens.worldbank_climate: WB CKP API tas/ESP returned 404
[2026-04-22 17:18:33,126] DEBUG greenlens.worldbank_climate: WB heat fallback ESP \u2192 0.500
[2026-04-22 17:18:33,145] INFO greenlens.ml_engine: Predicted bond ESP_Green_Bonds_2018: score=30.3 [Medium-Low]
[2026-04-22 17:18:33,945] DEBUG greenlens.worldbank_climate: WB CKP API pr/ESP returned 404
[2026-04-22 17:18:33,945] DEBUG greenlens.worldbank_climate: WB flood fallback ESP \u2192 0.320
[2026-04-22 17:18:34,047] DEBUG greenlens.worldbank_climate: WB CKP API tas/ESP returned 404
[2026-04-22 17:18:34,047] DEBUG greenlens.worldbank_climate: WB heat fallback ESP \u2192 0.500
[2026-04-22 17:18:34,068] INFO greenlens.ml_engine: Predicted bond ESP_Green_Bonds_2019: score=30.3 [Medium-Low]
[2026-04-22 17:18:34,634] DEBUG greenlens.worldbank_climate: WB CKP API pr/ESP returned 404
[2026-04-22 17:18:34,634] DEBUG greenlens.worldbank_climate: WB flood fallback ESP \u2192 0.320
[2026-04-22 17:18:34,763] DEBUG greenlens.worldbank_climate: WB CKP API tas/ESP returned 404
[2026-04-22 17:18:34,763] DEBUG greenlens.worldbank_climate: WB heat fallback ESP \u2192 0.500
[2026-04-22 17:18:34,780] INFO greenlens.ml_engine: Predicted bond ESP_Green_Bonds_2020: score=30.3 [Medium-Low]
[2026-04-22 17:18:35,330] DEBUG greenlens.worldbank_climate: WB CKP API pr/ESP returned 404
[2026-04-22 17:18:35,330] DEBUG greenlens.worldbank_climate: WB flood fallback ESP \u2192 0.320
[2026-04-22 17:18:35,404] DEBUG greenlens.worldbank_climate: WB CKP API tas/ESP returned 404
[2026-04-22 17:18:35,404] DEBUG greenlens.worldbank_climate: WB heat fallback ESP \u2192 0.500
[2026-04-22 17:18:35,423] INFO greenlens.ml_engine: Predicted bond ESP_Green_Bonds_2021: score=30.3 [Medium-Low]
[2026-04-22 17:18:35,994] DEBUG greenlens.worldbank_climate: WB CKP API pr/ESP returned 404
[2026-04-22 17:18:35,994] DEBUG greenlens.worldbank_climate: WB flood fallback ESP \u2192 0.320
[2026-04-22 17:18:36,095] DEBUG greenlens.worldbank_climate: WB CKP API tas/ESP returned 404
[2026-04-22 17:18:36,096] DEBUG greenlens.worldbank_climate: WB heat fallback ESP \u2192 0.500
[2026-04-22 17:18:36,119] INFO greenlens.ml_engine: Predicted bond ESP_Green_Bonds_2022: score=30.3 [Medium-Low]
[2026-04-22 17:18:36,913] DEBUG greenlens.worldbank_climate: WB CKP API pr/ESP returned 404
[2026-04-22 17:18:36,914] DEBUG greenlens.worldbank_climate: WB flood fallback ESP \u2192 0.320
[2026-04-22 17:18:37,024] DEBUG greenlens.worldbank_climate: WB CKP API tas/ESP returned 404
[2026-04-22 17:18:37,024] DEBUG greenlens.worldbank_climate: WB heat fallback ESP \u2192 0.500
[2026-04-22 17:18:37,051] INFO greenlens.ml_engine: Predicted bond ESP_Green_Bonds_2023: score=30.3 [Medium-Low]
[2026-04-22 17:18:37,835] DEBUG greenlens.worldbank_climate: WB CKP API pr/ESP returned 404
[2026-04-22 17:18:37,836] DEBUG greenlens.worldbank_climate: WB flood fallback ESP \u2192 0.320
[2026-04-22 17:18:37,939] DEBUG greenlens.worldbank_climate: WB CKP API tas/ESP returned 404
[2026-04-22 17:18:37,939] DEBUG greenlens.worldbank_climate: WB heat fallback ESP \u2192 0.500
[2026-04-22 17:18:37,959] INFO greenlens.ml_engine: Predicted bond ESP_Green_Bonds_2024: score=30.3 [Medium-Low]
[2026-04-22 17:18:38,655] DEBUG greenlens.worldbank_climate: WB CKP API pr/ESP returned 404
[2026-04-22 17:18:38,655] DEBUG greenlens.worldbank_climate: WB flood fallback ESP \u2192 0.320
[2026-04-22 17:18:38,758] DEBUG greenlens.worldbank_climate: WB CKP API tas/ESP returned 404
[2026-04-22 17:18:38,758] DEBUG greenlens.worldbank_climate: WB heat fallback ESP \u2192 0.500
[2026-04-22 17:18:38,776] INFO greenlens.ml_engine: Predicted bond ESP_Social_Bond_2015: score=30.3 [Medium-Low]
[2026-04-22 17:18:39,475] DEBUG greenlens.worldbank_climate: WB CKP API pr/ESP returned 404
[2026-04-22 17:18:39,475] DEBUG greenlens.worldbank_climate: WB flood fallback ESP \u2192 0.320
[2026-04-22 17:18:39,577] DEBUG greenlens.worldbank_climate: WB CKP API tas/ESP returned 404
[2026-04-22 17:18:39,577] DEBUG greenlens.worldbank_climate: WB heat fallback ESP \u2192 0.500
[2026-04-22 17:18:39,592] INFO greenlens.ml_engine: Predicted bond ESP_Social_Bond_2016: score=30.3 [Medium-Low]
[2026-04-22 17:18:40,190] DEBUG greenlens.worldbank_climate: WB CKP API pr/ESP returned 404
[2026-04-22 17:18:40,190] DEBUG greenlens.worldbank_climate: WB flood fallback ESP \u2192 0.320
[2026-04-22 17:18:40,294] DEBUG greenlens.worldbank_climate: WB CKP API tas/ESP returned 404
[2026-04-22 17:18:40,294] DEBUG greenlens.worldbank_climate: WB heat fallback ESP \u2192 0.500
[2026-04-22 17:18:40,311] INFO greenlens.ml_engine: Predicted bond ESP_Social_Bond_2017: score=30.3 [Medium-Low]
[2026-04-22 17:18:40,907] DEBUG greenlens.worldbank_climate: WB CKP API pr/ESP returned 404
[2026-04-22 17:18:40,907] DEBUG greenlens.worldbank_climate: WB flood fallback ESP \u2192 0.320
[2026-04-22 17:18:40,999] DEBUG greenlens.worldbank_climate: WB CKP API tas/ESP returned 404
[2026-04-22 17:18:40,999] DEBUG greenlens.worldbank_climate: WB heat fallback ESP \u2192 0.500
[2026-04-22 17:18:41,022] INFO greenlens.ml_engine: Predicted bond ESP_Social_Bond_2018: score=30.3 [Medium-Low]
[2026-04-22 17:18:41,728] DEBUG greenlens.worldbank_climate: WB CKP API pr/ESP returned 404
[2026-04-22 17:18:41,728] DEBUG greenlens.worldbank_climate: WB flood fallback ESP \u2192 0.320
[2026-04-22 17:18:41,830] DEBUG greenlens.worldbank_climate: WB CKP API tas/ESP returned 404
[2026-04-22 17:18:41,830] DEBUG greenlens.worldbank_climate: WB heat fallback ESP \u2192 0.500
[2026-04-22 17:18:41,851] INFO greenlens.ml_engine: Predicted bond ESP_Social_Bond_2019: score=30.3 [Medium-Low]
[2026-04-22 17:18:42,547] DEBUG greenlens.worldbank_climate: WB CKP API pr/ESP returned 404
[2026-04-22 17:18:42,548] DEBUG greenlens.worldbank_climate: WB flood fallback ESP \u2192 0.320
[2026-04-22 17:18:42,649] DEBUG greenlens.worldbank_climate: WB CKP API tas/ESP returned 404
[2026-04-22 17:18:42,649] DEBUG greenlens.worldbank_climate: WB heat fallback ESP \u2192 0.500
[2026-04-22 17:18:42,665] INFO greenlens.ml_engine: Predicted bond ESP_Social_Bond_2020: score=30.3 [Medium-Low]
[2026-04-22 17:18:43,263] DEBUG greenlens.worldbank_climate: WB CKP API pr/ESP returned 404
[2026-04-22 17:18:43,263] DEBUG greenlens.worldbank_climate: WB flood fallback ESP \u2192 0.320
[2026-04-22 17:18:43,328] DEBUG greenlens.worldbank_climate: WB CKP API tas/ESP returned 404
[2026-04-22 17:18:43,329] DEBUG greenlens.worldbank_climate: WB heat fallback ESP \u2192 0.500
[2026-04-22 17:18:43,343] INFO greenlens.ml_engine: Predicted bond ESP_Social_Bond_2021: score=30.3 [Medium-Low]
[2026-04-22 17:18:43,979] DEBUG greenlens.worldbank_climate: WB CKP API pr/ESP returned 404
[2026-04-22 17:18:43,979] DEBUG greenlens.worldbank_climate: WB flood fallback ESP \u2192 0.320
[2026-04-22 17:18:44,082] DEBUG greenlens.worldbank_climate: WB CKP API tas/ESP returned 404
[2026-04-22 17:18:44,082] DEBUG greenlens.worldbank_climate: WB heat fallback ESP \u2192 0.500
[2026-04-22 17:18:44,098] INFO greenlens.ml_engine: Predicted bond ESP_Social_Bond_2022: score=30.3 [Medium-Low]
[2026-04-22 17:18:44,697] DEBUG greenlens.worldbank_climate: WB CKP API pr/ESP returned 404
[2026-04-22 17:18:44,697] DEBUG greenlens.worldbank_climate: WB flood fallback ESP \u2192 0.320
[2026-04-22 17:18:44,799] DEBUG greenlens.worldbank_climate: WB CKP API tas/ESP returned 404
[2026-04-22 17:18:44,799] DEBUG greenlens.worldbank_climate: WB heat fallback ESP \u2192 0.500
[2026-04-22 17:18:44,816] INFO greenlens.ml_engine: Predicted bond ESP_Social_Bond_2023: score=30.3 [Medium-Low]
[2026-04-22 17:18:45,365] DEBUG greenlens.worldbank_climate: WB CKP API pr/ESP returned 404
[2026-04-22 17:18:45,365] DEBUG greenlens.worldbank_climate: WB flood fallback ESP \u2192 0.320
[2026-04-22 17:18:45,516] DEBUG greenlens.worldbank_climate: WB CKP API tas/ESP returned 404
[2026-04-22 17:18:45,516] DEBUG greenlens.worldbank_climate: WB heat fallback ESP \u2192 0.500
[2026-04-22 17:18:45,531] INFO greenlens.ml_engine: Predicted bond ESP_Social_Bond_2024: score=30.3 [Medium-Low]
[2026-04-22 17:18:46,236] DEBUG greenlens.worldbank_climate: WB CKP API pr/ESP returned 404
[2026-04-22 17:18:46,236] DEBUG greenlens.worldbank_climate: WB flood fallback ESP \u2192 0.320
[2026-04-22 17:18:46,335] DEBUG greenlens.worldbank_climate: WB CKP API tas/ESP returned 404
[2026-04-22 17:18:46,335] DEBUG greenlens.worldbank_climate: WB heat fallback ESP \u2192 0.500
[2026-04-22 17:18:46,353] INFO greenlens.ml_engine: Predicted bond ESP_Sustainabili_2016: score=30.3 [Medium-Low]
[2026-04-22 17:18:46,949] DEBUG greenlens.worldbank_climate: WB CKP API pr/ESP returned 404
[2026-04-22 17:18:46,949] DEBUG greenlens.worldbank_climate: WB flood fallback ESP \u2192 0.320
[2026-04-22 17:18:47,051] DEBUG greenlens.worldbank_climate: WB CKP API tas/ESP returned 404
[2026-04-22 17:18:47,052] DEBUG greenlens.worldbank_climate: WB heat fallback ESP \u2192 0.500
[2026-04-22 17:18:47,077] INFO greenlens.ml_engine: Predicted bond ESP_Sustainabili_2017: score=30.3 [Medium-Low]
[2026-04-22 17:18:47,665] DEBUG greenlens.worldbank_climate: WB CKP API pr/ESP returned 404
[2026-04-22 17:18:47,665] DEBUG greenlens.worldbank_climate: WB flood fallback ESP \u2192 0.320
[2026-04-22 17:18:47,769] DEBUG greenlens.worldbank_climate: WB CKP API tas/ESP returned 404
[2026-04-22 17:18:47,769] DEBUG greenlens.worldbank_climate: WB heat fallback ESP \u2192 0.500
[2026-04-22 17:18:47,782] INFO greenlens.ml_engine: Predicted bond ESP_Sustainabili_2018: score=30.3 [Medium-Low]
[2026-04-22 17:18:48,382] DEBUG greenlens.worldbank_climate: WB CKP API pr/ESP returned 404
[2026-04-22 17:18:48,382] DEBUG greenlens.worldbank_climate: WB flood fallback ESP \u2192 0.320
[2026-04-22 17:18:48,486] DEBUG greenlens.worldbank_climate: WB CKP API tas/ESP returned 404
[2026-04-22 17:18:48,486] DEBUG greenlens.worldbank_climate: WB heat fallback ESP \u2192 0.500
[2026-04-22 17:18:48,501] INFO greenlens.ml_engine: Predicted bond ESP_Sustainabili_2019: score=30.3 [Medium-Low]
[2026-04-22 17:18:49,201] DEBUG greenlens.worldbank_climate: WB CKP API pr/ESP returned 404
[2026-04-22 17:18:49,202] DEBUG greenlens.worldbank_climate: WB flood fallback ESP \u2192 0.320
[2026-04-22 17:18:49,304] DEBUG greenlens.worldbank_climate: WB CKP API tas/ESP returned 404
[2026-04-22 17:18:49,305] DEBUG greenlens.worldbank_climate: WB heat fallback ESP \u2192 0.500
[2026-04-22 17:18:49,322] INFO greenlens.ml_engine: Predicted bond ESP_Sustainabili_2020: score=30.3 [Medium-Low]
[2026-04-22 17:18:49,919] DEBUG greenlens.worldbank_climate: WB CKP API pr/ESP returned 404
[2026-04-22 17:18:49,919] DEBUG greenlens.worldbank_climate: WB flood fallback ESP \u2192 0.320
[2026-04-22 17:18:50,022] DEBUG greenlens.worldbank_climate: WB CKP API tas/ESP returned 404
[2026-04-22 17:18:50,022] DEBUG greenlens.worldbank_climate: WB heat fallback ESP \u2192 0.500
[2026-04-22 17:18:50,037] INFO greenlens.ml_engine: Predicted bond ESP_Sustainabili_2021: score=30.3 [Medium-Low]
[2026-04-22 17:18:50,636] DEBUG greenlens.worldbank_climate: WB CKP API pr/ESP returned 404
[2026-04-22 17:18:50,636] DEBUG greenlens.worldbank_climate: WB flood fallback ESP \u2192 0.320
[2026-04-22 17:18:50,738] DEBUG greenlens.worldbank_climate: WB CKP API tas/ESP returned 404
[2026-04-22 17:18:50,738] DEBUG greenlens.worldbank_climate: WB heat fallback ESP \u2192 0.500
[2026-04-22 17:18:50,762] INFO greenlens.ml_engine: Predicted bond ESP_Sustainabili_2022: score=30.3 [Medium-Low]
[2026-04-22 17:18:51,360] DEBUG greenlens.worldbank_climate: WB CKP API pr/ESP returned 404
[2026-04-22 17:18:51,361] DEBUG greenlens.worldbank_climate: WB flood fallback ESP \u2192 0.320
[2026-04-22 17:18:51,453] DEBUG greenlens.worldbank_climate: WB CKP API tas/ESP returned 404
[2026-04-22 17:18:51,454] DEBUG greenlens.worldbank_climate: WB heat fallback ESP \u2192 0.500
[2026-04-22 17:18:51,479] INFO greenlens.ml_engine: Predicted bond ESP_Sustainabili_2023: score=30.3 [Medium-Low]
[2026-04-22 17:18:52,069] DEBUG greenlens.worldbank_climate: WB CKP API pr/ESP returned 404
[2026-04-22 17:18:52,070] DEBUG greenlens.worldbank_climate: WB flood fallback ESP \u2192 0.320
[2026-04-22 17:18:52,171] DEBUG greenlens.worldbank_climate: WB CKP API tas/ESP returned 404
[2026-04-22 17:18:52,171] DEBUG greenlens.worldbank_climate: WB heat fallback ESP \u2192 0.500
[2026-04-22 17:18:52,191] INFO greenlens.ml_engine: Predicted bond ESP_Sustainabili_2024: score=30.3 [Medium-Low]
[2026-04-22 17:18:52,785] DEBUG greenlens.worldbank_climate: WB CKP API pr/ESP returned 404
[2026-04-22 17:18:52,785] DEBUG greenlens.worldbank_climate: WB flood fallback ESP \u2192 0.320
[2026-04-22 17:18:52,887] DEBUG greenlens.worldbank_climate: WB CKP API tas/ESP returned 404
[2026-04-22 17:18:52,887] DEBUG greenlens.worldbank_climate: WB heat fallback ESP \u2192 0.500
[2026-04-22 17:18:52,901] INFO greenlens.ml_engine: Predicted bond ESP_Linked_Bond_2020: score=30.3 [Medium-Low]
[2026-04-22 17:18:53,503] DEBUG greenlens.worldbank_climate: WB CKP API pr/ESP returned 404
[2026-04-22 17:18:53,503] DEBUG greenlens.worldbank_climate: WB flood fallback ESP \u2192 0.320
[2026-04-22 17:18:53,605] DEBUG greenlens.worldbank_climate: WB CKP API tas/ESP returned 404
[2026-04-22 17:18:53,605] DEBUG greenlens.worldbank_climate: WB heat fallback ESP \u2192 0.500
[2026-04-22 17:18:53,619] INFO greenlens.ml_engine: Predicted bond ESP_Linked_Bond_2021: score=30.3 [Medium-Low]
[2026-04-22 17:18:54,321] DEBUG greenlens.worldbank_climate: WB CKP API pr/ESP returned 404
[2026-04-22 17:18:54,321] DEBUG greenlens.worldbank_climate: WB flood fallback ESP \u2192 0.320
[2026-04-22 17:18:54,425] DEBUG greenlens.worldbank_climate: WB CKP API tas/ESP returned 404
[2026-04-22 17:18:54,425] DEBUG greenlens.worldbank_climate: WB heat fallback ESP \u2192 0.500
[2026-04-22 17:18:54,449] INFO greenlens.ml_engine: Predicted bond ESP_Linked_Bond_2023: score=30.3 [Medium-Low]
[2026-04-22 17:18:55,039] DEBUG greenlens.worldbank_climate: WB CKP API pr/SDN returned 404
[2026-04-22 17:18:55,039] DEBUG greenlens.worldbank_climate: WB flood fallback SDN \u2192 0.400
[2026-04-22 17:18:55,141] DEBUG greenlens.worldbank_climate: WB CKP API tas/SDN returned 404
[2026-04-22 17:18:55,141] DEBUG greenlens.worldbank_climate: WB heat fallback SDN \u2192 0.450
[2026-04-22 17:18:55,166] INFO greenlens.ml_engine: Predicted bond SDN_Social_Bond_2024: score=31.8 [Medium-Low]
[2026-04-22 17:18:55,755] DEBUG greenlens.worldbank_climate: WB CKP API pr/SWE returned 404
[2026-04-22 17:18:55,755] DEBUG greenlens.worldbank_climate: WB flood fallback SWE \u2192 0.250
[2026-04-22 17:18:55,858] DEBUG greenlens.worldbank_climate: WB CKP API tas/SWE returned 404
[2026-04-22 17:18:55,858] DEBUG greenlens.worldbank_climate: WB heat fallback SWE \u2192 0.180
[2026-04-22 17:18:55,878] INFO greenlens.ml_engine: Predicted bond SWE_Green_Bonds_2013: score=16.3 [Low]
[2026-04-22 17:18:56,574] DEBUG greenlens.worldbank_climate: WB CKP API pr/SWE returned 404
[2026-04-22 17:18:56,574] DEBUG greenlens.worldbank_climate: WB flood fallback SWE \u2192 0.250
[2026-04-22 17:18:56,661] DEBUG greenlens.worldbank_climate: WB CKP API tas/SWE returned 404
[2026-04-22 17:18:56,661] DEBUG greenlens.worldbank_climate: WB heat fallback SWE \u2192 0.180
[2026-04-22 17:18:56,676] INFO greenlens.ml_engine: Predicted bond SWE_Green_Bonds_2014: score=16.3 [Low]
[2026-04-22 17:18:57,290] DEBUG greenlens.worldbank_climate: WB CKP API pr/SWE returned 404
[2026-04-22 17:18:57,290] DEBUG greenlens.worldbank_climate: WB flood fallback SWE \u2192 0.250
[2026-04-22 17:18:58,110] DEBUG greenlens.worldbank_climate: WB CKP API tas/SWE returned 404
[2026-04-22 17:18:58,110] DEBUG greenlens.worldbank_climate: WB heat fallback SWE \u2192 0.180
[2026-04-22 17:18:58,131] INFO greenlens.ml_engine: Predicted bond SWE_Green_Bonds_2015: score=16.3 [Low]
[2026-04-22 17:18:58,725] DEBUG greenlens.worldbank_climate: WB CKP API pr/SWE returned 404
[2026-04-22 17:18:58,725] DEBUG greenlens.worldbank_climate: WB flood fallback SWE \u2192 0.250
[2026-04-22 17:18:58,829] DEBUG greenlens.worldbank_climate: WB CKP API tas/SWE returned 404
[2026-04-22 17:18:58,829] DEBUG greenlens.worldbank_climate: WB heat fallback SWE \u2192 0.180
[2026-04-22 17:18:58,844] INFO greenlens.ml_engine: Predicted bond SWE_Green_Bonds_2016: score=16.3 [Low]
[2026-04-22 17:18:59,544] DEBUG greenlens.worldbank_climate: WB CKP API pr/SWE returned 404
[2026-04-22 17:18:59,544] DEBUG greenlens.worldbank_climate: WB flood fallback SWE \u2192 0.250
[2026-04-22 17:18:59,645] DEBUG greenlens.worldbank_climate: WB CKP API tas/SWE returned 404
[2026-04-22 17:18:59,645] DEBUG greenlens.worldbank_climate: WB heat fallback SWE \u2192 0.180
[2026-04-22 17:18:59,660] INFO greenlens.ml_engine: Predicted bond SWE_Green_Bonds_2017: score=16.3 [Low]
[2026-04-22 17:19:00,261] DEBUG greenlens.worldbank_climate: WB CKP API pr/SWE returned 404
[2026-04-22 17:19:00,262] DEBUG greenlens.worldbank_climate: WB flood fallback SWE \u2192 0.250
[2026-04-22 17:19:00,363] DEBUG greenlens.worldbank_climate: WB CKP API tas/SWE returned 404
[2026-04-22 17:19:00,363] DEBUG greenlens.worldbank_climate: WB heat fallback SWE \u2192 0.180
[2026-04-22 17:19:00,388] INFO greenlens.ml_engine: Predicted bond SWE_Green_Bonds_2018: score=16.3 [Low]
[2026-04-22 17:19:00,982] DEBUG greenlens.worldbank_climate: WB CKP API pr/SWE returned 404
[2026-04-22 17:19:00,982] DEBUG greenlens.worldbank_climate: WB flood fallback SWE \u2192 0.250
[2026-04-22 17:19:01,081] DEBUG greenlens.worldbank_climate: WB CKP API tas/SWE returned 404
[2026-04-22 17:19:01,081] DEBUG greenlens.worldbank_climate: WB heat fallback SWE \u2192 0.180
[2026-04-22 17:19:01,098] INFO greenlens.ml_engine: Predicted bond SWE_Green_Bonds_2019: score=16.3 [Low]
[2026-04-22 17:19:01,770] DEBUG greenlens.worldbank_climate: WB CKP API pr/SWE returned 404
[2026-04-22 17:19:01,771] DEBUG greenlens.worldbank_climate: WB flood fallback SWE \u2192 0.250
[2026-04-22 17:19:01,899] DEBUG greenlens.worldbank_climate: WB CKP API tas/SWE returned 404
[2026-04-22 17:19:01,899] DEBUG greenlens.worldbank_climate: WB heat fallback SWE \u2192 0.180
[2026-04-22 17:19:01,915] INFO greenlens.ml_engine: Predicted bond SWE_Green_Bonds_2020: score=16.3 [Low]
[2026-04-22 17:19:02,522] DEBUG greenlens.worldbank_climate: WB CKP API pr/SWE returned 404
[2026-04-22 17:19:02,522] DEBUG greenlens.worldbank_climate: WB flood fallback SWE \u2192 0.250
[2026-04-22 17:19:02,586] DEBUG greenlens.worldbank_climate: WB CKP API tas/SWE returned 404
[2026-04-22 17:19:02,586] DEBUG greenlens.worldbank_climate: WB heat fallback SWE \u2192 0.180
[2026-04-22 17:19:02,607] INFO greenlens.ml_engine: Predicted bond SWE_Green_Bonds_2021: score=16.3 [Low]
[2026-04-22 17:19:03,231] DEBUG greenlens.worldbank_climate: WB CKP API pr/SWE returned 404
[2026-04-22 17:19:03,231] DEBUG greenlens.worldbank_climate: WB flood fallback SWE \u2192 0.250
[2026-04-22 17:19:03,333] DEBUG greenlens.worldbank_climate: WB CKP API tas/SWE returned 404
[2026-04-22 17:19:03,333] DEBUG greenlens.worldbank_climate: WB heat fallback SWE \u2192 0.180
[2026-04-22 17:19:03,347] INFO greenlens.ml_engine: Predicted bond SWE_Green_Bonds_2022: score=16.3 [Low]
[2026-04-22 17:19:04,012] DEBUG greenlens.worldbank_climate: WB CKP API pr/SWE returned 404
[2026-04-22 17:19:04,012] DEBUG greenlens.worldbank_climate: WB flood fallback SWE \u2192 0.250
[2026-04-22 17:19:04,152] DEBUG greenlens.worldbank_climate: WB CKP API tas/SWE returned 404
[2026-04-22 17:19:04,153] DEBUG greenlens.worldbank_climate: WB heat fallback SWE \u2192 0.180
[2026-04-22 17:19:04,170] INFO greenlens.ml_engine: Predicted bond SWE_Green_Bonds_2023: score=16.3 [Low]
[2026-04-22 17:19:04,766] DEBUG greenlens.worldbank_climate: WB CKP API pr/SWE returned 404
[2026-04-22 17:19:04,766] DEBUG greenlens.worldbank_climate: WB flood fallback SWE \u2192 0.250
[2026-04-22 17:19:04,869] DEBUG greenlens.worldbank_climate: WB CKP API tas/SWE returned 404
[2026-04-22 17:19:04,869] DEBUG greenlens.worldbank_climate: WB heat fallback SWE \u2192 0.180
[2026-04-22 17:19:04,886] INFO greenlens.ml_engine: Predicted bond SWE_Green_Bonds_2024: score=16.3 [Low]
[2026-04-22 17:19:05,440] DEBUG greenlens.worldbank_climate: WB CKP API pr/SWE returned 404
[2026-04-22 17:19:05,440] DEBUG greenlens.worldbank_climate: WB flood fallback SWE \u2192 0.250
[2026-04-22 17:19:05,585] DEBUG greenlens.worldbank_climate: WB CKP API tas/SWE returned 404
[2026-04-22 17:19:05,585] DEBUG greenlens.worldbank_climate: WB heat fallback SWE \u2192 0.180
[2026-04-22 17:19:05,606] INFO greenlens.ml_engine: Predicted bond SWE_Social_Bond_2020: score=16.3 [Low]
[2026-04-22 17:19:06,201] DEBUG greenlens.worldbank_climate: WB CKP API pr/SWE returned 404
[2026-04-22 17:19:06,201] DEBUG greenlens.worldbank_climate: WB flood fallback SWE \u2192 0.250
[2026-04-22 17:19:06,302] DEBUG greenlens.worldbank_climate: WB CKP API tas/SWE returned 404
[2026-04-22 17:19:06,302] DEBUG greenlens.worldbank_climate: WB heat fallback SWE \u2192 0.180
[2026-04-22 17:19:06,321] INFO greenlens.ml_engine: Predicted bond SWE_Social_Bond_2021: score=16.3 [Low]
[2026-04-22 17:19:07,018] DEBUG greenlens.worldbank_climate: WB CKP API pr/SWE returned 404
[2026-04-22 17:19:07,019] DEBUG greenlens.worldbank_climate: WB flood fallback SWE \u2192 0.250
[2026-04-22 17:19:07,121] DEBUG greenlens.worldbank_climate: WB CKP API tas/SWE returned 404
[2026-04-22 17:19:07,122] DEBUG greenlens.worldbank_climate: WB heat fallback SWE \u2192 0.180
[2026-04-22 17:19:07,139] INFO greenlens.ml_engine: Predicted bond SWE_Social_Bond_2022: score=16.3 [Low]
[2026-04-22 17:19:07,736] DEBUG greenlens.worldbank_climate: WB CKP API pr/SWE returned 404
[2026-04-22 17:19:07,736] DEBUG greenlens.worldbank_climate: WB flood fallback SWE \u2192 0.250
[2026-04-22 17:19:07,839] DEBUG greenlens.worldbank_climate: WB CKP API tas/SWE returned 404
[2026-04-22 17:19:07,839] DEBUG greenlens.worldbank_climate: WB heat fallback SWE \u2192 0.180
[2026-04-22 17:19:07,853] INFO greenlens.ml_engine: Predicted bond SWE_Social_Bond_2023: score=16.3 [Low]
[2026-04-22 17:19:08,453] DEBUG greenlens.worldbank_climate: WB CKP API pr/SWE returned 404
[2026-04-22 17:19:08,453] DEBUG greenlens.worldbank_climate: WB flood fallback SWE \u2192 0.250
[2026-04-22 17:19:08,555] DEBUG greenlens.worldbank_climate: WB CKP API tas/SWE returned 404
[2026-04-22 17:19:08,555] DEBUG greenlens.worldbank_climate: WB heat fallback SWE \u2192 0.180
[2026-04-22 17:19:08,578] INFO greenlens.ml_engine: Predicted bond SWE_Social_Bond_2024: score=16.3 [Low]
[2026-04-22 17:19:09,134] DEBUG greenlens.worldbank_climate: WB CKP API pr/SWE returned 404
[2026-04-22 17:19:09,134] DEBUG greenlens.worldbank_climate: WB flood fallback SWE \u2192 0.250
[2026-04-22 17:19:09,272] DEBUG greenlens.worldbank_climate: WB CKP API tas/SWE returned 404
[2026-04-22 17:19:09,272] DEBUG greenlens.worldbank_climate: WB heat fallback SWE \u2192 0.180
[2026-04-22 17:19:09,299] INFO greenlens.ml_engine: Predicted bond SWE_Sustainabili_2016: score=16.3 [Low]
[2026-04-22 17:19:09,885] DEBUG greenlens.worldbank_climate: WB CKP API pr/SWE returned 404
[2026-04-22 17:19:09,885] DEBUG greenlens.worldbank_climate: WB flood fallback SWE \u2192 0.250
[2026-04-22 17:19:09,988] DEBUG greenlens.worldbank_climate: WB CKP API tas/SWE returned 404
[2026-04-22 17:19:09,988] DEBUG greenlens.worldbank_climate: WB heat fallback SWE \u2192 0.180
[2026-04-22 17:19:10,006] INFO greenlens.ml_engine: Predicted bond SWE_Sustainabili_2019: score=16.3 [Low]
[2026-04-22 17:19:10,808] DEBUG greenlens.worldbank_climate: WB CKP API pr/SWE returned 404
[2026-04-22 17:19:10,808] DEBUG greenlens.worldbank_climate: WB flood fallback SWE \u2192 0.250
[2026-04-22 17:19:10,910] DEBUG greenlens.worldbank_climate: WB CKP API tas/SWE returned 404
[2026-04-22 17:19:10,910] DEBUG greenlens.worldbank_climate: WB heat fallback SWE \u2192 0.180
[2026-04-22 17:19:10,929] INFO greenlens.ml_engine: Predicted bond SWE_Sustainabili_2020: score=16.3 [Low]
[2026-04-22 17:19:11,745] DEBUG greenlens.worldbank_climate: WB CKP API pr/SWE returned 404
[2026-04-22 17:19:11,745] DEBUG greenlens.worldbank_climate: WB flood fallback SWE \u2192 0.250
[2026-04-22 17:19:11,832] DEBUG greenlens.worldbank_climate: WB CKP API tas/SWE returned 404
[2026-04-22 17:19:11,832] DEBUG greenlens.worldbank_climate: WB heat fallback SWE \u2192 0.180
[2026-04-22 17:19:11,848] INFO greenlens.ml_engine: Predicted bond SWE_Sustainabili_2021: score=16.3 [Low]
[2026-04-22 17:19:12,447] DEBUG greenlens.worldbank_climate: WB CKP API pr/SWE returned 404
[2026-04-22 17:19:12,447] DEBUG greenlens.worldbank_climate: WB flood fallback SWE \u2192 0.250
[2026-04-22 17:19:12,550] DEBUG greenlens.worldbank_climate: WB CKP API tas/SWE returned 404
[2026-04-22 17:19:12,550] DEBUG greenlens.worldbank_climate: WB heat fallback SWE \u2192 0.180
[2026-04-22 17:19:12,568] INFO greenlens.ml_engine: Predicted bond SWE_Sustainabili_2022: score=16.3 [Low]
[2026-04-22 17:19:13,162] DEBUG greenlens.worldbank_climate: WB CKP API pr/SWE returned 404
[2026-04-22 17:19:13,162] DEBUG greenlens.worldbank_climate: WB flood fallback SWE \u2192 0.250
[2026-04-22 17:19:13,266] DEBUG greenlens.worldbank_climate: WB CKP API tas/SWE returned 404
[2026-04-22 17:19:13,266] DEBUG greenlens.worldbank_climate: WB heat fallback SWE \u2192 0.180
[2026-04-22 17:19:13,284] INFO greenlens.ml_engine: Predicted bond SWE_Sustainabili_2023: score=16.3 [Low]
[2026-04-22 17:19:13,880] DEBUG greenlens.worldbank_climate: WB CKP API pr/SWE returned 404
[2026-04-22 17:19:13,880] DEBUG greenlens.worldbank_climate: WB flood fallback SWE \u2192 0.250
[2026-04-22 17:19:13,983] DEBUG greenlens.worldbank_climate: WB CKP API tas/SWE returned 404
[2026-04-22 17:19:13,984] DEBUG greenlens.worldbank_climate: WB heat fallback SWE \u2192 0.180
[2026-04-22 17:19:14,009] INFO greenlens.ml_engine: Predicted bond SWE_Sustainabili_2024: score=16.3 [Low]
[2026-04-22 17:19:14,698] DEBUG greenlens.worldbank_climate: WB CKP API pr/SWE returned 404
[2026-04-22 17:19:14,699] DEBUG greenlens.worldbank_climate: WB flood fallback SWE \u2192 0.250
[2026-04-22 17:19:14,805] DEBUG greenlens.worldbank_climate: WB CKP API tas/SWE returned 404
[2026-04-22 17:19:14,805] DEBUG greenlens.worldbank_climate: WB heat fallback SWE \u2192 0.180
[2026-04-22 17:19:14,821] INFO greenlens.ml_engine: Predicted bond SWE_Linked_Bond_2021: score=16.3 [Low]
[2026-04-22 17:19:15,620] DEBUG greenlens.worldbank_climate: WB CKP API pr/SWE returned 404
[2026-04-22 17:19:15,620] DEBUG greenlens.worldbank_climate: WB flood fallback SWE \u2192 0.250
[2026-04-22 17:19:15,724] DEBUG greenlens.worldbank_climate: WB CKP API tas/SWE returned 404
[2026-04-22 17:19:15,724] DEBUG greenlens.worldbank_climate: WB heat fallback SWE \u2192 0.180
[2026-04-22 17:19:15,745] INFO greenlens.ml_engine: Predicted bond SWE_Linked_Bond_2022: score=16.3 [Low]
[2026-04-22 17:19:16,337] DEBUG greenlens.worldbank_climate: WB CKP API pr/SWE returned 404
[2026-04-22 17:19:16,337] DEBUG greenlens.worldbank_climate: WB flood fallback SWE \u2192 0.250
[2026-04-22 17:19:16,439] DEBUG greenlens.worldbank_climate: WB CKP API tas/SWE returned 404
[2026-04-22 17:19:16,439] DEBUG greenlens.worldbank_climate: WB heat fallback SWE \u2192 0.180
[2026-04-22 17:19:16,457] INFO greenlens.ml_engine: Predicted bond SWE_Linked_Bond_2023: score=16.3 [Low]
[2026-04-22 17:19:17,054] DEBUG greenlens.worldbank_climate: WB CKP API pr/SWE returned 404
[2026-04-22 17:19:17,055] DEBUG greenlens.worldbank_climate: WB flood fallback SWE \u2192 0.250
[2026-04-22 17:19:17,156] DEBUG greenlens.worldbank_climate: WB CKP API tas/SWE returned 404
[2026-04-22 17:19:17,157] DEBUG greenlens.worldbank_climate: WB heat fallback SWE \u2192 0.180
[2026-04-22 17:19:17,182] INFO greenlens.ml_engine: Predicted bond SWE_Linked_Bond_2024: score=16.3 [Low]
[2026-04-22 17:19:17,977] DEBUG greenlens.worldbank_climate: WB CKP API pr/CHE returned 404
[2026-04-22 17:19:17,977] DEBUG greenlens.worldbank_climate: WB flood fallback CHE \u2192 0.320
[2026-04-22 17:19:18,078] DEBUG greenlens.worldbank_climate: WB CKP API tas/CHE returned 404
[2026-04-22 17:19:18,078] DEBUG greenlens.worldbank_climate: WB heat fallback CHE \u2192 0.280
[2026-04-22 17:19:18,097] INFO greenlens.ml_engine: Predicted bond CHE_Green_Bonds_2015: score=22.6 [Medium-Low]
[2026-04-22 17:19:18,899] DEBUG greenlens.worldbank_climate: WB CKP API pr/CHE returned 404
[2026-04-22 17:19:18,899] DEBUG greenlens.worldbank_climate: WB flood fallback CHE \u2192 0.320
[2026-04-22 17:19:18,999] DEBUG greenlens.worldbank_climate: WB CKP API tas/CHE returned 404
[2026-04-22 17:19:19,000] DEBUG greenlens.worldbank_climate: WB heat fallback CHE \u2192 0.280
[2026-04-22 17:19:19,018] INFO greenlens.ml_engine: Predicted bond CHE_Green_Bonds_2016: score=22.6 [Medium-Low]
[2026-04-22 17:19:19,921] DEBUG greenlens.worldbank_climate: WB CKP API pr/CHE returned 404
[2026-04-22 17:19:19,921] DEBUG greenlens.worldbank_climate: WB flood fallback CHE \u2192 0.320
[2026-04-22 17:19:19,993] DEBUG greenlens.worldbank_climate: WB CKP API tas/CHE returned 404
[2026-04-22 17:19:19,994] DEBUG greenlens.worldbank_climate: WB heat fallback CHE \u2192 0.280
[2026-04-22 17:19:20,013] INFO greenlens.ml_engine: Predicted bond CHE_Green_Bonds_2017: score=22.6 [Medium-Low]
[2026-04-22 17:19:20,740] DEBUG greenlens.worldbank_climate: WB CKP API pr/CHE returned 404
[2026-04-22 17:19:20,740] DEBUG greenlens.worldbank_climate: WB flood fallback CHE \u2192 0.320
[2026-04-22 17:19:20,842] DEBUG greenlens.worldbank_climate: WB CKP API tas/CHE returned 404
[2026-04-22 17:19:20,842] DEBUG greenlens.worldbank_climate: WB heat fallback CHE \u2192 0.280
[2026-04-22 17:19:20,860] INFO greenlens.ml_engine: Predicted bond CHE_Green_Bonds_2018: score=22.6 [Medium-Low]
[2026-04-22 17:19:21,514] DEBUG greenlens.worldbank_climate: WB CKP API pr/CHE returned 404
[2026-04-22 17:19:21,514] DEBUG greenlens.worldbank_climate: WB flood fallback CHE \u2192 0.320
[2026-04-22 17:19:21,662] DEBUG greenlens.worldbank_climate: WB CKP API tas/CHE returned 404
[2026-04-22 17:19:21,662] DEBUG greenlens.worldbank_climate: WB heat fallback CHE \u2192 0.280
[2026-04-22 17:19:21,685] INFO greenlens.ml_engine: Predicted bond CHE_Green_Bonds_2019: score=22.6 [Medium-Low]
[2026-04-22 17:19:22,299] DEBUG greenlens.worldbank_climate: WB CKP API pr/CHE returned 404
[2026-04-22 17:19:22,299] DEBUG greenlens.worldbank_climate: WB flood fallback CHE \u2192 0.320
[2026-04-22 17:19:22,364] DEBUG greenlens.worldbank_climate: WB CKP API tas/CHE returned 404
[2026-04-22 17:19:22,364] DEBUG greenlens.worldbank_climate: WB heat fallback CHE \u2192 0.280
[2026-04-22 17:19:22,385] INFO greenlens.ml_engine: Predicted bond CHE_Green_Bonds_2020: score=22.6 [Medium-Low]
[2026-04-22 17:19:22,993] DEBUG greenlens.worldbank_climate: WB CKP API pr/CHE returned 404
[2026-04-22 17:19:22,993] DEBUG greenlens.worldbank_climate: WB flood fallback CHE \u2192 0.320
[2026-04-22 17:19:23,095] DEBUG greenlens.worldbank_climate: WB CKP API tas/CHE returned 404
[2026-04-22 17:19:23,095] DEBUG greenlens.worldbank_climate: WB heat fallback CHE \u2192 0.280
[2026-04-22 17:19:23,108] INFO greenlens.ml_engine: Predicted bond CHE_Green_Bonds_2021: score=22.6 [Medium-Low]
[2026-04-22 17:19:23,710] DEBUG greenlens.worldbank_climate: WB CKP API pr/CHE returned 404
[2026-04-22 17:19:23,710] DEBUG greenlens.worldbank_climate: WB flood fallback CHE \u2192 0.320
[2026-04-22 17:19:23,812] DEBUG greenlens.worldbank_climate: WB CKP API tas/CHE returned 404
[2026-04-22 17:19:23,812] DEBUG greenlens.worldbank_climate: WB heat fallback CHE \u2192 0.280
[2026-04-22 17:19:23,828] INFO greenlens.ml_engine: Predicted bond CHE_Green_Bonds_2022: score=22.6 [Medium-Low]
[2026-04-22 17:19:24,426] DEBUG greenlens.worldbank_climate: WB CKP API pr/CHE returned 404
[2026-04-22 17:19:24,426] DEBUG greenlens.worldbank_climate: WB flood fallback CHE \u2192 0.320
[2026-04-22 17:19:24,533] DEBUG greenlens.worldbank_climate: WB CKP API tas/CHE returned 404
[2026-04-22 17:19:24,533] DEBUG greenlens.worldbank_climate: WB heat fallback CHE \u2192 0.280
[2026-04-22 17:19:24,550] INFO greenlens.ml_engine: Predicted bond CHE_Green_Bonds_2023: score=22.6 [Medium-Low]
[2026-04-22 17:19:25,145] DEBUG greenlens.worldbank_climate: WB CKP API pr/CHE returned 404
[2026-04-22 17:19:25,145] DEBUG greenlens.worldbank_climate: WB flood fallback CHE \u2192 0.320
[2026-04-22 17:19:25,246] DEBUG greenlens.worldbank_climate: WB CKP API tas/CHE returned 404
[2026-04-22 17:19:25,247] DEBUG greenlens.worldbank_climate: WB heat fallback CHE \u2192 0.280
[2026-04-22 17:19:25,267] INFO greenlens.ml_engine: Predicted bond CHE_Green_Bonds_2024: score=22.6 [Medium-Low]
[2026-04-22 17:19:25,860] DEBUG greenlens.worldbank_climate: WB CKP API pr/CHE returned 404
[2026-04-22 17:19:25,860] DEBUG greenlens.worldbank_climate: WB flood fallback CHE \u2192 0.320
[2026-04-22 17:19:25,963] DEBUG greenlens.worldbank_climate: WB CKP API tas/CHE returned 404
[2026-04-22 17:19:25,963] DEBUG greenlens.worldbank_climate: WB heat fallback CHE \u2192 0.280
[2026-04-22 17:19:25,977] INFO greenlens.ml_engine: Predicted bond CHE_Social_Bond_2022: score=22.6 [Medium-Low]
[2026-04-22 17:19:26,578] DEBUG greenlens.worldbank_climate: WB CKP API pr/CHE returned 404
[2026-04-22 17:19:26,578] DEBUG greenlens.worldbank_climate: WB flood fallback CHE \u2192 0.320
[2026-04-22 17:19:26,678] DEBUG greenlens.worldbank_climate: WB CKP API tas/CHE returned 404
[2026-04-22 17:19:26,678] DEBUG greenlens.worldbank_climate: WB heat fallback CHE \u2192 0.280
[2026-04-22 17:19:26,705] INFO greenlens.ml_engine: Predicted bond CHE_Sustainabili_2021: score=22.6 [Medium-Low]
[2026-04-22 17:19:27,397] DEBUG greenlens.worldbank_climate: WB CKP API pr/CHE returned 404
[2026-04-22 17:19:27,397] DEBUG greenlens.worldbank_climate: WB flood fallback CHE \u2192 0.320
[2026-04-22 17:19:27,499] DEBUG greenlens.worldbank_climate: WB CKP API tas/CHE returned 404
[2026-04-22 17:19:27,499] DEBUG greenlens.worldbank_climate: WB heat fallback CHE \u2192 0.280
[2026-04-22 17:19:27,524] INFO greenlens.ml_engine: Predicted bond CHE_Sustainabili_2024: score=22.6 [Medium-Low]
[2026-04-22 17:19:28,114] DEBUG greenlens.worldbank_climate: WB CKP API pr/CHE returned 404
[2026-04-22 17:19:28,114] DEBUG greenlens.worldbank_climate: WB flood fallback CHE \u2192 0.320
[2026-04-22 17:19:28,215] DEBUG greenlens.worldbank_climate: WB CKP API tas/CHE returned 404
[2026-04-22 17:19:28,215] DEBUG greenlens.worldbank_climate: WB heat fallback CHE \u2192 0.280
[2026-04-22 17:19:28,239] INFO greenlens.ml_engine: Predicted bond CHE_Linked_Bond_2022: score=22.6 [Medium-Low]
[2026-04-22 17:19:29,000] DEBUG greenlens.worldbank_climate: WB CKP API pr/TWN returned 404
[2026-04-22 17:19:29,001] DEBUG greenlens.worldbank_climate: WB flood fallback TWN \u2192 0.400
[2026-04-22 17:19:29,137] DEBUG greenlens.worldbank_climate: WB CKP API tas/TWN returned 404
[2026-04-22 17:19:29,138] DEBUG greenlens.worldbank_climate: WB heat fallback TWN \u2192 0.450
[2026-04-22 17:19:29,155] INFO greenlens.ml_engine: Predicted bond TWN_Green_Bonds_2017: score=31.8 [Medium-Low]
[2026-04-22 17:19:29,853] DEBUG greenlens.worldbank_climate: WB CKP API pr/TWN returned 404
[2026-04-22 17:19:29,854] DEBUG greenlens.worldbank_climate: WB flood fallback TWN \u2192 0.400
[2026-04-22 17:19:29,959] DEBUG greenlens.worldbank_climate: WB CKP API tas/TWN returned 404
[2026-04-22 17:19:29,959] DEBUG greenlens.worldbank_climate: WB heat fallback TWN \u2192 0.450
[2026-04-22 17:19:29,972] INFO greenlens.ml_engine: Predicted bond TWN_Green_Bonds_2018: score=31.8 [Medium-Low]
[2026-04-22 17:19:30,674] DEBUG greenlens.worldbank_climate: WB CKP API pr/TWN returned 404
[2026-04-22 17:19:30,674] DEBUG greenlens.worldbank_climate: WB flood fallback TWN \u2192 0.400
[2026-04-22 17:19:30,776] DEBUG greenlens.worldbank_climate: WB CKP API tas/TWN returned 404
[2026-04-22 17:19:30,777] DEBUG greenlens.worldbank_climate: WB heat fallback TWN \u2192 0.450
[2026-04-22 17:19:30,794] INFO greenlens.ml_engine: Predicted bond TWN_Green_Bonds_2019: score=31.8 [Medium-Low]
[2026-04-22 17:19:31,393] DEBUG greenlens.worldbank_climate: WB CKP API pr/TWN returned 404
[2026-04-22 17:19:31,394] DEBUG greenlens.worldbank_climate: WB flood fallback TWN \u2192 0.400
[2026-04-22 17:19:31,493] DEBUG greenlens.worldbank_climate: WB CKP API tas/TWN returned 404
[2026-04-22 17:19:31,493] DEBUG greenlens.worldbank_climate: WB heat fallback TWN \u2192 0.450
[2026-04-22 17:19:31,513] INFO greenlens.ml_engine: Predicted bond TWN_Green_Bonds_2020: score=31.8 [Medium-Low]
[2026-04-22 17:19:32,112] DEBUG greenlens.worldbank_climate: WB CKP API pr/TWN returned 404
[2026-04-22 17:19:32,112] DEBUG greenlens.worldbank_climate: WB flood fallback TWN \u2192 0.400
[2026-04-22 17:19:32,209] DEBUG greenlens.worldbank_climate: WB CKP API tas/TWN returned 404
[2026-04-22 17:19:32,209] DEBUG greenlens.worldbank_climate: WB heat fallback TWN \u2192 0.450
[2026-04-22 17:19:32,224] INFO greenlens.ml_engine: Predicted bond TWN_Green_Bonds_2021: score=31.8 [Medium-Low]
[2026-04-22 17:19:32,823] DEBUG greenlens.worldbank_climate: WB CKP API pr/TWN returned 404
[2026-04-22 17:19:32,824] DEBUG greenlens.worldbank_climate: WB flood fallback TWN \u2192 0.400
[2026-04-22 17:19:32,927] DEBUG greenlens.worldbank_climate: WB CKP API tas/TWN returned 404
[2026-04-22 17:19:32,927] DEBUG greenlens.worldbank_climate: WB heat fallback TWN \u2192 0.450
[2026-04-22 17:19:32,945] INFO greenlens.ml_engine: Predicted bond TWN_Green_Bonds_2022: score=31.8 [Medium-Low]
[2026-04-22 17:19:33,535] DEBUG greenlens.worldbank_climate: WB CKP API pr/TWN returned 404
[2026-04-22 17:19:33,535] DEBUG greenlens.worldbank_climate: WB flood fallback TWN \u2192 0.400
[2026-04-22 17:19:33,643] DEBUG greenlens.worldbank_climate: WB CKP API tas/TWN returned 404
[2026-04-22 17:19:33,643] DEBUG greenlens.worldbank_climate: WB heat fallback TWN \u2192 0.450
[2026-04-22 17:19:33,660] INFO greenlens.ml_engine: Predicted bond TWN_Green_Bonds_2023: score=31.8 [Medium-Low]
[2026-04-22 17:19:34,257] DEBUG greenlens.worldbank_climate: WB CKP API pr/TWN returned 404
[2026-04-22 17:19:34,257] DEBUG greenlens.worldbank_climate: WB flood fallback TWN \u2192 0.400
[2026-04-22 17:19:34,360] DEBUG greenlens.worldbank_climate: WB CKP API tas/TWN returned 404
[2026-04-22 17:19:34,361] DEBUG greenlens.worldbank_climate: WB heat fallback TWN \u2192 0.450
[2026-04-22 17:19:34,381] INFO greenlens.ml_engine: Predicted bond TWN_Green_Bonds_2024: score=31.8 [Medium-Low]
[2026-04-22 17:19:34,975] DEBUG greenlens.worldbank_climate: WB CKP API pr/TWN returned 404
[2026-04-22 17:19:34,975] DEBUG greenlens.worldbank_climate: WB flood fallback TWN \u2192 0.400
[2026-04-22 17:19:35,076] DEBUG greenlens.worldbank_climate: WB CKP API tas/TWN returned 404
[2026-04-22 17:19:35,076] DEBUG greenlens.worldbank_climate: WB heat fallback TWN \u2192 0.450
[2026-04-22 17:19:35,098] INFO greenlens.ml_engine: Predicted bond TWN_Social_Bond_2021: score=31.8 [Medium-Low]
[2026-04-22 17:19:35,792] DEBUG greenlens.worldbank_climate: WB CKP API pr/TWN returned 404
[2026-04-22 17:19:35,793] DEBUG greenlens.worldbank_climate: WB flood fallback TWN \u2192 0.400
[2026-04-22 17:19:35,896] DEBUG greenlens.worldbank_climate: WB CKP API tas/TWN returned 404
[2026-04-22 17:19:35,896] DEBUG greenlens.worldbank_climate: WB heat fallback TWN \u2192 0.450
[2026-04-22 17:19:35,922] INFO greenlens.ml_engine: Predicted bond TWN_Social_Bond_2022: score=31.8 [Medium-Low]
[2026-04-22 17:19:36,611] DEBUG greenlens.worldbank_climate: WB CKP API pr/TWN returned 404
[2026-04-22 17:19:36,611] DEBUG greenlens.worldbank_climate: WB flood fallback TWN \u2192 0.400
[2026-04-22 17:19:36,714] DEBUG greenlens.worldbank_climate: WB CKP API tas/TWN returned 404
[2026-04-22 17:19:36,714] DEBUG greenlens.worldbank_climate: WB heat fallback TWN \u2192 0.450
[2026-04-22 17:19:36,730] INFO greenlens.ml_engine: Predicted bond TWN_Social_Bond_2023: score=31.8 [Medium-Low]
[2026-04-22 17:19:37,258] DEBUG greenlens.worldbank_climate: WB CKP API pr/TWN returned 404
[2026-04-22 17:19:37,258] DEBUG greenlens.worldbank_climate: WB flood fallback TWN \u2192 0.400
[2026-04-22 17:19:37,325] DEBUG greenlens.worldbank_climate: WB CKP API tas/TWN returned 404
[2026-04-22 17:19:37,325] DEBUG greenlens.worldbank_climate: WB heat fallback TWN \u2192 0.450
[2026-04-22 17:19:37,350] INFO greenlens.ml_engine: Predicted bond TWN_Social_Bond_2024: score=31.8 [Medium-Low]
[2026-04-22 17:19:37,944] DEBUG greenlens.worldbank_climate: WB CKP API pr/TWN returned 404
[2026-04-22 17:19:37,945] DEBUG greenlens.worldbank_climate: WB flood fallback TWN \u2192 0.400
[2026-04-22 17:19:38,046] DEBUG greenlens.worldbank_climate: WB CKP API tas/TWN returned 404
[2026-04-22 17:19:38,046] DEBUG greenlens.worldbank_climate: WB heat fallback TWN \u2192 0.450
[2026-04-22 17:19:38,071] INFO greenlens.ml_engine: Predicted bond TWN_Sustainabili_2020: score=31.8 [Medium-Low]
[2026-04-22 17:19:38,763] DEBUG greenlens.worldbank_climate: WB CKP API pr/TWN returned 404
[2026-04-22 17:19:38,763] DEBUG greenlens.worldbank_climate: WB flood fallback TWN \u2192 0.400
[2026-04-22 17:19:38,867] DEBUG greenlens.worldbank_climate: WB CKP API tas/TWN returned 404
[2026-04-22 17:19:38,867] DEBUG greenlens.worldbank_climate: WB heat fallback TWN \u2192 0.450
[2026-04-22 17:19:38,885] INFO greenlens.ml_engine: Predicted bond TWN_Sustainabili_2021: score=31.8 [Medium-Low]
[2026-04-22 17:19:39,561] DEBUG greenlens.worldbank_climate: WB CKP API pr/TWN returned 404
[2026-04-22 17:19:39,561] DEBUG greenlens.worldbank_climate: WB flood fallback TWN \u2192 0.400
[2026-04-22 17:19:39,684] DEBUG greenlens.worldbank_climate: WB CKP API tas/TWN returned 404
[2026-04-22 17:19:39,684] DEBUG greenlens.worldbank_climate: WB heat fallback TWN \u2192 0.450
[2026-04-22 17:19:39,703] INFO greenlens.ml_engine: Predicted bond TWN_Sustainabili_2022: score=31.8 [Medium-Low]
[2026-04-22 17:19:40,298] DEBUG greenlens.worldbank_climate: WB CKP API pr/TWN returned 404
[2026-04-22 17:19:40,299] DEBUG greenlens.worldbank_climate: WB flood fallback TWN \u2192 0.400
[2026-04-22 17:19:40,401] DEBUG greenlens.worldbank_climate: WB CKP API tas/TWN returned 404
[2026-04-22 17:19:40,401] DEBUG greenlens.worldbank_climate: WB heat fallback TWN \u2192 0.450
[2026-04-22 17:19:40,425] INFO greenlens.ml_engine: Predicted bond TWN_Sustainabili_2023: score=31.8 [Medium-Low]
[2026-04-22 17:19:41,016] DEBUG greenlens.worldbank_climate: WB CKP API pr/TWN returned 404
[2026-04-22 17:19:41,016] DEBUG greenlens.worldbank_climate: WB flood fallback TWN \u2192 0.400
[2026-04-22 17:19:41,120] DEBUG greenlens.worldbank_climate: WB CKP API tas/TWN returned 404
[2026-04-22 17:19:41,120] DEBUG greenlens.worldbank_climate: WB heat fallback TWN \u2192 0.450
[2026-04-22 17:19:41,144] INFO greenlens.ml_engine: Predicted bond TWN_Sustainabili_2024: score=31.8 [Medium-Low]
[2026-04-22 17:19:41,837] DEBUG greenlens.worldbank_climate: WB CKP API pr/TWN returned 404
[2026-04-22 17:19:41,837] DEBUG greenlens.worldbank_climate: WB flood fallback TWN \u2192 0.400
[2026-04-22 17:19:41,937] DEBUG greenlens.worldbank_climate: WB CKP API tas/TWN returned 404
[2026-04-22 17:19:41,937] DEBUG greenlens.worldbank_climate: WB heat fallback TWN \u2192 0.450
[2026-04-22 17:19:41,954] INFO greenlens.ml_engine: Predicted bond TWN_Linked_Bond_2022: score=31.8 [Medium-Low]
[2026-04-22 17:19:42,654] DEBUG greenlens.worldbank_climate: WB CKP API pr/TWN returned 404
[2026-04-22 17:19:42,654] DEBUG greenlens.worldbank_climate: WB flood fallback TWN \u2192 0.400
[2026-04-22 17:19:42,755] DEBUG greenlens.worldbank_climate: WB CKP API tas/TWN returned 404
[2026-04-22 17:19:42,755] DEBUG greenlens.worldbank_climate: WB heat fallback TWN \u2192 0.450
[2026-04-22 17:19:42,776] INFO greenlens.ml_engine: Predicted bond TWN_Linked_Bond_2023: score=31.8 [Medium-Low]
[2026-04-22 17:19:43,475] DEBUG greenlens.worldbank_climate: WB CKP API pr/THA returned 404
[2026-04-22 17:19:43,475] DEBUG greenlens.worldbank_climate: WB flood fallback THA \u2192 0.750
[2026-04-22 17:19:43,576] DEBUG greenlens.worldbank_climate: WB CKP API tas/THA returned 404
[2026-04-22 17:19:43,577] DEBUG greenlens.worldbank_climate: WB heat fallback THA \u2192 0.780
[2026-04-22 17:19:43,594] INFO greenlens.ml_engine: Predicted bond THA_Green_Bonds_2018: score=58.0 [Medium-High]
[2026-04-22 17:19:44,190] DEBUG greenlens.worldbank_climate: WB CKP API pr/THA returned 404
[2026-04-22 17:19:44,190] DEBUG greenlens.worldbank_climate: WB flood fallback THA \u2192 0.750
[2026-04-22 17:19:44,292] DEBUG greenlens.worldbank_climate: WB CKP API tas/THA returned 404
[2026-04-22 17:19:44,292] DEBUG greenlens.worldbank_climate: WB heat fallback THA \u2192 0.780
[2026-04-22 17:19:44,311] INFO greenlens.ml_engine: Predicted bond THA_Green_Bonds_2019: score=58.0 [Medium-High]
[2026-04-22 17:19:44,906] DEBUG greenlens.worldbank_climate: WB CKP API pr/THA returned 404
[2026-04-22 17:19:44,906] DEBUG greenlens.worldbank_climate: WB flood fallback THA \u2192 0.750
[2026-04-22 17:19:45,010] DEBUG greenlens.worldbank_climate: WB CKP API tas/THA returned 404
[2026-04-22 17:19:45,010] DEBUG greenlens.worldbank_climate: WB heat fallback THA \u2192 0.780
[2026-04-22 17:19:45,026] INFO greenlens.ml_engine: Predicted bond THA_Green_Bonds_2020: score=58.0 [Medium-High]
[2026-04-22 17:19:45,593] DEBUG greenlens.worldbank_climate: WB CKP API pr/THA returned 404
[2026-04-22 17:19:45,593] DEBUG greenlens.worldbank_climate: WB flood fallback THA \u2192 0.750
[2026-04-22 17:19:45,725] DEBUG greenlens.worldbank_climate: WB CKP API tas/THA returned 404
[2026-04-22 17:19:45,725] DEBUG greenlens.worldbank_climate: WB heat fallback THA \u2192 0.780
[2026-04-22 17:19:45,742] INFO greenlens.ml_engine: Predicted bond THA_Green_Bonds_2021: score=58.0 [Medium-High]
[2026-04-22 17:19:46,238] DEBUG greenlens.worldbank_climate: WB CKP API pr/THA returned 404
[2026-04-22 17:19:46,238] DEBUG greenlens.worldbank_climate: WB flood fallback THA \u2192 0.750
[2026-04-22 17:19:46,344] DEBUG greenlens.worldbank_climate: WB CKP API tas/THA returned 404
[2026-04-22 17:19:46,344] DEBUG greenlens.worldbank_climate: WB heat fallback THA \u2192 0.780
[2026-04-22 17:19:46,360] INFO greenlens.ml_engine: Predicted bond THA_Green_Bonds_2022: score=58.0 [Medium-High]
[2026-04-22 17:19:46,923] DEBUG greenlens.worldbank_climate: WB CKP API pr/THA returned 404
[2026-04-22 17:19:46,923] DEBUG greenlens.worldbank_climate: WB flood fallback THA \u2192 0.750
[2026-04-22 17:19:47,057] DEBUG greenlens.worldbank_climate: WB CKP API tas/THA returned 404
[2026-04-22 17:19:47,057] DEBUG greenlens.worldbank_climate: WB heat fallback THA \u2192 0.780
[2026-04-22 17:19:47,076] INFO greenlens.ml_engine: Predicted bond THA_Green_Bonds_2023: score=58.0 [Medium-High]
[2026-04-22 17:19:47,978] DEBUG greenlens.worldbank_climate: WB CKP API pr/THA returned 404
[2026-04-22 17:19:47,978] DEBUG greenlens.worldbank_climate: WB flood fallback THA \u2192 0.750
[2026-04-22 17:19:48,080] DEBUG greenlens.worldbank_climate: WB CKP API tas/THA returned 404
[2026-04-22 17:19:48,080] DEBUG greenlens.worldbank_climate: WB heat fallback THA \u2192 0.780
[2026-04-22 17:19:48,105] INFO greenlens.ml_engine: Predicted bond THA_Green_Bonds_2024: score=58.0 [Medium-High]
[2026-04-22 17:19:48,779] DEBUG greenlens.worldbank_climate: WB CKP API pr/THA returned 404
[2026-04-22 17:19:48,779] DEBUG greenlens.worldbank_climate: WB flood fallback THA \u2192 0.750
[2026-04-22 17:19:49,372] DEBUG greenlens.worldbank_climate: WB CKP API tas/THA returned 404
[2026-04-22 17:19:49,373] DEBUG greenlens.worldbank_climate: WB heat fallback THA \u2192 0.780
[2026-04-22 17:19:49,394] INFO greenlens.ml_engine: Predicted bond THA_Social_Bond_2020: score=58.0 [Medium-High]
[2026-04-22 17:19:50,231] DEBUG greenlens.worldbank_climate: WB CKP API pr/THA returned 404
[2026-04-22 17:19:50,231] DEBUG greenlens.worldbank_climate: WB flood fallback THA \u2192 0.750
[2026-04-22 17:19:50,334] DEBUG greenlens.worldbank_climate: WB CKP API tas/THA returned 404
[2026-04-22 17:19:50,335] DEBUG greenlens.worldbank_climate: WB heat fallback THA \u2192 0.780
[2026-04-22 17:19:50,350] INFO greenlens.ml_engine: Predicted bond THA_Social_Bond_2021: score=58.0 [Medium-High]
[2026-04-22 17:19:50,921] DEBUG greenlens.worldbank_climate: WB CKP API pr/THA returned 404
[2026-04-22 17:19:50,921] DEBUG greenlens.worldbank_climate: WB flood fallback THA \u2192 0.750
[2026-04-22 17:19:51,051] DEBUG greenlens.worldbank_climate: WB CKP API tas/THA returned 404
[2026-04-22 17:19:51,051] DEBUG greenlens.worldbank_climate: WB heat fallback THA \u2192 0.780
[2026-04-22 17:19:51,067] INFO greenlens.ml_engine: Predicted bond THA_Social_Bond_2022: score=58.0 [Medium-High]
[2026-04-22 17:19:51,768] DEBUG greenlens.worldbank_climate: WB CKP API pr/THA returned 404
[2026-04-22 17:19:51,769] DEBUG greenlens.worldbank_climate: WB flood fallback THA \u2192 0.750
[2026-04-22 17:19:51,870] DEBUG greenlens.worldbank_climate: WB CKP API tas/THA returned 404
[2026-04-22 17:19:51,870] DEBUG greenlens.worldbank_climate: WB heat fallback THA \u2192 0.780
[2026-04-22 17:19:51,885] INFO greenlens.ml_engine: Predicted bond THA_Social_Bond_2023: score=58.0 [Medium-High]
[2026-04-22 17:19:52,488] DEBUG greenlens.worldbank_climate: WB CKP API pr/THA returned 404
[2026-04-22 17:19:52,488] DEBUG greenlens.worldbank_climate: WB flood fallback THA \u2192 0.750
[2026-04-22 17:19:52,587] DEBUG greenlens.worldbank_climate: WB CKP API tas/THA returned 404
[2026-04-22 17:19:52,587] DEBUG greenlens.worldbank_climate: WB heat fallback THA \u2192 0.780
[2026-04-22 17:19:52,612] INFO greenlens.ml_engine: Predicted bond THA_Social_Bond_2024: score=58.0 [Medium-High]
[2026-04-22 17:19:53,668] DEBUG greenlens.worldbank_climate: WB CKP API pr/THA returned 404
[2026-04-22 17:19:53,668] DEBUG greenlens.worldbank_climate: WB flood fallback THA \u2192 0.750
[2026-04-22 17:19:53,816] DEBUG greenlens.worldbank_climate: WB CKP API tas/THA returned 404
[2026-04-22 17:19:53,816] DEBUG greenlens.worldbank_climate: WB heat fallback THA \u2192 0.780
[2026-04-22 17:19:53,837] INFO greenlens.ml_engine: Predicted bond THA_Sustainabili_2020: score=58.0 [Medium-High]
[2026-04-22 17:19:54,326] DEBUG greenlens.worldbank_climate: WB CKP API pr/THA returned 404
[2026-04-22 17:19:54,326] DEBUG greenlens.worldbank_climate: WB flood fallback THA \u2192 0.750
[2026-04-22 17:19:54,430] DEBUG greenlens.worldbank_climate: WB CKP API tas/THA returned 404
[2026-04-22 17:19:54,430] DEBUG greenlens.worldbank_climate: WB heat fallback THA \u2192 0.780
[2026-04-22 17:19:54,447] INFO greenlens.ml_engine: Predicted bond THA_Sustainabili_2021: score=58.0 [Medium-High]
[2026-04-22 17:19:55,043] DEBUG greenlens.worldbank_climate: WB CKP API pr/THA returned 404
[2026-04-22 17:19:55,043] DEBUG greenlens.worldbank_climate: WB flood fallback THA \u2192 0.750
[2026-04-22 17:19:55,146] DEBUG greenlens.worldbank_climate: WB CKP API tas/THA returned 404
[2026-04-22 17:19:55,146] DEBUG greenlens.worldbank_climate: WB heat fallback THA \u2192 0.780
[2026-04-22 17:19:55,170] INFO greenlens.ml_engine: Predicted bond THA_Sustainabili_2022: score=58.0 [Medium-High]
[2026-04-22 17:19:55,924] DEBUG greenlens.worldbank_climate: WB CKP API pr/THA returned 404
[2026-04-22 17:19:55,924] DEBUG greenlens.worldbank_climate: WB flood fallback THA \u2192 0.750
[2026-04-22 17:19:56,068] DEBUG greenlens.worldbank_climate: WB CKP API tas/THA returned 404
[2026-04-22 17:19:56,068] DEBUG greenlens.worldbank_climate: WB heat fallback THA \u2192 0.780
[2026-04-22 17:19:56,084] INFO greenlens.ml_engine: Predicted bond THA_Sustainabili_2023: score=58.0 [Medium-High]
[2026-04-22 17:19:56,682] DEBUG greenlens.worldbank_climate: WB CKP API pr/THA returned 404
[2026-04-22 17:19:56,682] DEBUG greenlens.worldbank_climate: WB flood fallback THA \u2192 0.750
[2026-04-22 17:19:56,784] DEBUG greenlens.worldbank_climate: WB CKP API tas/THA returned 404
[2026-04-22 17:19:56,785] DEBUG greenlens.worldbank_climate: WB heat fallback THA \u2192 0.780
[2026-04-22 17:19:56,807] INFO greenlens.ml_engine: Predicted bond THA_Sustainabili_2024: score=58.0 [Medium-High]
[2026-04-22 17:19:57,399] DEBUG greenlens.worldbank_climate: WB CKP API pr/THA returned 404
[2026-04-22 17:19:57,399] DEBUG greenlens.worldbank_climate: WB flood fallback THA \u2192 0.750
[2026-04-22 17:19:57,501] DEBUG greenlens.worldbank_climate: WB CKP API tas/THA returned 404
[2026-04-22 17:19:57,502] DEBUG greenlens.worldbank_climate: WB heat fallback THA \u2192 0.780
[2026-04-22 17:19:57,516] INFO greenlens.ml_engine: Predicted bond THA_Linked_Bond_2021: score=58.0 [Medium-High]
[2026-04-22 17:19:58,115] DEBUG greenlens.worldbank_climate: WB CKP API pr/THA returned 404
[2026-04-22 17:19:58,116] DEBUG greenlens.worldbank_climate: WB flood fallback THA \u2192 0.750
[2026-04-22 17:19:58,218] DEBUG greenlens.worldbank_climate: WB CKP API tas/THA returned 404
[2026-04-22 17:19:58,218] DEBUG greenlens.worldbank_climate: WB heat fallback THA \u2192 0.780
[2026-04-22 17:19:58,234] INFO greenlens.ml_engine: Predicted bond THA_Linked_Bond_2022: score=58.0 [Medium-High]
[2026-04-22 17:19:58,834] DEBUG greenlens.worldbank_climate: WB CKP API pr/THA returned 404
[2026-04-22 17:19:58,834] DEBUG greenlens.worldbank_climate: WB flood fallback THA \u2192 0.750
[2026-04-22 17:19:58,936] DEBUG greenlens.worldbank_climate: WB CKP API tas/THA returned 404
[2026-04-22 17:19:58,936] DEBUG greenlens.worldbank_climate: WB heat fallback THA \u2192 0.780
[2026-04-22 17:19:58,960] INFO greenlens.ml_engine: Predicted bond THA_Linked_Bond_2023: score=58.0 [Medium-High]
[2026-04-22 17:19:59,659] DEBUG greenlens.worldbank_climate: WB CKP API pr/THA returned 404
[2026-04-22 17:19:59,660] DEBUG greenlens.worldbank_climate: WB flood fallback THA \u2192 0.750
[2026-04-22 17:19:59,756] DEBUG greenlens.worldbank_climate: WB CKP API tas/THA returned 404
[2026-04-22 17:19:59,756] DEBUG greenlens.worldbank_climate: WB heat fallback THA \u2192 0.780
[2026-04-22 17:19:59,772] INFO greenlens.ml_engine: Predicted bond THA_Linked_Bond_2024: score=58.0 [Medium-High]
[2026-04-22 17:20:00,471] DEBUG greenlens.worldbank_climate: WB CKP API pr/TGO returned 404
[2026-04-22 17:20:00,471] DEBUG greenlens.worldbank_climate: WB flood fallback TGO \u2192 0.400
[2026-04-22 17:20:00,558] DEBUG greenlens.worldbank_climate: WB CKP API tas/TGO returned 404
[2026-04-22 17:20:00,558] DEBUG greenlens.worldbank_climate: WB heat fallback TGO \u2192 0.450
[2026-04-22 17:20:00,573] INFO greenlens.ml_engine: Predicted bond TGO_Social_Bond_2020: score=31.8 [Medium-Low]
[2026-04-22 17:20:01,188] DEBUG greenlens.worldbank_climate: WB CKP API pr/TGO returned 404
[2026-04-22 17:20:01,188] DEBUG greenlens.worldbank_climate: WB flood fallback TGO \u2192 0.400
[2026-04-22 17:20:01,290] DEBUG greenlens.worldbank_climate: WB CKP API tas/TGO returned 404
[2026-04-22 17:20:01,290] DEBUG greenlens.worldbank_climate: WB heat fallback TGO \u2192 0.450
[2026-04-22 17:20:01,307] INFO greenlens.ml_engine: Predicted bond TGO_Social_Bond_2021: score=31.8 [Medium-Low]
[2026-04-22 17:20:01,904] DEBUG greenlens.worldbank_climate: WB CKP API pr/TGO returned 404
[2026-04-22 17:20:01,904] DEBUG greenlens.worldbank_climate: WB flood fallback TGO \u2192 0.400
[2026-04-22 17:20:02,007] DEBUG greenlens.worldbank_climate: WB CKP API tas/TGO returned 404
[2026-04-22 17:20:02,007] DEBUG greenlens.worldbank_climate: WB heat fallback TGO \u2192 0.450
[2026-04-22 17:20:02,025] INFO greenlens.ml_engine: Predicted bond TGO_Social_Bond_2022: score=31.8 [Medium-Low]
[2026-04-22 17:20:02,722] DEBUG greenlens.worldbank_climate: WB CKP API pr/TGO returned 404
[2026-04-22 17:20:02,723] DEBUG greenlens.worldbank_climate: WB flood fallback TGO \u2192 0.400
[2026-04-22 17:20:02,798] DEBUG greenlens.worldbank_climate: WB CKP API tas/TGO returned 404
[2026-04-22 17:20:02,799] DEBUG greenlens.worldbank_climate: WB heat fallback TGO \u2192 0.450
[2026-04-22 17:20:02,814] INFO greenlens.ml_engine: Predicted bond TGO_Sustainabili_2021: score=31.8 [Medium-Low]
[2026-04-22 17:20:03,496] DEBUG greenlens.worldbank_climate: WB CKP API pr/TUR returned 404
[2026-04-22 17:20:03,496] DEBUG greenlens.worldbank_climate: WB flood fallback TUR \u2192 0.450
[2026-04-22 17:20:03,572] DEBUG greenlens.worldbank_climate: WB CKP API tas/TUR returned 404
[2026-04-22 17:20:03,573] DEBUG greenlens.worldbank_climate: WB heat fallback TUR \u2192 0.550
[2026-04-22 17:20:03,591] INFO greenlens.ml_engine: Predicted bond TUR_Green_Bonds_2019: score=37.3 [Medium-Low]
[2026-04-22 17:20:04,260] DEBUG greenlens.worldbank_climate: WB CKP API pr/TUR returned 404
[2026-04-22 17:20:04,260] DEBUG greenlens.worldbank_climate: WB flood fallback TUR \u2192 0.450
[2026-04-22 17:20:04,361] DEBUG greenlens.worldbank_climate: WB CKP API tas/TUR returned 404
[2026-04-22 17:20:04,361] DEBUG greenlens.worldbank_climate: WB heat fallback TUR \u2192 0.550
[2026-04-22 17:20:04,375] INFO greenlens.ml_engine: Predicted bond TUR_Green_Bonds_2020: score=37.3 [Medium-Low]
[2026-04-22 17:20:05,085] DEBUG greenlens.worldbank_climate: WB CKP API pr/TUR returned 404
[2026-04-22 17:20:05,085] DEBUG greenlens.worldbank_climate: WB flood fallback TUR \u2192 0.450
[2026-04-22 17:20:05,181] DEBUG greenlens.worldbank_climate: WB CKP API tas/TUR returned 404
[2026-04-22 17:20:05,181] DEBUG greenlens.worldbank_climate: WB heat fallback TUR \u2192 0.550
[2026-04-22 17:20:05,200] INFO greenlens.ml_engine: Predicted bond TUR_Green_Bonds_2021: score=37.3 [Medium-Low]
[2026-04-22 17:20:05,796] DEBUG greenlens.worldbank_climate: WB CKP API pr/TUR returned 404
[2026-04-22 17:20:05,796] DEBUG greenlens.worldbank_climate: WB flood fallback TUR \u2192 0.450
[2026-04-22 17:20:05,962] DEBUG greenlens.worldbank_climate: WB CKP API tas/TUR returned 404
[2026-04-22 17:20:05,963] DEBUG greenlens.worldbank_climate: WB heat fallback TUR \u2192 0.550
[2026-04-22 17:20:05,978] INFO greenlens.ml_engine: Predicted bond TUR_Green_Bonds_2022: score=37.3 [Medium-Low]
[2026-04-22 17:20:06,716] DEBUG greenlens.worldbank_climate: WB CKP API pr/TUR returned 404
[2026-04-22 17:20:06,717] DEBUG greenlens.worldbank_climate: WB flood fallback TUR \u2192 0.450
[2026-04-22 17:20:06,819] DEBUG greenlens.worldbank_climate: WB CKP API tas/TUR returned 404
[2026-04-22 17:20:06,819] DEBUG greenlens.worldbank_climate: WB heat fallback TUR \u2192 0.550
[2026-04-22 17:20:06,836] INFO greenlens.ml_engine: Predicted bond TUR_Green_Bonds_2023: score=37.3 [Medium-Low]
[2026-04-22 17:20:07,434] DEBUG greenlens.worldbank_climate: WB CKP API pr/TUR returned 404
[2026-04-22 17:20:07,434] DEBUG greenlens.worldbank_climate: WB flood fallback TUR \u2192 0.450
[2026-04-22 17:20:07,540] DEBUG greenlens.worldbank_climate: WB CKP API tas/TUR returned 404
[2026-04-22 17:20:07,540] DEBUG greenlens.worldbank_climate: WB heat fallback TUR \u2192 0.550
[2026-04-22 17:20:07,560] INFO greenlens.ml_engine: Predicted bond TUR_Green_Bonds_2024: score=37.3 [Medium-Low]
[2026-04-22 17:20:08,150] DEBUG greenlens.worldbank_climate: WB CKP API pr/TUR returned 404
[2026-04-22 17:20:08,150] DEBUG greenlens.worldbank_climate: WB flood fallback TUR \u2192 0.450
[2026-04-22 17:20:08,254] DEBUG greenlens.worldbank_climate: WB CKP API tas/TUR returned 404
[2026-04-22 17:20:08,254] DEBUG greenlens.worldbank_climate: WB heat fallback TUR \u2192 0.550
[2026-04-22 17:20:08,269] INFO greenlens.ml_engine: Predicted bond TUR_Social_Bond_2018: score=37.3 [Medium-Low]
[2026-04-22 17:20:08,868] DEBUG greenlens.worldbank_climate: WB CKP API pr/TUR returned 404
[2026-04-22 17:20:08,868] DEBUG greenlens.worldbank_climate: WB flood fallback TUR \u2192 0.450
[2026-04-22 17:20:08,971] DEBUG greenlens.worldbank_climate: WB CKP API tas/TUR returned 404
[2026-04-22 17:20:08,971] DEBUG greenlens.worldbank_climate: WB heat fallback TUR \u2192 0.550
[2026-04-22 17:20:08,989] INFO greenlens.ml_engine: Predicted bond TUR_Social_Bond_2022: score=37.3 [Medium-Low]
[2026-04-22 17:20:09,587] DEBUG greenlens.worldbank_climate: WB CKP API pr/TUR returned 404
[2026-04-22 17:20:09,588] DEBUG greenlens.worldbank_climate: WB flood fallback TUR \u2192 0.450
[2026-04-22 17:20:09,694] DEBUG greenlens.worldbank_climate: WB CKP API tas/TUR returned 404
[2026-04-22 17:20:09,694] DEBUG greenlens.worldbank_climate: WB heat fallback TUR \u2192 0.550
[2026-04-22 17:20:09,710] INFO greenlens.ml_engine: Predicted bond TUR_Social_Bond_2023: score=37.3 [Medium-Low]
[2026-04-22 17:20:10,310] DEBUG greenlens.worldbank_climate: WB CKP API pr/TUR returned 404
[2026-04-22 17:20:10,310] DEBUG greenlens.worldbank_climate: WB flood fallback TUR \u2192 0.450
[2026-04-22 17:20:10,403] DEBUG greenlens.worldbank_climate: WB CKP API tas/TUR returned 404
[2026-04-22 17:20:10,403] DEBUG greenlens.worldbank_climate: WB heat fallback TUR \u2192 0.550
[2026-04-22 17:20:10,421] INFO greenlens.ml_engine: Predicted bond TUR_Social_Bond_2024: score=37.3 [Medium-Low]
[2026-04-22 17:20:11,018] DEBUG greenlens.worldbank_climate: WB CKP API pr/TUR returned 404
[2026-04-22 17:20:11,018] DEBUG greenlens.worldbank_climate: WB flood fallback TUR \u2192 0.450
[2026-04-22 17:20:11,121] DEBUG greenlens.worldbank_climate: WB CKP API tas/TUR returned 404
[2026-04-22 17:20:11,121] DEBUG greenlens.worldbank_climate: WB heat fallback TUR \u2192 0.550
[2026-04-22 17:20:11,144] INFO greenlens.ml_engine: Predicted bond TUR_Sustainabili_2016: score=37.3 [Medium-Low]
[2026-04-22 17:20:11,699] DEBUG greenlens.worldbank_climate: WB CKP API pr/TUR returned 404
[2026-04-22 17:20:11,699] DEBUG greenlens.worldbank_climate: WB flood fallback TUR \u2192 0.450
[2026-04-22 17:20:11,837] DEBUG greenlens.worldbank_climate: WB CKP API tas/TUR returned 404
[2026-04-22 17:20:11,838] DEBUG greenlens.worldbank_climate: WB heat fallback TUR \u2192 0.550
[2026-04-22 17:20:11,862] INFO greenlens.ml_engine: Predicted bond TUR_Sustainabili_2017: score=37.3 [Medium-Low]
[2026-04-22 17:20:12,452] DEBUG greenlens.worldbank_climate: WB CKP API pr/TUR returned 404
[2026-04-22 17:20:12,452] DEBUG greenlens.worldbank_climate: WB flood fallback TUR \u2192 0.450
[2026-04-22 17:20:12,553] DEBUG greenlens.worldbank_climate: WB CKP API tas/TUR returned 404
[2026-04-22 17:20:12,553] DEBUG greenlens.worldbank_climate: WB heat fallback TUR \u2192 0.550
[2026-04-22 17:20:12,577] INFO greenlens.ml_engine: Predicted bond TUR_Sustainabili_2020: score=37.3 [Medium-Low]
[2026-04-22 17:20:13,168] DEBUG greenlens.worldbank_climate: WB CKP API pr/TUR returned 404
[2026-04-22 17:20:13,168] DEBUG greenlens.worldbank_climate: WB flood fallback TUR \u2192 0.450
[2026-04-22 17:20:13,250] DEBUG greenlens.worldbank_climate: WB CKP API tas/TUR returned 404
[2026-04-22 17:20:13,251] DEBUG greenlens.worldbank_climate: WB heat fallback TUR \u2192 0.550
[2026-04-22 17:20:13,272] INFO greenlens.ml_engine: Predicted bond TUR_Sustainabili_2021: score=37.3 [Medium-Low]
[2026-04-22 17:20:13,885] DEBUG greenlens.worldbank_climate: WB CKP API pr/TUR returned 404
[2026-04-22 17:20:13,886] DEBUG greenlens.worldbank_climate: WB flood fallback TUR \u2192 0.450
[2026-04-22 17:20:13,989] DEBUG greenlens.worldbank_climate: WB CKP API tas/TUR returned 404
[2026-04-22 17:20:13,989] DEBUG greenlens.worldbank_climate: WB heat fallback TUR \u2192 0.550
[2026-04-22 17:20:14,013] INFO greenlens.ml_engine: Predicted bond TUR_Sustainabili_2023: score=37.3 [Medium-Low]
[2026-04-22 17:20:14,603] DEBUG greenlens.worldbank_climate: WB CKP API pr/TUR returned 404
[2026-04-22 17:20:14,603] DEBUG greenlens.worldbank_climate: WB flood fallback TUR \u2192 0.450
[2026-04-22 17:20:14,705] DEBUG greenlens.worldbank_climate: WB CKP API tas/TUR returned 404
[2026-04-22 17:20:14,705] DEBUG greenlens.worldbank_climate: WB heat fallback TUR \u2192 0.550
[2026-04-22 17:20:14,720] INFO greenlens.ml_engine: Predicted bond TUR_Sustainabili_2024: score=37.3 [Medium-Low]
[2026-04-22 17:20:15,317] DEBUG greenlens.worldbank_climate: WB CKP API pr/TUR returned 404
[2026-04-22 17:20:15,318] DEBUG greenlens.worldbank_climate: WB flood fallback TUR \u2192 0.450
[2026-04-22 17:20:15,421] DEBUG greenlens.worldbank_climate: WB CKP API tas/TUR returned 404
[2026-04-22 17:20:15,421] DEBUG greenlens.worldbank_climate: WB heat fallback TUR \u2192 0.550
[2026-04-22 17:20:15,444] INFO greenlens.ml_engine: Predicted bond TUR_Linked_Bond_2020: score=37.3 [Medium-Low]
[2026-04-22 17:20:16,036] DEBUG greenlens.worldbank_climate: WB CKP API pr/TUR returned 404
[2026-04-22 17:20:16,036] DEBUG greenlens.worldbank_climate: WB flood fallback TUR \u2192 0.450
[2026-04-22 17:20:16,139] DEBUG greenlens.worldbank_climate: WB CKP API tas/TUR returned 404
[2026-04-22 17:20:16,139] DEBUG greenlens.worldbank_climate: WB heat fallback TUR \u2192 0.550
[2026-04-22 17:20:16,157] INFO greenlens.ml_engine: Predicted bond TUR_Linked_Bond_2021: score=37.3 [Medium-Low]
[2026-04-22 17:20:16,753] DEBUG greenlens.worldbank_climate: WB CKP API pr/TUR returned 404
[2026-04-22 17:20:16,753] DEBUG greenlens.worldbank_climate: WB flood fallback TUR \u2192 0.450
[2026-04-22 17:20:16,855] DEBUG greenlens.worldbank_climate: WB CKP API tas/TUR returned 404
[2026-04-22 17:20:16,856] DEBUG greenlens.worldbank_climate: WB heat fallback TUR \u2192 0.550
[2026-04-22 17:20:16,875] INFO greenlens.ml_engine: Predicted bond TUR_Linked_Bond_2022: score=37.3 [Medium-Low]
[2026-04-22 17:20:17,469] DEBUG greenlens.worldbank_climate: WB CKP API pr/TUR returned 404
[2026-04-22 17:20:17,469] DEBUG greenlens.worldbank_climate: WB flood fallback TUR \u2192 0.450
[2026-04-22 17:20:17,573] DEBUG greenlens.worldbank_climate: WB CKP API tas/TUR returned 404
[2026-04-22 17:20:17,574] DEBUG greenlens.worldbank_climate: WB heat fallback TUR \u2192 0.550
[2026-04-22 17:20:17,588] INFO greenlens.ml_engine: Predicted bond TUR_Linked_Bond_2024: score=37.3 [Medium-Low]
[2026-04-22 17:20:18,169] DEBUG greenlens.worldbank_climate: WB CKP API pr/UKR returned 404
[2026-04-22 17:20:18,169] DEBUG greenlens.worldbank_climate: WB flood fallback UKR \u2192 0.400
[2026-04-22 17:20:18,290] DEBUG greenlens.worldbank_climate: WB CKP API tas/UKR returned 404
[2026-04-22 17:20:18,290] DEBUG greenlens.worldbank_climate: WB heat fallback UKR \u2192 0.350
[2026-04-22 17:20:18,304] INFO greenlens.ml_engine: Predicted bond UKR_Green_Bonds_2021: score=28.5 [Medium-Low]
[2026-04-22 17:20:18,902] DEBUG greenlens.worldbank_climate: WB CKP API pr/ARE returned 404
[2026-04-22 17:20:18,902] DEBUG greenlens.worldbank_climate: WB flood fallback ARE \u2192 0.100
[2026-04-22 17:20:19,006] DEBUG greenlens.worldbank_climate: WB CKP API tas/ARE returned 404
[2026-04-22 17:20:19,006] DEBUG greenlens.worldbank_climate: WB heat fallback ARE \u2192 0.880
[2026-04-22 17:20:19,025] INFO greenlens.ml_engine: Predicted bond ARE_Green_Bonds_2015: score=34.8 [Medium-Low]
[2026-04-22 17:20:19,575] DEBUG greenlens.worldbank_climate: WB CKP API pr/ARE returned 404
[2026-04-22 17:20:19,575] DEBUG greenlens.worldbank_climate: WB flood fallback ARE \u2192 0.100
[2026-04-22 17:20:19,722] DEBUG greenlens.worldbank_climate: WB CKP API tas/ARE returned 404
[2026-04-22 17:20:19,722] DEBUG greenlens.worldbank_climate: WB heat fallback ARE \u2192 0.880
[2026-04-22 17:20:19,736] INFO greenlens.ml_engine: Predicted bond ARE_Green_Bonds_2016: score=34.8 [Medium-Low]
[2026-04-22 17:20:20,337] DEBUG greenlens.worldbank_climate: WB CKP API pr/ARE returned 404
[2026-04-22 17:20:20,341] DEBUG greenlens.worldbank_climate: WB flood fallback ARE \u2192 0.100
[2026-04-22 17:20:20,438] DEBUG greenlens.worldbank_climate: WB CKP API tas/ARE returned 404
[2026-04-22 17:20:20,439] DEBUG greenlens.worldbank_climate: WB heat fallback ARE \u2192 0.880
[2026-04-22 17:20:20,455] INFO greenlens.ml_engine: Predicted bond ARE_Green_Bonds_2017: score=34.8 [Medium-Low]
[2026-04-22 17:20:21,055] DEBUG greenlens.worldbank_climate: WB CKP API pr/ARE returned 404
[2026-04-22 17:20:21,055] DEBUG greenlens.worldbank_climate: WB flood fallback ARE \u2192 0.100
[2026-04-22 17:20:21,151] DEBUG greenlens.worldbank_climate: WB CKP API tas/ARE returned 404
[2026-04-22 17:20:21,151] DEBUG greenlens.worldbank_climate: WB heat fallback ARE \u2192 0.880
[2026-04-22 17:20:21,168] INFO greenlens.ml_engine: Predicted bond ARE_Green_Bonds_2019: score=34.8 [Medium-Low]
[2026-04-22 17:20:21,737] DEBUG greenlens.worldbank_climate: WB CKP API pr/ARE returned 404
[2026-04-22 17:20:21,737] DEBUG greenlens.worldbank_climate: WB flood fallback ARE \u2192 0.100
[2026-04-22 17:20:21,872] DEBUG greenlens.worldbank_climate: WB CKP API tas/ARE returned 404
[2026-04-22 17:20:21,872] DEBUG greenlens.worldbank_climate: WB heat fallback ARE \u2192 0.880
[2026-04-22 17:20:21,894] INFO greenlens.ml_engine: Predicted bond ARE_Green_Bonds_2020: score=34.8 [Medium-Low]
[2026-04-22 17:20:22,489] DEBUG greenlens.worldbank_climate: WB CKP API pr/ARE returned 404
[2026-04-22 17:20:22,489] DEBUG greenlens.worldbank_climate: WB flood fallback ARE \u2192 0.100
[2026-04-22 17:20:22,588] DEBUG greenlens.worldbank_climate: WB CKP API tas/ARE returned 404
[2026-04-22 17:20:22,588] DEBUG greenlens.worldbank_climate: WB heat fallback ARE \u2192 0.880
[2026-04-22 17:20:22,613] INFO greenlens.ml_engine: Predicted bond ARE_Green_Bonds_2021: score=34.8 [Medium-Low]
[2026-04-22 17:20:23,408] DEBUG greenlens.worldbank_climate: WB CKP API pr/ARE returned 404
[2026-04-22 17:20:23,408] DEBUG greenlens.worldbank_climate: WB flood fallback ARE \u2192 0.100
[2026-04-22 17:20:23,511] DEBUG greenlens.worldbank_climate: WB CKP API tas/ARE returned 404
[2026-04-22 17:20:23,511] DEBUG greenlens.worldbank_climate: WB heat fallback ARE \u2192 0.880
[2026-04-22 17:20:23,526] INFO greenlens.ml_engine: Predicted bond ARE_Green_Bonds_2022: score=34.8 [Medium-Low]
[2026-04-22 17:20:24,125] DEBUG greenlens.worldbank_climate: WB CKP API pr/ARE returned 404
[2026-04-22 17:20:24,125] DEBUG greenlens.worldbank_climate: WB flood fallback ARE \u2192 0.100
[2026-04-22 17:20:24,227] DEBUG greenlens.worldbank_climate: WB CKP API tas/ARE returned 404
[2026-04-22 17:20:24,227] DEBUG greenlens.worldbank_climate: WB heat fallback ARE \u2192 0.880
[2026-04-22 17:20:24,251] INFO greenlens.ml_engine: Predicted bond ARE_Green_Bonds_2023: score=34.8 [Medium-Low]
[2026-04-22 17:20:24,840] DEBUG greenlens.worldbank_climate: WB CKP API pr/ARE returned 404
[2026-04-22 17:20:24,841] DEBUG greenlens.worldbank_climate: WB flood fallback ARE \u2192 0.100
[2026-04-22 17:20:24,943] DEBUG greenlens.worldbank_climate: WB CKP API tas/ARE returned 404
[2026-04-22 17:20:24,943] DEBUG greenlens.worldbank_climate: WB heat fallback ARE \u2192 0.880
[2026-04-22 17:20:24,966] INFO greenlens.ml_engine: Predicted bond ARE_Green_Bonds_2024: score=34.8 [Medium-Low]
[2026-04-22 17:20:25,558] DEBUG greenlens.worldbank_climate: WB CKP API pr/ARE returned 404
[2026-04-22 17:20:25,559] DEBUG greenlens.worldbank_climate: WB flood fallback ARE \u2192 0.100
[2026-04-22 17:20:25,662] DEBUG greenlens.worldbank_climate: WB CKP API tas/ARE returned 404
[2026-04-22 17:20:25,663] DEBUG greenlens.worldbank_climate: WB heat fallback ARE \u2192 0.880
[2026-04-22 17:20:25,678] INFO greenlens.ml_engine: Predicted bond ARE_Social_Bond_2024: score=34.8 [Medium-Low]
[2026-04-22 17:20:26,275] DEBUG greenlens.worldbank_climate: WB CKP API pr/ARE returned 404
[2026-04-22 17:20:26,275] DEBUG greenlens.worldbank_climate: WB flood fallback ARE \u2192 0.100
[2026-04-22 17:20:26,378] DEBUG greenlens.worldbank_climate: WB CKP API tas/ARE returned 404
[2026-04-22 17:20:26,378] DEBUG greenlens.worldbank_climate: WB heat fallback ARE \u2192 0.880
[2026-04-22 17:20:26,393] INFO greenlens.ml_engine: Predicted bond ARE_Sustainabili_2023: score=34.8 [Medium-Low]
[2026-04-22 17:20:26,993] DEBUG greenlens.worldbank_climate: WB CKP API pr/ARE returned 404
[2026-04-22 17:20:26,993] DEBUG greenlens.worldbank_climate: WB flood fallback ARE \u2192 0.100
[2026-04-22 17:20:27,094] DEBUG greenlens.worldbank_climate: WB CKP API tas/ARE returned 404
[2026-04-22 17:20:27,094] DEBUG greenlens.worldbank_climate: WB heat fallback ARE \u2192 0.880
[2026-04-22 17:20:27,109] INFO greenlens.ml_engine: Predicted bond ARE_Sustainabili_2024: score=34.8 [Medium-Low]
[2026-04-22 17:20:27,709] DEBUG greenlens.worldbank_climate: WB CKP API pr/GBR returned 404
[2026-04-22 17:20:27,710] DEBUG greenlens.worldbank_climate: WB flood fallback GBR \u2192 0.420
[2026-04-22 17:20:27,772] DEBUG greenlens.worldbank_climate: WB CKP API tas/GBR returned 404
[2026-04-22 17:20:27,772] DEBUG greenlens.worldbank_climate: WB heat fallback GBR \u2192 0.220
[2026-04-22 17:20:27,794] INFO greenlens.ml_engine: Predicted bond GBR_Green_Bonds_2010: score=26.7 [Medium-Low]
[2026-04-22 17:20:28,425] DEBUG greenlens.worldbank_climate: WB CKP API pr/GBR returned 404
[2026-04-22 17:20:28,425] DEBUG greenlens.worldbank_climate: WB flood fallback GBR \u2192 0.420
[2026-04-22 17:20:28,529] DEBUG greenlens.worldbank_climate: WB CKP API tas/GBR returned 404
[2026-04-22 17:20:28,529] DEBUG greenlens.worldbank_climate: WB heat fallback GBR \u2192 0.220
[2026-04-22 17:20:28,544] INFO greenlens.ml_engine: Predicted bond GBR_Green_Bonds_2011: score=26.7 [Medium-Low]
[2026-04-22 17:20:29,142] DEBUG greenlens.worldbank_climate: WB CKP API pr/GBR returned 404
[2026-04-22 17:20:29,143] DEBUG greenlens.worldbank_climate: WB flood fallback GBR \u2192 0.420
[2026-04-22 17:20:29,245] DEBUG greenlens.worldbank_climate: WB CKP API tas/GBR returned 404
[2026-04-22 17:20:29,245] DEBUG greenlens.worldbank_climate: WB heat fallback GBR \u2192 0.220
[2026-04-22 17:20:29,264] INFO greenlens.ml_engine: Predicted bond GBR_Green_Bonds_2012: score=26.7 [Medium-Low]
[2026-04-22 17:20:29,858] DEBUG greenlens.worldbank_climate: WB CKP API pr/GBR returned 404
[2026-04-22 17:20:29,859] DEBUG greenlens.worldbank_climate: WB flood fallback GBR \u2192 0.420
[2026-04-22 17:20:29,962] DEBUG greenlens.worldbank_climate: WB CKP API tas/GBR returned 404
[2026-04-22 17:20:29,962] DEBUG greenlens.worldbank_climate: WB heat fallback GBR \u2192 0.220
[2026-04-22 17:20:29,977] INFO greenlens.ml_engine: Predicted bond GBR_Green_Bonds_2013: score=26.7 [Medium-Low]
[2026-04-22 17:20:30,574] DEBUG greenlens.worldbank_climate: WB CKP API pr/GBR returned 404
[2026-04-22 17:20:30,574] DEBUG greenlens.worldbank_climate: WB flood fallback GBR \u2192 0.420
[2026-04-22 17:20:30,638] DEBUG greenlens.worldbank_climate: WB CKP API tas/GBR returned 404
[2026-04-22 17:20:30,638] DEBUG greenlens.worldbank_climate: WB heat fallback GBR \u2192 0.220
[2026-04-22 17:20:30,661] INFO greenlens.ml_engine: Predicted bond GBR_Green_Bonds_2014: score=26.7 [Medium-Low]
[2026-04-22 17:20:31,294] DEBUG greenlens.worldbank_climate: WB CKP API pr/GBR returned 404
[2026-04-22 17:20:31,294] DEBUG greenlens.worldbank_climate: WB flood fallback GBR \u2192 0.420
[2026-04-22 17:20:31,395] DEBUG greenlens.worldbank_climate: WB CKP API tas/GBR returned 404
[2026-04-22 17:20:31,395] DEBUG greenlens.worldbank_climate: WB heat fallback GBR \u2192 0.220
[2026-04-22 17:20:31,409] INFO greenlens.ml_engine: Predicted bond GBR_Green_Bonds_2015: score=26.7 [Medium-Low]
[2026-04-22 17:20:32,009] DEBUG greenlens.worldbank_climate: WB CKP API pr/GBR returned 404
[2026-04-22 17:20:32,009] DEBUG greenlens.worldbank_climate: WB flood fallback GBR \u2192 0.420
[2026-04-22 17:20:32,076] DEBUG greenlens.worldbank_climate: WB CKP API tas/GBR returned 404
[2026-04-22 17:20:32,076] DEBUG greenlens.worldbank_climate: WB heat fallback GBR \u2192 0.220
[2026-04-22 17:20:32,100] INFO greenlens.ml_engine: Predicted bond GBR_Green_Bonds_2016: score=26.7 [Medium-Low]
[2026-04-22 17:20:32,725] DEBUG greenlens.worldbank_climate: WB CKP API pr/GBR returned 404
[2026-04-22 17:20:32,726] DEBUG greenlens.worldbank_climate: WB flood fallback GBR \u2192 0.420
[2026-04-22 17:20:32,840] DEBUG greenlens.worldbank_climate: WB CKP API tas/GBR returned 404
[2026-04-22 17:20:32,840] DEBUG greenlens.worldbank_climate: WB heat fallback GBR \u2192 0.220
[2026-04-22 17:20:32,854] INFO greenlens.ml_engine: Predicted bond GBR_Green_Bonds_2017: score=26.7 [Medium-Low]
[2026-04-22 17:20:33,442] DEBUG greenlens.worldbank_climate: WB CKP API pr/GBR returned 404
[2026-04-22 17:20:33,443] DEBUG greenlens.worldbank_climate: WB flood fallback GBR \u2192 0.420
[2026-04-22 17:20:33,546] DEBUG greenlens.worldbank_climate: WB CKP API tas/GBR returned 404
[2026-04-22 17:20:33,546] DEBUG greenlens.worldbank_climate: WB heat fallback GBR \u2192 0.220
[2026-04-22 17:20:33,562] INFO greenlens.ml_engine: Predicted bond GBR_Green_Bonds_2018: score=26.7 [Medium-Low]
[2026-04-22 17:20:34,160] DEBUG greenlens.worldbank_climate: WB CKP API pr/GBR returned 404
[2026-04-22 17:20:34,160] DEBUG greenlens.worldbank_climate: WB flood fallback GBR \u2192 0.420
[2026-04-22 17:20:34,261] DEBUG greenlens.worldbank_climate: WB CKP API tas/GBR returned 404
[2026-04-22 17:20:34,262] DEBUG greenlens.worldbank_climate: WB heat fallback GBR \u2192 0.220
[2026-04-22 17:20:34,283] INFO greenlens.ml_engine: Predicted bond GBR_Green_Bonds_2019: score=26.7 [Medium-Low]
[2026-04-22 17:20:34,883] DEBUG greenlens.worldbank_climate: WB CKP API pr/GBR returned 404
[2026-04-22 17:20:34,883] DEBUG greenlens.worldbank_climate: WB flood fallback GBR \u2192 0.420
[2026-04-22 17:20:34,979] DEBUG greenlens.worldbank_climate: WB CKP API tas/GBR returned 404
[2026-04-22 17:20:34,979] DEBUG greenlens.worldbank_climate: WB heat fallback GBR \u2192 0.220
[2026-04-22 17:20:35,003] INFO greenlens.ml_engine: Predicted bond GBR_Green_Bonds_2020: score=26.7 [Medium-Low]
[2026-04-22 17:20:35,594] DEBUG greenlens.worldbank_climate: WB CKP API pr/GBR returned 404
[2026-04-22 17:20:35,594] DEBUG greenlens.worldbank_climate: WB flood fallback GBR \u2192 0.420
[2026-04-22 17:20:35,695] DEBUG greenlens.worldbank_climate: WB CKP API tas/GBR returned 404
[2026-04-22 17:20:35,696] DEBUG greenlens.worldbank_climate: WB heat fallback GBR \u2192 0.220
[2026-04-22 17:20:35,712] INFO greenlens.ml_engine: Predicted bond GBR_Green_Bonds_2021: score=26.7 [Medium-Low]
[2026-04-22 17:20:37,457] DEBUG greenlens.worldbank_climate: WB CKP API pr/GBR returned 404
[2026-04-22 17:20:37,457] DEBUG greenlens.worldbank_climate: WB flood fallback GBR \u2192 0.420
[2026-04-22 17:20:37,539] DEBUG greenlens.worldbank_climate: WB CKP API tas/GBR returned 404
[2026-04-22 17:20:37,540] DEBUG greenlens.worldbank_climate: WB heat fallback GBR \u2192 0.220
[2026-04-22 17:20:37,561] INFO greenlens.ml_engine: Predicted bond GBR_Green_Bonds_2022: score=26.7 [Medium-Low]
[2026-04-22 17:20:38,113] DEBUG greenlens.worldbank_climate: WB CKP API pr/GBR returned 404
[2026-04-22 17:20:38,114] DEBUG greenlens.worldbank_climate: WB flood fallback GBR \u2192 0.420
[2026-04-22 17:20:38,255] DEBUG greenlens.worldbank_climate: WB CKP API tas/GBR returned 404
[2026-04-22 17:20:38,256] DEBUG greenlens.worldbank_climate: WB heat fallback GBR \u2192 0.220
[2026-04-22 17:20:38,272] INFO greenlens.ml_engine: Predicted bond GBR_Green_Bonds_2023: score=26.7 [Medium-Low]
[2026-04-22 17:20:38,870] DEBUG greenlens.worldbank_climate: WB CKP API pr/GBR returned 404
[2026-04-22 17:20:38,870] DEBUG greenlens.worldbank_climate: WB flood fallback GBR \u2192 0.420
[2026-04-22 17:20:38,973] DEBUG greenlens.worldbank_climate: WB CKP API tas/GBR returned 404
[2026-04-22 17:20:38,973] DEBUG greenlens.worldbank_climate: WB heat fallback GBR \u2192 0.220
[2026-04-22 17:20:38,992] INFO greenlens.ml_engine: Predicted bond GBR_Green_Bonds_2024: score=26.7 [Medium-Low]
[2026-04-22 17:20:39,587] DEBUG greenlens.worldbank_climate: WB CKP API pr/GBR returned 404
[2026-04-22 17:20:39,587] DEBUG greenlens.worldbank_climate: WB flood fallback GBR \u2192 0.420
[2026-04-22 17:20:39,690] DEBUG greenlens.worldbank_climate: WB CKP API tas/GBR returned 404
[2026-04-22 17:20:39,690] DEBUG greenlens.worldbank_climate: WB heat fallback GBR \u2192 0.220
[2026-04-22 17:20:39,705] INFO greenlens.ml_engine: Predicted bond GBR_Social_Bond_2006: score=26.7 [Medium-Low]
[2026-04-22 17:20:40,304] DEBUG greenlens.worldbank_climate: WB CKP API pr/GBR returned 404
[2026-04-22 17:20:40,304] DEBUG greenlens.worldbank_climate: WB flood fallback GBR \u2192 0.420
[2026-04-22 17:20:40,406] DEBUG greenlens.worldbank_climate: WB CKP API tas/GBR returned 404
[2026-04-22 17:20:40,406] DEBUG greenlens.worldbank_climate: WB heat fallback GBR \u2192 0.220
[2026-04-22 17:20:40,429] INFO greenlens.ml_engine: Predicted bond GBR_Social_Bond_2008: score=26.7 [Medium-Low]
[2026-04-22 17:20:41,023] DEBUG greenlens.worldbank_climate: WB CKP API pr/GBR returned 404
[2026-04-22 17:20:41,024] DEBUG greenlens.worldbank_climate: WB flood fallback GBR \u2192 0.420
[2026-04-22 17:20:41,124] DEBUG greenlens.worldbank_climate: WB CKP API tas/GBR returned 404
[2026-04-22 17:20:41,124] DEBUG greenlens.worldbank_climate: WB heat fallback GBR \u2192 0.220
[2026-04-22 17:20:41,139] INFO greenlens.ml_engine: Predicted bond GBR_Social_Bond_2009: score=26.7 [Medium-Low]
[2026-04-22 17:20:41,739] DEBUG greenlens.worldbank_climate: WB CKP API pr/GBR returned 404
[2026-04-22 17:20:41,739] DEBUG greenlens.worldbank_climate: WB flood fallback GBR \u2192 0.420
[2026-04-22 17:20:41,847] DEBUG greenlens.worldbank_climate: WB CKP API tas/GBR returned 404
[2026-04-22 17:20:41,847] DEBUG greenlens.worldbank_climate: WB heat fallback GBR \u2192 0.220
[2026-04-22 17:20:41,867] INFO greenlens.ml_engine: Predicted bond GBR_Social_Bond_2010: score=26.7 [Medium-Low]
[2026-04-22 17:20:42,454] DEBUG greenlens.worldbank_climate: WB CKP API pr/GBR returned 404
[2026-04-22 17:20:42,454] DEBUG greenlens.worldbank_climate: WB flood fallback GBR \u2192 0.420
[2026-04-22 17:20:42,558] DEBUG greenlens.worldbank_climate: WB CKP API tas/GBR returned 404
[2026-04-22 17:20:42,558] DEBUG greenlens.worldbank_climate: WB heat fallback GBR \u2192 0.220
[2026-04-22 17:20:42,577] INFO greenlens.ml_engine: Predicted bond GBR_Social_Bond_2011: score=26.7 [Medium-Low]
[2026-04-22 17:20:43,172] DEBUG greenlens.worldbank_climate: WB CKP API pr/GBR returned 404
[2026-04-22 17:20:43,172] DEBUG greenlens.worldbank_climate: WB flood fallback GBR \u2192 0.420
[2026-04-22 17:20:43,273] DEBUG greenlens.worldbank_climate: WB CKP API tas/GBR returned 404
[2026-04-22 17:20:43,273] DEBUG greenlens.worldbank_climate: WB heat fallback GBR \u2192 0.220
[2026-04-22 17:20:43,291] INFO greenlens.ml_engine: Predicted bond GBR_Social_Bond_2012: score=26.7 [Medium-Low]
[2026-04-22 17:20:43,848] DEBUG greenlens.worldbank_climate: WB CKP API pr/GBR returned 404
[2026-04-22 17:20:43,848] DEBUG greenlens.worldbank_climate: WB flood fallback GBR \u2192 0.420
[2026-04-22 17:20:43,927] DEBUG greenlens.worldbank_climate: WB CKP API tas/GBR returned 404
[2026-04-22 17:20:43,928] DEBUG greenlens.worldbank_climate: WB heat fallback GBR \u2192 0.220
[2026-04-22 17:20:43,943] INFO greenlens.ml_engine: Predicted bond GBR_Social_Bond_2013: score=26.7 [Medium-Low]
[2026-04-22 17:20:44,707] DEBUG greenlens.worldbank_climate: WB CKP API pr/GBR returned 404
[2026-04-22 17:20:44,707] DEBUG greenlens.worldbank_climate: WB flood fallback GBR \u2192 0.420
[2026-04-22 17:20:44,809] DEBUG greenlens.worldbank_climate: WB CKP API tas/GBR returned 404
[2026-04-22 17:20:44,809] DEBUG greenlens.worldbank_climate: WB heat fallback GBR \u2192 0.220
[2026-04-22 17:20:44,827] INFO greenlens.ml_engine: Predicted bond GBR_Social_Bond_2015: score=26.7 [Medium-Low]
[2026-04-22 17:20:45,596] DEBUG greenlens.worldbank_climate: WB CKP API pr/GBR returned 404
[2026-04-22 17:20:45,596] DEBUG greenlens.worldbank_climate: WB flood fallback GBR \u2192 0.420
[2026-04-22 17:20:45,717] DEBUG greenlens.worldbank_climate: WB CKP API tas/GBR returned 404
[2026-04-22 17:20:45,717] DEBUG greenlens.worldbank_climate: WB heat fallback GBR \u2192 0.220
[2026-04-22 17:20:45,734] INFO greenlens.ml_engine: Predicted bond GBR_Social_Bond_2016: score=26.7 [Medium-Low]
[2026-04-22 17:20:46,857] DEBUG greenlens.worldbank_climate: WB CKP API pr/GBR returned 404
[2026-04-22 17:20:46,857] DEBUG greenlens.worldbank_climate: WB flood fallback GBR \u2192 0.420
[2026-04-22 17:20:46,959] DEBUG greenlens.worldbank_climate: WB CKP API tas/GBR returned 404
[2026-04-22 17:20:46,959] DEBUG greenlens.worldbank_climate: WB heat fallback GBR \u2192 0.220
[2026-04-22 17:20:46,975] INFO greenlens.ml_engine: Predicted bond GBR_Social_Bond_2017: score=26.7 [Medium-Low]
[2026-04-22 17:20:47,778] DEBUG greenlens.worldbank_climate: WB CKP API pr/GBR returned 404
[2026-04-22 17:20:47,778] DEBUG greenlens.worldbank_climate: WB flood fallback GBR \u2192 0.420
[2026-04-22 17:20:47,859] DEBUG greenlens.worldbank_climate: WB CKP API tas/GBR returned 404
[2026-04-22 17:20:47,859] DEBUG greenlens.worldbank_climate: WB heat fallback GBR \u2192 0.220
[2026-04-22 17:20:47,875] INFO greenlens.ml_engine: Predicted bond GBR_Social_Bond_2018: score=26.7 [Medium-Low]
[2026-04-22 17:20:48,496] DEBUG greenlens.worldbank_climate: WB CKP API pr/GBR returned 404
[2026-04-22 17:20:48,496] DEBUG greenlens.worldbank_climate: WB flood fallback GBR \u2192 0.420
[2026-04-22 17:20:48,565] DEBUG greenlens.worldbank_climate: WB CKP API tas/GBR returned 404
[2026-04-22 17:20:48,565] DEBUG greenlens.worldbank_climate: WB heat fallback GBR \u2192 0.220
[2026-04-22 17:20:48,586] INFO greenlens.ml_engine: Predicted bond GBR_Social_Bond_2019: score=26.7 [Medium-Low]
[2026-04-22 17:20:49,212] DEBUG greenlens.worldbank_climate: WB CKP API pr/GBR returned 404
[2026-04-22 17:20:49,212] DEBUG greenlens.worldbank_climate: WB flood fallback GBR \u2192 0.420
[2026-04-22 17:20:49,315] DEBUG greenlens.worldbank_climate: WB CKP API tas/GBR returned 404
[2026-04-22 17:20:49,315] DEBUG greenlens.worldbank_climate: WB heat fallback GBR \u2192 0.220
[2026-04-22 17:20:49,329] INFO greenlens.ml_engine: Predicted bond GBR_Social_Bond_2020: score=26.7 [Medium-Low]
[2026-04-22 17:20:49,878] DEBUG greenlens.worldbank_climate: WB CKP API pr/GBR returned 404
[2026-04-22 17:20:49,879] DEBUG greenlens.worldbank_climate: WB flood fallback GBR \u2192 0.420
[2026-04-22 17:20:50,032] DEBUG greenlens.worldbank_climate: WB CKP API tas/GBR returned 404
[2026-04-22 17:20:50,032] DEBUG greenlens.worldbank_climate: WB heat fallback GBR \u2192 0.220
[2026-04-22 17:20:50,047] INFO greenlens.ml_engine: Predicted bond GBR_Social_Bond_2021: score=26.7 [Medium-Low]
[2026-04-22 17:20:50,658] DEBUG greenlens.worldbank_climate: WB CKP API pr/GBR returned 404
[2026-04-22 17:20:50,659] DEBUG greenlens.worldbank_climate: WB flood fallback GBR \u2192 0.420
[2026-04-22 17:20:50,753] DEBUG greenlens.worldbank_climate: WB CKP API tas/GBR returned 404
[2026-04-22 17:20:50,753] DEBUG greenlens.worldbank_climate: WB heat fallback GBR \u2192 0.220
[2026-04-22 17:20:50,774] INFO greenlens.ml_engine: Predicted bond GBR_Social_Bond_2022: score=26.7 [Medium-Low]
[2026-04-22 17:20:51,465] DEBUG greenlens.worldbank_climate: WB CKP API pr/GBR returned 404
[2026-04-22 17:20:51,466] DEBUG greenlens.worldbank_climate: WB flood fallback GBR \u2192 0.420
[2026-04-22 17:20:51,567] DEBUG greenlens.worldbank_climate: WB CKP API tas/GBR returned 404
[2026-04-22 17:20:51,567] DEBUG greenlens.worldbank_climate: WB heat fallback GBR \u2192 0.220
[2026-04-22 17:20:51,592] INFO greenlens.ml_engine: Predicted bond GBR_Social_Bond_2023: score=26.7 [Medium-Low]
[2026-04-22 17:20:52,386] DEBUG greenlens.worldbank_climate: WB CKP API pr/GBR returned 404
[2026-04-22 17:20:52,387] DEBUG greenlens.worldbank_climate: WB flood fallback GBR \u2192 0.420
[2026-04-22 17:20:52,489] DEBUG greenlens.worldbank_climate: WB CKP API tas/GBR returned 404
[2026-04-22 17:20:52,489] DEBUG greenlens.worldbank_climate: WB heat fallback GBR \u2192 0.220
[2026-04-22 17:20:52,504] INFO greenlens.ml_engine: Predicted bond GBR_Social_Bond_2024: score=26.7 [Medium-Low]
[2026-04-22 17:20:53,103] DEBUG greenlens.worldbank_climate: WB CKP API pr/GBR returned 404
[2026-04-22 17:20:53,103] DEBUG greenlens.worldbank_climate: WB flood fallback GBR \u2192 0.420
[2026-04-22 17:20:53,214] DEBUG greenlens.worldbank_climate: WB CKP API tas/GBR returned 404
[2026-04-22 17:20:53,214] DEBUG greenlens.worldbank_climate: WB heat fallback GBR \u2192 0.220
[2026-04-22 17:20:53,232] INFO greenlens.ml_engine: Predicted bond GBR_Sustainabili_2014: score=26.7 [Medium-Low]
[2026-04-22 17:20:53,820] DEBUG greenlens.worldbank_climate: WB CKP API pr/GBR returned 404
[2026-04-22 17:20:53,820] DEBUG greenlens.worldbank_climate: WB flood fallback GBR \u2192 0.420
[2026-04-22 17:20:53,877] DEBUG greenlens.worldbank_climate: WB CKP API tas/GBR returned 404
[2026-04-22 17:20:53,877] DEBUG greenlens.worldbank_climate: WB heat fallback GBR \u2192 0.220
[2026-04-22 17:20:53,894] INFO greenlens.ml_engine: Predicted bond GBR_Sustainabili_2017: score=26.7 [Medium-Low]
[2026-04-22 17:20:54,538] DEBUG greenlens.worldbank_climate: WB CKP API pr/GBR returned 404
[2026-04-22 17:20:54,538] DEBUG greenlens.worldbank_climate: WB flood fallback GBR \u2192 0.420
[2026-04-22 17:20:54,639] DEBUG greenlens.worldbank_climate: WB CKP API tas/GBR returned 404
[2026-04-22 17:20:54,639] DEBUG greenlens.worldbank_climate: WB heat fallback GBR \u2192 0.220
[2026-04-22 17:20:54,657] INFO greenlens.ml_engine: Predicted bond GBR_Sustainabili_2019: score=26.7 [Medium-Low]
[2026-04-22 17:20:55,418] DEBUG greenlens.worldbank_climate: WB CKP API pr/GBR returned 404
[2026-04-22 17:20:55,419] DEBUG greenlens.worldbank_climate: WB flood fallback GBR \u2192 0.420
[2026-04-22 17:20:55,590] DEBUG greenlens.worldbank_climate: WB CKP API tas/GBR returned 404
[2026-04-22 17:20:55,590] DEBUG greenlens.worldbank_climate: WB heat fallback GBR \u2192 0.220
[2026-04-22 17:20:55,605] INFO greenlens.ml_engine: Predicted bond GBR_Sustainabili_2020: score=26.7 [Medium-Low]
[2026-04-22 17:20:56,248] DEBUG greenlens.worldbank_climate: WB CKP API pr/GBR returned 404
[2026-04-22 17:20:56,248] DEBUG greenlens.worldbank_climate: WB flood fallback GBR \u2192 0.420
[2026-04-22 17:20:56,437] DEBUG greenlens.worldbank_climate: WB CKP API tas/GBR returned 404
[2026-04-22 17:20:56,437] DEBUG greenlens.worldbank_climate: WB heat fallback GBR \u2192 0.220
[2026-04-22 17:20:56,453] INFO greenlens.ml_engine: Predicted bond GBR_Sustainabili_2021: score=26.7 [Medium-Low]
[2026-04-22 17:20:56,944] DEBUG greenlens.worldbank_climate: WB CKP API pr/GBR returned 404
[2026-04-22 17:20:56,944] DEBUG greenlens.worldbank_climate: WB flood fallback GBR \u2192 0.420
[2026-04-22 17:20:57,179] DEBUG greenlens.worldbank_climate: WB CKP API tas/GBR returned 404
[2026-04-22 17:20:57,179] DEBUG greenlens.worldbank_climate: WB heat fallback GBR \u2192 0.220
[2026-04-22 17:20:57,197] INFO greenlens.ml_engine: Predicted bond GBR_Sustainabili_2022: score=26.7 [Medium-Low]
[2026-04-22 17:20:57,834] DEBUG greenlens.worldbank_climate: WB CKP API pr/GBR returned 404
[2026-04-22 17:20:57,834] DEBUG greenlens.worldbank_climate: WB flood fallback GBR \u2192 0.420
[2026-04-22 17:20:57,928] DEBUG greenlens.worldbank_climate: WB CKP API tas/GBR returned 404
[2026-04-22 17:20:57,928] DEBUG greenlens.worldbank_climate: WB heat fallback GBR \u2192 0.220
[2026-04-22 17:20:57,950] INFO greenlens.ml_engine: Predicted bond GBR_Sustainabili_2023: score=26.7 [Medium-Low]
[2026-04-22 17:20:58,629] DEBUG greenlens.worldbank_climate: WB CKP API pr/GBR returned 404
[2026-04-22 17:20:58,629] DEBUG greenlens.worldbank_climate: WB flood fallback GBR \u2192 0.420
[2026-04-22 17:20:58,742] DEBUG greenlens.worldbank_climate: WB CKP API tas/GBR returned 404
[2026-04-22 17:20:58,742] DEBUG greenlens.worldbank_climate: WB heat fallback GBR \u2192 0.220
[2026-04-22 17:20:58,757] INFO greenlens.ml_engine: Predicted bond GBR_Sustainabili_2024: score=26.7 [Medium-Low]
[2026-04-22 17:20:59,366] DEBUG greenlens.worldbank_climate: WB CKP API pr/GBR returned 404
[2026-04-22 17:20:59,366] DEBUG greenlens.worldbank_climate: WB flood fallback GBR \u2192 0.420
[2026-04-22 17:20:59,473] DEBUG greenlens.worldbank_climate: WB CKP API tas/GBR returned 404
[2026-04-22 17:20:59,473] DEBUG greenlens.worldbank_climate: WB heat fallback GBR \u2192 0.220
[2026-04-22 17:20:59,496] INFO greenlens.ml_engine: Predicted bond GBR_Linked_Bond_2020: score=26.7 [Medium-Low]
[2026-04-22 17:21:00,012] DEBUG greenlens.worldbank_climate: WB CKP API pr/GBR returned 404
[2026-04-22 17:21:00,013] DEBUG greenlens.worldbank_climate: WB flood fallback GBR \u2192 0.420
[2026-04-22 17:21:00,121] DEBUG greenlens.worldbank_climate: WB CKP API tas/GBR returned 404
[2026-04-22 17:21:00,122] DEBUG greenlens.worldbank_climate: WB heat fallback GBR \u2192 0.220
[2026-04-22 17:21:00,136] INFO greenlens.ml_engine: Predicted bond GBR_Linked_Bond_2021: score=26.7 [Medium-Low]
[2026-04-22 17:21:00,678] DEBUG greenlens.worldbank_climate: WB CKP API pr/GBR returned 404
[2026-04-22 17:21:00,678] DEBUG greenlens.worldbank_climate: WB flood fallback GBR \u2192 0.420
[2026-04-22 17:21:00,741] DEBUG greenlens.worldbank_climate: WB CKP API tas/GBR returned 404
[2026-04-22 17:21:00,741] DEBUG greenlens.worldbank_climate: WB heat fallback GBR \u2192 0.220
[2026-04-22 17:21:00,758] INFO greenlens.ml_engine: Predicted bond GBR_Linked_Bond_2022: score=26.7 [Medium-Low]
[2026-04-22 17:21:01,501] DEBUG greenlens.worldbank_climate: WB CKP API pr/GBR returned 404
[2026-04-22 17:21:01,501] DEBUG greenlens.worldbank_climate: WB flood fallback GBR \u2192 0.420
[2026-04-22 17:21:01,604] DEBUG greenlens.worldbank_climate: WB CKP API tas/GBR returned 404
[2026-04-22 17:21:01,604] DEBUG greenlens.worldbank_climate: WB heat fallback GBR \u2192 0.220
[2026-04-22 17:21:01,619] INFO greenlens.ml_engine: Predicted bond GBR_Linked_Bond_2023: score=26.7 [Medium-Low]
[2026-04-22 17:21:02,320] DEBUG greenlens.worldbank_climate: WB CKP API pr/GBR returned 404
[2026-04-22 17:21:02,320] DEBUG greenlens.worldbank_climate: WB flood fallback GBR \u2192 0.420
[2026-04-22 17:21:03,179] DEBUG greenlens.worldbank_climate: WB CKP API tas/GBR returned 404
[2026-04-22 17:21:03,179] DEBUG greenlens.worldbank_climate: WB heat fallback GBR \u2192 0.220
[2026-04-22 17:21:03,209] INFO greenlens.ml_engine: Predicted bond GBR_Linked_Bond_2024: score=26.7 [Medium-Low]
[2026-04-22 17:21:03,856] DEBUG greenlens.worldbank_climate: WB CKP API pr/USA returned 404
[2026-04-22 17:21:03,856] DEBUG greenlens.worldbank_climate: WB flood fallback USA \u2192 0.480
[2026-04-22 17:21:03,921] DEBUG greenlens.worldbank_climate: WB CKP API tas/USA returned 404
[2026-04-22 17:21:03,921] DEBUG greenlens.worldbank_climate: WB heat fallback USA \u2192 0.420
[2026-04-22 17:21:03,936] INFO greenlens.ml_engine: Predicted bond USA_Green_Bonds_2008: score=34.6 [Medium-Low]
[2026-04-22 17:21:04,572] DEBUG greenlens.worldbank_climate: WB CKP API pr/USA returned 404
[2026-04-22 17:21:04,572] DEBUG greenlens.worldbank_climate: WB flood fallback USA \u2192 0.480
[2026-04-22 17:21:04,675] DEBUG greenlens.worldbank_climate: WB CKP API tas/USA returned 404
[2026-04-22 17:21:04,676] DEBUG greenlens.worldbank_climate: WB heat fallback USA \u2192 0.420
[2026-04-22 17:21:04,691] INFO greenlens.ml_engine: Predicted bond USA_Green_Bonds_2009: score=34.6 [Medium-Low]
[2026-04-22 17:21:05,290] DEBUG greenlens.worldbank_climate: WB CKP API pr/USA returned 404
[2026-04-22 17:21:05,290] DEBUG greenlens.worldbank_climate: WB flood fallback USA \u2192 0.480
[2026-04-22 17:21:05,391] DEBUG greenlens.worldbank_climate: WB CKP API tas/USA returned 404
[2026-04-22 17:21:05,392] DEBUG greenlens.worldbank_climate: WB heat fallback USA \u2192 0.420
[2026-04-22 17:21:05,410] INFO greenlens.ml_engine: Predicted bond USA_Green_Bonds_2010: score=34.6 [Medium-Low]
[2026-04-22 17:21:06,211] DEBUG greenlens.worldbank_climate: WB CKP API pr/USA returned 404
[2026-04-22 17:21:06,211] DEBUG greenlens.worldbank_climate: WB flood fallback USA \u2192 0.480
[2026-04-22 17:21:06,312] DEBUG greenlens.worldbank_climate: WB CKP API tas/USA returned 404
[2026-04-22 17:21:06,312] DEBUG greenlens.worldbank_climate: WB heat fallback USA \u2192 0.420
[2026-04-22 17:21:06,328] INFO greenlens.ml_engine: Predicted bond USA_Green_Bonds_2011: score=34.6 [Medium-Low]
[2026-04-22 17:21:07,029] DEBUG greenlens.worldbank_climate: WB CKP API pr/USA returned 404
[2026-04-22 17:21:07,030] DEBUG greenlens.worldbank_climate: WB flood fallback USA \u2192 0.480
[2026-04-22 17:21:07,132] DEBUG greenlens.worldbank_climate: WB CKP API tas/USA returned 404
[2026-04-22 17:21:07,132] DEBUG greenlens.worldbank_climate: WB heat fallback USA \u2192 0.420
[2026-04-22 17:21:07,147] INFO greenlens.ml_engine: Predicted bond USA_Green_Bonds_2012: score=34.6 [Medium-Low]
[2026-04-22 17:21:07,701] DEBUG greenlens.worldbank_climate: WB CKP API pr/USA returned 404
[2026-04-22 17:21:07,701] DEBUG greenlens.worldbank_climate: WB flood fallback USA \u2192 0.480
[2026-04-22 17:21:07,850] DEBUG greenlens.worldbank_climate: WB CKP API tas/USA returned 404
[2026-04-22 17:21:07,850] DEBUG greenlens.worldbank_climate: WB heat fallback USA \u2192 0.420
[2026-04-22 17:21:07,864] INFO greenlens.ml_engine: Predicted bond USA_Green_Bonds_2013: score=34.6 [Medium-Low]
[2026-04-22 17:21:08,462] DEBUG greenlens.worldbank_climate: WB CKP API pr/USA returned 404
[2026-04-22 17:21:08,462] DEBUG greenlens.worldbank_climate: WB flood fallback USA \u2192 0.480
[2026-04-22 17:21:08,566] DEBUG greenlens.worldbank_climate: WB CKP API tas/USA returned 404
[2026-04-22 17:21:08,566] DEBUG greenlens.worldbank_climate: WB heat fallback USA \u2192 0.420
[2026-04-22 17:21:08,582] INFO greenlens.ml_engine: Predicted bond USA_Green_Bonds_2014: score=34.6 [Medium-Low]
[2026-04-22 17:21:09,145] DEBUG greenlens.worldbank_climate: WB CKP API pr/USA returned 404
[2026-04-22 17:21:09,145] DEBUG greenlens.worldbank_climate: WB flood fallback USA \u2192 0.480
[2026-04-22 17:21:09,283] DEBUG greenlens.worldbank_climate: WB CKP API tas/USA returned 404
[2026-04-22 17:21:09,284] DEBUG greenlens.worldbank_climate: WB heat fallback USA \u2192 0.420
[2026-04-22 17:21:09,305] INFO greenlens.ml_engine: Predicted bond USA_Green_Bonds_2015: score=34.6 [Medium-Low]
[2026-04-22 17:21:10,002] DEBUG greenlens.worldbank_climate: WB CKP API pr/USA returned 404
[2026-04-22 17:21:10,002] DEBUG greenlens.worldbank_climate: WB flood fallback USA \u2192 0.480
[2026-04-22 17:21:10,101] DEBUG greenlens.worldbank_climate: WB CKP API tas/USA returned 404
[2026-04-22 17:21:10,102] DEBUG greenlens.worldbank_climate: WB heat fallback USA \u2192 0.420
[2026-04-22 17:21:10,119] INFO greenlens.ml_engine: Predicted bond USA_Green_Bonds_2016: score=34.6 [Medium-Low]
[2026-04-22 17:21:10,716] DEBUG greenlens.worldbank_climate: WB CKP API pr/USA returned 404
[2026-04-22 17:21:10,716] DEBUG greenlens.worldbank_climate: WB flood fallback USA \u2192 0.480
[2026-04-22 17:21:10,825] DEBUG greenlens.worldbank_climate: WB CKP API tas/USA returned 404
[2026-04-22 17:21:10,825] DEBUG greenlens.worldbank_climate: WB heat fallback USA \u2192 0.420
[2026-04-22 17:21:10,841] INFO greenlens.ml_engine: Predicted bond USA_Green_Bonds_2017: score=34.6 [Medium-Low]
[2026-04-22 17:21:11,536] DEBUG greenlens.worldbank_climate: WB CKP API pr/USA returned 404
[2026-04-22 17:21:11,536] DEBUG greenlens.worldbank_climate: WB flood fallback USA \u2192 0.480
[2026-04-22 17:21:11,639] DEBUG greenlens.worldbank_climate: WB CKP API tas/USA returned 404
[2026-04-22 17:21:11,639] DEBUG greenlens.worldbank_climate: WB heat fallback USA \u2192 0.420
[2026-04-22 17:21:11,654] INFO greenlens.ml_engine: Predicted bond USA_Green_Bonds_2018: score=34.6 [Medium-Low]
[2026-04-22 17:21:12,252] DEBUG greenlens.worldbank_climate: WB CKP API pr/USA returned 404
[2026-04-22 17:21:12,252] DEBUG greenlens.worldbank_climate: WB flood fallback USA \u2192 0.480
[2026-04-22 17:21:12,354] DEBUG greenlens.worldbank_climate: WB CKP API tas/USA returned 404
[2026-04-22 17:21:12,354] DEBUG greenlens.worldbank_climate: WB heat fallback USA \u2192 0.420
[2026-04-22 17:21:12,368] INFO greenlens.ml_engine: Predicted bond USA_Green_Bonds_2019: score=34.6 [Medium-Low]
[2026-04-22 17:21:12,969] DEBUG greenlens.worldbank_climate: WB CKP API pr/USA returned 404
[2026-04-22 17:21:12,969] DEBUG greenlens.worldbank_climate: WB flood fallback USA \u2192 0.480
[2026-04-22 17:21:13,074] DEBUG greenlens.worldbank_climate: WB CKP API tas/USA returned 404
[2026-04-22 17:21:13,074] DEBUG greenlens.worldbank_climate: WB heat fallback USA \u2192 0.420
[2026-04-22 17:21:13,090] INFO greenlens.ml_engine: Predicted bond USA_Green_Bonds_2020: score=34.6 [Medium-Low]
[2026-04-22 17:21:13,788] DEBUG greenlens.worldbank_climate: WB CKP API pr/USA returned 404
[2026-04-22 17:21:13,788] DEBUG greenlens.worldbank_climate: WB flood fallback USA \u2192 0.480
[2026-04-22 17:21:13,891] DEBUG greenlens.worldbank_climate: WB CKP API tas/USA returned 404
[2026-04-22 17:21:13,891] DEBUG greenlens.worldbank_climate: WB heat fallback USA \u2192 0.420
[2026-04-22 17:21:13,908] INFO greenlens.ml_engine: Predicted bond USA_Green_Bonds_2021: score=34.6 [Medium-Low]
[2026-04-22 17:21:14,403] DEBUG greenlens.worldbank_climate: WB CKP API pr/USA returned 404
[2026-04-22 17:21:14,404] DEBUG greenlens.worldbank_climate: WB flood fallback USA \u2192 0.480
[2026-04-22 17:21:14,505] DEBUG greenlens.worldbank_climate: WB CKP API tas/USA returned 404
[2026-04-22 17:21:14,505] DEBUG greenlens.worldbank_climate: WB heat fallback USA \u2192 0.420
[2026-04-22 17:21:14,520] INFO greenlens.ml_engine: Predicted bond USA_Green_Bonds_2022: score=34.6 [Medium-Low]
[2026-04-22 17:21:15,085] DEBUG greenlens.worldbank_climate: WB CKP API pr/USA returned 404
[2026-04-22 17:21:15,085] DEBUG greenlens.worldbank_climate: WB flood fallback USA \u2192 0.480
[2026-04-22 17:21:15,156] DEBUG greenlens.worldbank_climate: WB CKP API tas/USA returned 404
[2026-04-22 17:21:15,156] DEBUG greenlens.worldbank_climate: WB heat fallback USA \u2192 0.420
[2026-04-22 17:21:15,181] INFO greenlens.ml_engine: Predicted bond USA_Green_Bonds_2023: score=34.6 [Medium-Low]
[2026-04-22 17:21:15,837] DEBUG greenlens.worldbank_climate: WB CKP API pr/USA returned 404
[2026-04-22 17:21:15,837] DEBUG greenlens.worldbank_climate: WB flood fallback USA \u2192 0.480
[2026-04-22 17:21:15,900] DEBUG greenlens.worldbank_climate: WB CKP API tas/USA returned 404
[2026-04-22 17:21:15,901] DEBUG greenlens.worldbank_climate: WB heat fallback USA \u2192 0.420
[2026-04-22 17:21:15,923] INFO greenlens.ml_engine: Predicted bond USA_Green_Bonds_2024: score=34.6 [Medium-Low]
[2026-04-22 17:21:16,553] DEBUG greenlens.worldbank_climate: WB CKP API pr/USA returned 404
[2026-04-22 17:21:16,554] DEBUG greenlens.worldbank_climate: WB flood fallback USA \u2192 0.480
[2026-04-22 17:21:16,655] DEBUG greenlens.worldbank_climate: WB CKP API tas/USA returned 404
[2026-04-22 17:21:16,655] DEBUG greenlens.worldbank_climate: WB heat fallback USA \u2192 0.420
[2026-04-22 17:21:16,669] INFO greenlens.ml_engine: Predicted bond USA_Social_Bond_2012: score=34.6 [Medium-Low]
[2026-04-22 17:21:17,230] DEBUG greenlens.worldbank_climate: WB CKP API pr/USA returned 404
[2026-04-22 17:21:17,230] DEBUG greenlens.worldbank_climate: WB flood fallback USA \u2192 0.480
[2026-04-22 17:21:17,372] DEBUG greenlens.worldbank_climate: WB CKP API tas/USA returned 404
[2026-04-22 17:21:17,372] DEBUG greenlens.worldbank_climate: WB heat fallback USA \u2192 0.420
[2026-04-22 17:21:17,386] INFO greenlens.ml_engine: Predicted bond USA_Social_Bond_2013: score=34.6 [Medium-Low]
[2026-04-22 17:21:17,883] DEBUG greenlens.worldbank_climate: WB CKP API pr/USA returned 404
[2026-04-22 17:21:17,883] DEBUG greenlens.worldbank_climate: WB flood fallback USA \u2192 0.480
[2026-04-22 17:21:17,954] DEBUG greenlens.worldbank_climate: WB CKP API tas/USA returned 404
[2026-04-22 17:21:17,954] DEBUG greenlens.worldbank_climate: WB heat fallback USA \u2192 0.420
[2026-04-22 17:21:17,976] INFO greenlens.ml_engine: Predicted bond USA_Social_Bond_2014: score=34.6 [Medium-Low]
[2026-04-22 17:21:18,805] DEBUG greenlens.worldbank_climate: WB CKP API pr/USA returned 404
[2026-04-22 17:21:18,806] DEBUG greenlens.worldbank_climate: WB flood fallback USA \u2192 0.480
[2026-04-22 17:21:18,908] DEBUG greenlens.worldbank_climate: WB CKP API tas/USA returned 404
[2026-04-22 17:21:18,908] DEBUG greenlens.worldbank_climate: WB heat fallback USA \u2192 0.420
[2026-04-22 17:21:18,926] INFO greenlens.ml_engine: Predicted bond USA_Social_Bond_2015: score=34.6 [Medium-Low]
[2026-04-22 17:21:19,625] DEBUG greenlens.worldbank_climate: WB CKP API pr/USA returned 404
[2026-04-22 17:21:19,626] DEBUG greenlens.worldbank_climate: WB flood fallback USA \u2192 0.480
[2026-04-22 17:21:19,750] DEBUG greenlens.worldbank_climate: WB CKP API tas/USA returned 404
[2026-04-22 17:21:19,750] DEBUG greenlens.worldbank_climate: WB heat fallback USA \u2192 0.420
[2026-04-22 17:21:19,766] INFO greenlens.ml_engine: Predicted bond USA_Social_Bond_2017: score=34.6 [Medium-Low]
[2026-04-22 17:21:20,751] DEBUG greenlens.worldbank_climate: WB CKP API pr/USA returned 404
[2026-04-22 17:21:20,751] DEBUG greenlens.worldbank_climate: WB flood fallback USA \u2192 0.480
[2026-04-22 17:21:20,853] DEBUG greenlens.worldbank_climate: WB CKP API tas/USA returned 404
[2026-04-22 17:21:20,854] DEBUG greenlens.worldbank_climate: WB heat fallback USA \u2192 0.420
[2026-04-22 17:21:20,875] INFO greenlens.ml_engine: Predicted bond USA_Social_Bond_2018: score=34.6 [Medium-Low]
[2026-04-22 17:21:21,468] DEBUG greenlens.worldbank_climate: WB CKP API pr/USA returned 404
[2026-04-22 17:21:21,468] DEBUG greenlens.worldbank_climate: WB flood fallback USA \u2192 0.480
[2026-04-22 17:21:21,570] DEBUG greenlens.worldbank_climate: WB CKP API tas/USA returned 404
[2026-04-22 17:21:21,570] DEBUG greenlens.worldbank_climate: WB heat fallback USA \u2192 0.420
[2026-04-22 17:21:21,592] INFO greenlens.ml_engine: Predicted bond USA_Social_Bond_2019: score=34.6 [Medium-Low]
[2026-04-22 17:21:22,287] DEBUG greenlens.worldbank_climate: WB CKP API pr/USA returned 404
[2026-04-22 17:21:22,288] DEBUG greenlens.worldbank_climate: WB flood fallback USA \u2192 0.480
[2026-04-22 17:21:22,390] DEBUG greenlens.worldbank_climate: WB CKP API tas/USA returned 404
[2026-04-22 17:21:22,390] DEBUG greenlens.worldbank_climate: WB heat fallback USA \u2192 0.420
[2026-04-22 17:21:22,416] INFO greenlens.ml_engine: Predicted bond USA_Social_Bond_2020: score=34.6 [Medium-Low]
[2026-04-22 17:21:23,208] DEBUG greenlens.worldbank_climate: WB CKP API pr/USA returned 404
[2026-04-22 17:21:23,208] DEBUG greenlens.worldbank_climate: WB flood fallback USA \u2192 0.480
[2026-04-22 17:21:23,311] DEBUG greenlens.worldbank_climate: WB CKP API tas/USA returned 404
[2026-04-22 17:21:23,311] DEBUG greenlens.worldbank_climate: WB heat fallback USA \u2192 0.420
[2026-04-22 17:21:23,325] INFO greenlens.ml_engine: Predicted bond USA_Social_Bond_2021: score=34.6 [Medium-Low]
[2026-04-22 17:21:24,210] DEBUG greenlens.worldbank_climate: WB CKP API pr/USA returned 404
[2026-04-22 17:21:24,210] DEBUG greenlens.worldbank_climate: WB flood fallback USA \u2192 0.480
[2026-04-22 17:21:24,486] DEBUG greenlens.worldbank_climate: WB CKP API tas/USA returned 404
[2026-04-22 17:21:24,487] DEBUG greenlens.worldbank_climate: WB heat fallback USA \u2192 0.420
[2026-04-22 17:21:24,501] INFO greenlens.ml_engine: Predicted bond USA_Social_Bond_2022: score=34.6 [Medium-Low]
[2026-04-22 17:21:25,155] DEBUG greenlens.worldbank_climate: WB CKP API pr/USA returned 404
[2026-04-22 17:21:25,155] DEBUG greenlens.worldbank_climate: WB flood fallback USA \u2192 0.480
[2026-04-22 17:21:25,222] DEBUG greenlens.worldbank_climate: WB CKP API tas/USA returned 404
[2026-04-22 17:21:25,222] DEBUG greenlens.worldbank_climate: WB heat fallback USA \u2192 0.420
[2026-04-22 17:21:25,241] INFO greenlens.ml_engine: Predicted bond USA_Social_Bond_2023: score=34.6 [Medium-Low]
[2026-04-22 17:21:25,871] DEBUG greenlens.worldbank_climate: WB CKP API pr/USA returned 404
[2026-04-22 17:21:25,871] DEBUG greenlens.worldbank_climate: WB flood fallback USA \u2192 0.480
[2026-04-22 17:21:25,973] DEBUG greenlens.worldbank_climate: WB CKP API tas/USA returned 404
[2026-04-22 17:21:25,973] DEBUG greenlens.worldbank_climate: WB heat fallback USA \u2192 0.420
[2026-04-22 17:21:25,998] INFO greenlens.ml_engine: Predicted bond USA_Social_Bond_2024: score=34.6 [Medium-Low]
[2026-04-22 17:21:26,792] DEBUG greenlens.worldbank_climate: WB CKP API pr/USA returned 404
[2026-04-22 17:21:26,792] DEBUG greenlens.worldbank_climate: WB flood fallback USA \u2192 0.480
[2026-04-22 17:21:26,895] DEBUG greenlens.worldbank_climate: WB CKP API tas/USA returned 404
[2026-04-22 17:21:26,895] DEBUG greenlens.worldbank_climate: WB heat fallback USA \u2192 0.420
[2026-04-22 17:21:26,920] INFO greenlens.ml_engine: Predicted bond USA_Sustainabili_2015: score=34.6 [Medium-Low]
[2026-04-22 17:21:27,713] DEBUG greenlens.worldbank_climate: WB CKP API pr/USA returned 404
[2026-04-22 17:21:27,714] DEBUG greenlens.worldbank_climate: WB flood fallback USA \u2192 0.480
[2026-04-22 17:21:27,816] DEBUG greenlens.worldbank_climate: WB CKP API tas/USA returned 404
[2026-04-22 17:21:27,816] DEBUG greenlens.worldbank_climate: WB heat fallback USA \u2192 0.420
[2026-04-22 17:21:27,841] INFO greenlens.ml_engine: Predicted bond USA_Sustainabili_2016: score=34.6 [Medium-Low]
[2026-04-22 17:21:28,534] DEBUG greenlens.worldbank_climate: WB CKP API pr/USA returned 404
[2026-04-22 17:21:28,535] DEBUG greenlens.worldbank_climate: WB flood fallback USA \u2192 0.480
[2026-04-22 17:21:28,635] DEBUG greenlens.worldbank_climate: WB CKP API tas/USA returned 404
[2026-04-22 17:21:28,635] DEBUG greenlens.worldbank_climate: WB heat fallback USA \u2192 0.420
[2026-04-22 17:21:28,653] INFO greenlens.ml_engine: Predicted bond USA_Sustainabili_2017: score=34.6 [Medium-Low]
[2026-04-22 17:21:29,352] DEBUG greenlens.worldbank_climate: WB CKP API pr/USA returned 404
[2026-04-22 17:21:29,352] DEBUG greenlens.worldbank_climate: WB flood fallback USA \u2192 0.480
[2026-04-22 17:21:29,455] DEBUG greenlens.worldbank_climate: WB CKP API tas/USA returned 404
[2026-04-22 17:21:29,455] DEBUG greenlens.worldbank_climate: WB heat fallback USA \u2192 0.420
[2026-04-22 17:21:29,469] INFO greenlens.ml_engine: Predicted bond USA_Sustainabili_2018: score=34.6 [Medium-Low]
[2026-04-22 17:21:30,069] DEBUG greenlens.worldbank_climate: WB CKP API pr/USA returned 404
[2026-04-22 17:21:30,069] DEBUG greenlens.worldbank_climate: WB flood fallback USA \u2192 0.480
[2026-04-22 17:21:30,172] DEBUG greenlens.worldbank_climate: WB CKP API tas/USA returned 404
[2026-04-22 17:21:30,173] DEBUG greenlens.worldbank_climate: WB heat fallback USA \u2192 0.420
[2026-04-22 17:21:30,195] INFO greenlens.ml_engine: Predicted bond USA_Sustainabili_2019: score=34.6 [Medium-Low]
[2026-04-22 17:21:30,787] DEBUG greenlens.worldbank_climate: WB CKP API pr/USA returned 404
[2026-04-22 17:21:30,787] DEBUG greenlens.worldbank_climate: WB flood fallback USA \u2192 0.480
[2026-04-22 17:21:30,888] DEBUG greenlens.worldbank_climate: WB CKP API tas/USA returned 404
[2026-04-22 17:21:30,888] DEBUG greenlens.worldbank_climate: WB heat fallback USA \u2192 0.420
[2026-04-22 17:21:30,903] INFO greenlens.ml_engine: Predicted bond USA_Sustainabili_2020: score=34.6 [Medium-Low]
[2026-04-22 17:21:31,502] DEBUG greenlens.worldbank_climate: WB CKP API pr/USA returned 404
[2026-04-22 17:21:31,502] DEBUG greenlens.worldbank_climate: WB flood fallback USA \u2192 0.480
[2026-04-22 17:21:31,604] DEBUG greenlens.worldbank_climate: WB CKP API tas/USA returned 404
[2026-04-22 17:21:31,604] DEBUG greenlens.worldbank_climate: WB heat fallback USA \u2192 0.420
[2026-04-22 17:21:31,629] INFO greenlens.ml_engine: Predicted bond USA_Sustainabili_2021: score=34.6 [Medium-Low]
[2026-04-22 17:21:32,424] DEBUG greenlens.worldbank_climate: WB CKP API pr/USA returned 404
[2026-04-22 17:21:32,424] DEBUG greenlens.worldbank_climate: WB flood fallback USA \u2192 0.480
[2026-04-22 17:21:32,526] DEBUG greenlens.worldbank_climate: WB CKP API tas/USA returned 404
[2026-04-22 17:21:32,527] DEBUG greenlens.worldbank_climate: WB heat fallback USA \u2192 0.420
[2026-04-22 17:21:32,543] INFO greenlens.ml_engine: Predicted bond USA_Sustainabili_2022: score=34.6 [Medium-Low]
[2026-04-22 17:21:33,244] DEBUG greenlens.worldbank_climate: WB CKP API pr/USA returned 404
[2026-04-22 17:21:33,244] DEBUG greenlens.worldbank_climate: WB flood fallback USA \u2192 0.480
[2026-04-22 17:21:33,320] DEBUG greenlens.worldbank_climate: WB CKP API tas/USA returned 404
[2026-04-22 17:21:33,320] DEBUG greenlens.worldbank_climate: WB heat fallback USA \u2192 0.420
[2026-04-22 17:21:33,336] INFO greenlens.ml_engine: Predicted bond USA_Sustainabili_2023: score=34.6 [Medium-Low]
[2026-04-22 17:21:33,960] DEBUG greenlens.worldbank_climate: WB CKP API pr/USA returned 404
[2026-04-22 17:21:33,960] DEBUG greenlens.worldbank_climate: WB flood fallback USA \u2192 0.480
[2026-04-22 17:21:34,029] DEBUG greenlens.worldbank_climate: WB CKP API tas/USA returned 404
[2026-04-22 17:21:34,029] DEBUG greenlens.worldbank_climate: WB heat fallback USA \u2192 0.420
[2026-04-22 17:21:34,050] INFO greenlens.ml_engine: Predicted bond USA_Sustainabili_2024: score=34.6 [Medium-Low]
[2026-04-22 17:21:34,663] DEBUG greenlens.worldbank_climate: WB CKP API pr/USA returned 404
[2026-04-22 17:21:34,663] DEBUG greenlens.worldbank_climate: WB flood fallback USA \u2192 0.480
[2026-04-22 17:21:34,779] DEBUG greenlens.worldbank_climate: WB CKP API tas/USA returned 404
[2026-04-22 17:21:34,779] DEBUG greenlens.worldbank_climate: WB heat fallback USA \u2192 0.420
[2026-04-22 17:21:34,795] INFO greenlens.ml_engine: Predicted bond USA_Linked_Bond_2020: score=34.6 [Medium-Low]
[2026-04-22 17:21:35,496] DEBUG greenlens.worldbank_climate: WB CKP API pr/USA returned 404
[2026-04-22 17:21:35,496] DEBUG greenlens.worldbank_climate: WB flood fallback USA \u2192 0.480
[2026-04-22 17:21:35,588] DEBUG greenlens.worldbank_climate: WB CKP API tas/USA returned 404
[2026-04-22 17:21:35,588] DEBUG greenlens.worldbank_climate: WB heat fallback USA \u2192 0.420
[2026-04-22 17:21:35,602] INFO greenlens.ml_engine: Predicted bond USA_Linked_Bond_2021: score=34.6 [Medium-Low]
[2026-04-22 17:21:36,110] DEBUG greenlens.worldbank_climate: WB CKP API pr/USA returned 404
[2026-04-22 17:21:36,111] DEBUG greenlens.worldbank_climate: WB flood fallback USA \u2192 0.480
[2026-04-22 17:21:36,213] DEBUG greenlens.worldbank_climate: WB CKP API tas/USA returned 404
[2026-04-22 17:21:36,213] DEBUG greenlens.worldbank_climate: WB heat fallback USA \u2192 0.420
[2026-04-22 17:21:36,234] INFO greenlens.ml_engine: Predicted bond USA_Linked_Bond_2022: score=34.6 [Medium-Low]
[2026-04-22 17:21:37,111] DEBUG greenlens.worldbank_climate: WB CKP API pr/USA returned 404
[2026-04-22 17:21:37,112] DEBUG greenlens.worldbank_climate: WB flood fallback USA \u2192 0.480
[2026-04-22 17:21:37,194] DEBUG greenlens.worldbank_climate: WB CKP API tas/USA returned 404
[2026-04-22 17:21:37,194] DEBUG greenlens.worldbank_climate: WB heat fallback USA \u2192 0.420
[2026-04-22 17:21:37,224] INFO greenlens.ml_engine: Predicted bond USA_Linked_Bond_2023: score=34.6 [Medium-Low]
[2026-04-22 17:21:38,075] DEBUG greenlens.worldbank_climate: WB CKP API pr/URY returned 404
[2026-04-22 17:21:38,076] DEBUG greenlens.worldbank_climate: WB flood fallback URY \u2192 0.450
[2026-04-22 17:21:38,151] DEBUG greenlens.worldbank_climate: WB CKP API tas/URY returned 404
[2026-04-22 17:21:38,151] DEBUG greenlens.worldbank_climate: WB heat fallback URY \u2192 0.420
[2026-04-22 17:21:38,169] INFO greenlens.ml_engine: Predicted bond URY_Linked_Bond_2022: score=32.9 [Medium-Low]
[2026-04-22 17:21:38,773] DEBUG greenlens.worldbank_climate: WB CKP API pr/UZB returned 404
[2026-04-22 17:21:38,774] DEBUG greenlens.worldbank_climate: WB flood fallback UZB \u2192 0.200
[2026-04-22 17:21:38,875] DEBUG greenlens.worldbank_climate: WB CKP API tas/UZB returned 404
[2026-04-22 17:21:38,875] DEBUG greenlens.worldbank_climate: WB heat fallback UZB \u2192 0.500
[2026-04-22 17:21:38,891] INFO greenlens.ml_engine: Predicted bond UZB_Green_Bonds_2023: score=25.5 [Medium-Low]
[2026-04-22 17:21:39,490] DEBUG greenlens.worldbank_climate: WB CKP API pr/UZB returned 404
[2026-04-22 17:21:39,490] DEBUG greenlens.worldbank_climate: WB flood fallback UZB \u2192 0.200
[2026-04-22 17:21:39,578] DEBUG greenlens.worldbank_climate: WB CKP API tas/UZB returned 404
[2026-04-22 17:21:39,578] DEBUG greenlens.worldbank_climate: WB heat fallback UZB \u2192 0.500
[2026-04-22 17:21:39,592] INFO greenlens.ml_engine: Predicted bond UZB_Green_Bonds_2024: score=25.5 [Medium-Low]
[2026-04-22 17:21:40,208] DEBUG greenlens.worldbank_climate: WB CKP API pr/UZB returned 404
[2026-04-22 17:21:40,208] DEBUG greenlens.worldbank_climate: WB flood fallback UZB \u2192 0.200
[2026-04-22 17:21:40,309] DEBUG greenlens.worldbank_climate: WB CKP API tas/UZB returned 404
[2026-04-22 17:21:40,309] DEBUG greenlens.worldbank_climate: WB heat fallback UZB \u2192 0.500
[2026-04-22 17:21:40,327] INFO greenlens.ml_engine: Predicted bond UZB_Sustainabili_2021: score=25.5 [Medium-Low]
[2026-04-22 17:21:40,924] DEBUG greenlens.worldbank_climate: WB CKP API pr/UZB returned 404
[2026-04-22 17:21:40,924] DEBUG greenlens.worldbank_climate: WB flood fallback UZB \u2192 0.200
[2026-04-22 17:21:41,026] DEBUG greenlens.worldbank_climate: WB CKP API tas/UZB returned 404
[2026-04-22 17:21:41,026] DEBUG greenlens.worldbank_climate: WB heat fallback UZB \u2192 0.500
[2026-04-22 17:21:41,045] INFO greenlens.ml_engine: Predicted bond UZB_Sustainabili_2024: score=25.5 [Medium-Low]
[2026-04-22 17:21:41,641] DEBUG greenlens.worldbank_climate: WB CKP API pr/VEN returned 404
[2026-04-22 17:21:41,642] DEBUG greenlens.worldbank_climate: WB flood fallback VEN \u2192 0.620
[2026-04-22 17:21:41,741] DEBUG greenlens.worldbank_climate: WB CKP API tas/VEN returned 404
[2026-04-22 17:21:41,741] DEBUG greenlens.worldbank_climate: WB heat fallback VEN \u2192 0.680
[2026-04-22 17:21:41,756] INFO greenlens.ml_engine: Predicted bond VEN_Green_Bonds_2018: score=48.6 [Medium-High]
[2026-04-22 17:21:42,358] DEBUG greenlens.worldbank_climate: WB CKP API pr/VEN returned 404
[2026-04-22 17:21:42,358] DEBUG greenlens.worldbank_climate: WB flood fallback VEN \u2192 0.620
[2026-04-22 17:21:42,461] DEBUG greenlens.worldbank_climate: WB CKP API tas/VEN returned 404
[2026-04-22 17:21:42,461] DEBUG greenlens.worldbank_climate: WB heat fallback VEN \u2192 0.680
[2026-04-22 17:21:42,477] INFO greenlens.ml_engine: Predicted bond VEN_Green_Bonds_2019: score=48.6 [Medium-High]
[2026-04-22 17:21:43,075] DEBUG greenlens.worldbank_climate: WB CKP API pr/VEN returned 404
[2026-04-22 17:21:43,075] DEBUG greenlens.worldbank_climate: WB flood fallback VEN \u2192 0.620
[2026-04-22 17:21:43,175] DEBUG greenlens.worldbank_climate: WB CKP API tas/VEN returned 404
[2026-04-22 17:21:43,175] DEBUG greenlens.worldbank_climate: WB heat fallback VEN \u2192 0.680
[2026-04-22 17:21:43,202] INFO greenlens.ml_engine: Predicted bond VEN_Green_Bonds_2020: score=48.6 [Medium-High]
[2026-04-22 17:21:43,893] DEBUG greenlens.worldbank_climate: WB CKP API pr/VEN returned 404
[2026-04-22 17:21:43,893] DEBUG greenlens.worldbank_climate: WB flood fallback VEN \u2192 0.620
[2026-04-22 17:21:43,996] DEBUG greenlens.worldbank_climate: WB CKP API tas/VEN returned 404
[2026-04-22 17:21:43,996] DEBUG greenlens.worldbank_climate: WB heat fallback VEN \u2192 0.680
[2026-04-22 17:21:44,016] INFO greenlens.ml_engine: Predicted bond VEN_Green_Bonds_2022: score=48.6 [Medium-High]
[2026-04-22 17:21:44,713] DEBUG greenlens.worldbank_climate: WB CKP API pr/VEN returned 404
[2026-04-22 17:21:44,713] DEBUG greenlens.worldbank_climate: WB flood fallback VEN \u2192 0.620
[2026-04-22 17:21:44,815] DEBUG greenlens.worldbank_climate: WB CKP API tas/VEN returned 404
[2026-04-22 17:21:44,815] DEBUG greenlens.worldbank_climate: WB heat fallback VEN \u2192 0.680
[2026-04-22 17:21:44,835] INFO greenlens.ml_engine: Predicted bond VEN_Green_Bonds_2023: score=48.6 [Medium-High]
[2026-04-22 17:21:45,430] DEBUG greenlens.worldbank_climate: WB CKP API pr/VEN returned 404
[2026-04-22 17:21:45,431] DEBUG greenlens.worldbank_climate: WB flood fallback VEN \u2192 0.620
[2026-04-22 17:21:45,533] DEBUG greenlens.worldbank_climate: WB CKP API tas/VEN returned 404
[2026-04-22 17:21:45,533] DEBUG greenlens.worldbank_climate: WB heat fallback VEN \u2192 0.680
[2026-04-22 17:21:45,556] INFO greenlens.ml_engine: Predicted bond VEN_Social_Bond_2020: score=48.6 [Medium-High]
[2026-04-22 17:21:46,107] DEBUG greenlens.worldbank_climate: WB CKP API pr/VNM returned 404
[2026-04-22 17:21:46,108] DEBUG greenlens.worldbank_climate: WB flood fallback VNM \u2192 0.780
[2026-04-22 17:21:46,249] DEBUG greenlens.worldbank_climate: WB CKP API tas/VNM returned 404
[2026-04-22 17:21:46,249] DEBUG greenlens.worldbank_climate: WB heat fallback VNM \u2192 0.720
[2026-04-22 17:21:46,266] INFO greenlens.ml_engine: Predicted bond VNM_Green_Bonds_2016: score=58.3 [Medium-High]
[2026-04-22 17:21:46,862] DEBUG greenlens.worldbank_climate: WB CKP API pr/VNM returned 404
[2026-04-22 17:21:46,862] DEBUG greenlens.worldbank_climate: WB flood fallback VNM \u2192 0.780
[2026-04-22 17:21:46,930] DEBUG greenlens.worldbank_climate: WB CKP API tas/VNM returned 404
[2026-04-22 17:21:46,930] DEBUG greenlens.worldbank_climate: WB heat fallback VNM \u2192 0.720
[2026-04-22 17:21:46,954] INFO greenlens.ml_engine: Predicted bond VNM_Green_Bonds_2021: score=58.3 [Medium-High]
[2026-04-22 17:21:47,684] DEBUG greenlens.worldbank_climate: WB CKP API pr/VNM returned 404
[2026-04-22 17:21:47,684] DEBUG greenlens.worldbank_climate: WB flood fallback VNM \u2192 0.780
[2026-04-22 17:21:47,785] DEBUG greenlens.worldbank_climate: WB CKP API tas/VNM returned 404
[2026-04-22 17:21:47,785] DEBUG greenlens.worldbank_climate: WB heat fallback VNM \u2192 0.720
[2026-04-22 17:21:47,803] INFO greenlens.ml_engine: Predicted bond VNM_Green_Bonds_2022: score=58.3 [Medium-High]
[2026-04-22 17:21:48,401] DEBUG greenlens.worldbank_climate: WB CKP API pr/VNM returned 404
[2026-04-22 17:21:48,401] DEBUG greenlens.worldbank_climate: WB flood fallback VNM \u2192 0.780
[2026-04-22 17:21:48,502] DEBUG greenlens.worldbank_climate: WB CKP API tas/VNM returned 404
[2026-04-22 17:21:48,502] DEBUG greenlens.worldbank_climate: WB heat fallback VNM \u2192 0.720
[2026-04-22 17:21:48,517] INFO greenlens.ml_engine: Predicted bond VNM_Green_Bonds_2024: score=58.3 [Medium-High]
[2026-04-22 17:21:49,126] DEBUG greenlens.worldbank_climate: WB CKP API pr/VNM returned 404
[2026-04-22 17:21:49,127] DEBUG greenlens.worldbank_climate: WB flood fallback VNM \u2192 0.780
[2026-04-22 17:21:49,233] DEBUG greenlens.worldbank_climate: WB CKP API tas/VNM returned 404
[2026-04-22 17:21:49,233] DEBUG greenlens.worldbank_climate: WB heat fallback VNM \u2192 0.720
[2026-04-22 17:21:49,294] INFO greenlens.ml_engine: Predicted bond VNM_Sustainabili_2021: score=58.3 [Medium-High]
[2026-04-22 17:21:50,348] DEBUG greenlens.worldbank_climate: WB CKP API pr/WLD returned 404
[2026-04-22 17:21:50,349] DEBUG greenlens.worldbank_climate: WB flood fallback WLD \u2192 0.400
[2026-04-22 17:21:50,452] DEBUG greenlens.worldbank_climate: WB CKP API tas/WLD returned 404
[2026-04-22 17:21:50,452] DEBUG greenlens.worldbank_climate: WB heat fallback WLD \u2192 0.450
[2026-04-22 17:21:50,491] INFO greenlens.ml_engine: Predicted bond WLD_Green_Bonds_2007: score=31.8 [Medium-Low]
[2026-04-22 17:21:51,264] DEBUG greenlens.worldbank_climate: WB CKP API pr/WLD returned 404
[2026-04-22 17:21:51,265] DEBUG greenlens.worldbank_climate: WB flood fallback WLD \u2192 0.400
[2026-04-22 17:21:51,369] DEBUG greenlens.worldbank_climate: WB CKP API tas/WLD returned 404
[2026-04-22 17:21:51,369] DEBUG greenlens.worldbank_climate: WB heat fallback WLD \u2192 0.450
[2026-04-22 17:21:51,389] INFO greenlens.ml_engine: Predicted bond WLD_Green_Bonds_2008: score=31.8 [Medium-Low]
[2026-04-22 17:21:51,982] DEBUG greenlens.worldbank_climate: WB CKP API pr/WLD returned 404
[2026-04-22 17:21:51,982] DEBUG greenlens.worldbank_climate: WB flood fallback WLD \u2192 0.400
[2026-04-22 17:21:52,085] DEBUG greenlens.worldbank_climate: WB CKP API tas/WLD returned 404
[2026-04-22 17:21:52,085] DEBUG greenlens.worldbank_climate: WB heat fallback WLD \u2192 0.450
[2026-04-22 17:21:52,106] INFO greenlens.ml_engine: Predicted bond WLD_Green_Bonds_2009: score=31.8 [Medium-Low]
[2026-04-22 17:21:52,801] DEBUG greenlens.worldbank_climate: WB CKP API pr/WLD returned 404
[2026-04-22 17:21:52,801] DEBUG greenlens.worldbank_climate: WB flood fallback WLD \u2192 0.400
[2026-04-22 17:21:52,871] DEBUG greenlens.worldbank_climate: WB CKP API tas/WLD returned 404
[2026-04-22 17:21:52,872] DEBUG greenlens.worldbank_climate: WB heat fallback WLD \u2192 0.450
[2026-04-22 17:21:52,896] INFO greenlens.ml_engine: Predicted bond WLD_Green_Bonds_2010: score=31.8 [Medium-Low]
[2026-04-22 17:21:53,621] DEBUG greenlens.worldbank_climate: WB CKP API pr/WLD returned 404
[2026-04-22 17:21:53,621] DEBUG greenlens.worldbank_climate: WB flood fallback WLD \u2192 0.400
[2026-04-22 17:21:53,723] DEBUG greenlens.worldbank_climate: WB CKP API tas/WLD returned 404
[2026-04-22 17:21:53,723] DEBUG greenlens.worldbank_climate: WB heat fallback WLD \u2192 0.450
[2026-04-22 17:21:53,738] INFO greenlens.ml_engine: Predicted bond WLD_Green_Bonds_2011: score=31.8 [Medium-Low]
[2026-04-22 17:21:54,441] DEBUG greenlens.worldbank_climate: WB CKP API pr/WLD returned 404
[2026-04-22 17:21:54,441] DEBUG greenlens.worldbank_climate: WB flood fallback WLD \u2192 0.400
[2026-04-22 17:21:54,542] DEBUG greenlens.worldbank_climate: WB CKP API tas/WLD returned 404
[2026-04-22 17:21:54,542] DEBUG greenlens.worldbank_climate: WB heat fallback WLD \u2192 0.450
[2026-04-22 17:21:54,562] INFO greenlens.ml_engine: Predicted bond WLD_Green_Bonds_2012: score=31.8 [Medium-Low]
[2026-04-22 17:21:55,156] DEBUG greenlens.worldbank_climate: WB CKP API pr/WLD returned 404
[2026-04-22 17:21:55,156] DEBUG greenlens.worldbank_climate: WB flood fallback WLD \u2192 0.400
[2026-04-22 17:21:55,259] DEBUG greenlens.worldbank_climate: WB CKP API tas/WLD returned 404
[2026-04-22 17:21:55,259] DEBUG greenlens.worldbank_climate: WB heat fallback WLD \u2192 0.450
[2026-04-22 17:21:55,281] INFO greenlens.ml_engine: Predicted bond WLD_Green_Bonds_2013: score=31.8 [Medium-Low]
[2026-04-22 17:21:55,976] DEBUG greenlens.worldbank_climate: WB CKP API pr/WLD returned 404
[2026-04-22 17:21:55,976] DEBUG greenlens.worldbank_climate: WB flood fallback WLD \u2192 0.400
[2026-04-22 17:21:56,079] DEBUG greenlens.worldbank_climate: WB CKP API tas/WLD returned 404
[2026-04-22 17:21:56,079] DEBUG greenlens.worldbank_climate: WB heat fallback WLD \u2192 0.450
[2026-04-22 17:21:56,099] INFO greenlens.ml_engine: Predicted bond WLD_Green_Bonds_2014: score=31.8 [Medium-Low]
[2026-04-22 17:21:56,795] DEBUG greenlens.worldbank_climate: WB CKP API pr/WLD returned 404
[2026-04-22 17:21:56,795] DEBUG greenlens.worldbank_climate: WB flood fallback WLD \u2192 0.400
[2026-04-22 17:21:56,897] DEBUG greenlens.worldbank_climate: WB CKP API tas/WLD returned 404
[2026-04-22 17:21:56,898] DEBUG greenlens.worldbank_climate: WB heat fallback WLD \u2192 0.450
[2026-04-22 17:21:56,920] INFO greenlens.ml_engine: Predicted bond WLD_Green_Bonds_2015: score=31.8 [Medium-Low]
[2026-04-22 17:21:57,615] DEBUG greenlens.worldbank_climate: WB CKP API pr/WLD returned 404
[2026-04-22 17:21:57,616] DEBUG greenlens.worldbank_climate: WB flood fallback WLD \u2192 0.400
[2026-04-22 17:21:57,717] DEBUG greenlens.worldbank_climate: WB CKP API tas/WLD returned 404
[2026-04-22 17:21:57,717] DEBUG greenlens.worldbank_climate: WB heat fallback WLD \u2192 0.450
[2026-04-22 17:21:57,734] INFO greenlens.ml_engine: Predicted bond WLD_Green_Bonds_2016: score=31.8 [Medium-Low]
[2026-04-22 17:21:58,434] DEBUG greenlens.worldbank_climate: WB CKP API pr/WLD returned 404
[2026-04-22 17:21:58,434] DEBUG greenlens.worldbank_climate: WB flood fallback WLD \u2192 0.400
[2026-04-22 17:21:58,536] DEBUG greenlens.worldbank_climate: WB CKP API tas/WLD returned 404
[2026-04-22 17:21:58,536] DEBUG greenlens.worldbank_climate: WB heat fallback WLD \u2192 0.450
[2026-04-22 17:21:58,556] INFO greenlens.ml_engine: Predicted bond WLD_Green_Bonds_2017: score=31.8 [Medium-Low]
[2026-04-22 17:21:59,151] DEBUG greenlens.worldbank_climate: WB CKP API pr/WLD returned 404
[2026-04-22 17:21:59,151] DEBUG greenlens.worldbank_climate: WB flood fallback WLD \u2192 0.400
[2026-04-22 17:21:59,253] DEBUG greenlens.worldbank_climate: WB CKP API tas/WLD returned 404
[2026-04-22 17:21:59,253] DEBUG greenlens.worldbank_climate: WB heat fallback WLD \u2192 0.450
[2026-04-22 17:21:59,282] INFO greenlens.ml_engine: Predicted bond WLD_Green_Bonds_2018: score=31.8 [Medium-Low]
[2026-04-22 17:21:59,867] DEBUG greenlens.worldbank_climate: WB CKP API pr/WLD returned 404
[2026-04-22 17:21:59,868] DEBUG greenlens.worldbank_climate: WB flood fallback WLD \u2192 0.400
[2026-04-22 17:21:59,969] DEBUG greenlens.worldbank_climate: WB CKP API tas/WLD returned 404
[2026-04-22 17:21:59,969] DEBUG greenlens.worldbank_climate: WB heat fallback WLD \u2192 0.450
[2026-04-22 17:21:59,985] INFO greenlens.ml_engine: Predicted bond WLD_Green_Bonds_2019: score=31.8 [Medium-Low]
[2026-04-22 17:22:00,689] DEBUG greenlens.worldbank_climate: WB CKP API pr/WLD returned 404
[2026-04-22 17:22:00,689] DEBUG greenlens.worldbank_climate: WB flood fallback WLD \u2192 0.400
[2026-04-22 17:22:00,789] DEBUG greenlens.worldbank_climate: WB CKP API tas/WLD returned 404
[2026-04-22 17:22:00,789] DEBUG greenlens.worldbank_climate: WB heat fallback WLD \u2192 0.450
[2026-04-22 17:22:00,809] INFO greenlens.ml_engine: Predicted bond WLD_Green_Bonds_2020: score=31.8 [Medium-Low]
[2026-04-22 17:22:01,506] DEBUG greenlens.worldbank_climate: WB CKP API pr/WLD returned 404
[2026-04-22 17:22:01,506] DEBUG greenlens.worldbank_climate: WB flood fallback WLD \u2192 0.400
[2026-04-22 17:22:01,608] DEBUG greenlens.worldbank_climate: WB CKP API tas/WLD returned 404
[2026-04-22 17:22:01,608] DEBUG greenlens.worldbank_climate: WB heat fallback WLD \u2192 0.450
[2026-04-22 17:22:01,630] INFO greenlens.ml_engine: Predicted bond WLD_Green_Bonds_2021: score=31.8 [Medium-Low]
[2026-04-22 17:22:02,197] DEBUG greenlens.worldbank_climate: WB CKP API pr/WLD returned 404
[2026-04-22 17:22:02,197] DEBUG greenlens.worldbank_climate: WB flood fallback WLD \u2192 0.400
[2026-04-22 17:22:02,325] DEBUG greenlens.worldbank_climate: WB CKP API tas/WLD returned 404
[2026-04-22 17:22:02,325] DEBUG greenlens.worldbank_climate: WB heat fallback WLD \u2192 0.450
[2026-04-22 17:22:02,343] INFO greenlens.ml_engine: Predicted bond WLD_Green_Bonds_2022: score=31.8 [Medium-Low]
[2026-04-22 17:22:03,042] DEBUG greenlens.worldbank_climate: WB CKP API pr/WLD returned 404
[2026-04-22 17:22:03,042] DEBUG greenlens.worldbank_climate: WB flood fallback WLD \u2192 0.400
[2026-04-22 17:22:03,117] DEBUG greenlens.worldbank_climate: WB CKP API tas/WLD returned 404
[2026-04-22 17:22:03,117] DEBUG greenlens.worldbank_climate: WB heat fallback WLD \u2192 0.450
[2026-04-22 17:22:03,142] INFO greenlens.ml_engine: Predicted bond WLD_Green_Bonds_2023: score=31.8 [Medium-Low]
[2026-04-22 17:22:03,860] DEBUG greenlens.worldbank_climate: WB CKP API pr/WLD returned 404
[2026-04-22 17:22:03,860] DEBUG greenlens.worldbank_climate: WB flood fallback WLD \u2192 0.400
[2026-04-22 17:22:03,963] DEBUG greenlens.worldbank_climate: WB CKP API tas/WLD returned 404
[2026-04-22 17:22:03,963] DEBUG greenlens.worldbank_climate: WB heat fallback WLD \u2192 0.450
[2026-04-22 17:22:03,983] INFO greenlens.ml_engine: Predicted bond WLD_Green_Bonds_2024: score=31.8 [Medium-Low]
[2026-04-22 17:22:04,680] DEBUG greenlens.worldbank_climate: WB CKP API pr/WLD returned 404
[2026-04-22 17:22:04,680] DEBUG greenlens.worldbank_climate: WB flood fallback WLD \u2192 0.400
[2026-04-22 17:22:04,783] DEBUG greenlens.worldbank_climate: WB CKP API tas/WLD returned 404
[2026-04-22 17:22:04,783] DEBUG greenlens.worldbank_climate: WB heat fallback WLD \u2192 0.450
[2026-04-22 17:22:04,801] INFO greenlens.ml_engine: Predicted bond WLD_Social_Bond_2006: score=31.8 [Medium-Low]
[2026-04-22 17:22:05,502] DEBUG greenlens.worldbank_climate: WB CKP API pr/WLD returned 404
[2026-04-22 17:22:05,502] DEBUG greenlens.worldbank_climate: WB flood fallback WLD \u2192 0.400
[2026-04-22 17:22:05,577] DEBUG greenlens.worldbank_climate: WB CKP API tas/WLD returned 404
[2026-04-22 17:22:05,577] DEBUG greenlens.worldbank_climate: WB heat fallback WLD \u2192 0.450
[2026-04-22 17:22:05,598] INFO greenlens.ml_engine: Predicted bond WLD_Social_Bond_2008: score=31.8 [Medium-Low]
[2026-04-22 17:22:06,208] DEBUG greenlens.worldbank_climate: WB CKP API pr/WLD returned 404
[2026-04-22 17:22:06,209] DEBUG greenlens.worldbank_climate: WB flood fallback WLD \u2192 0.400
[2026-04-22 17:22:06,319] DEBUG greenlens.worldbank_climate: WB CKP API tas/WLD returned 404
[2026-04-22 17:22:06,319] DEBUG greenlens.worldbank_climate: WB heat fallback WLD \u2192 0.450
[2026-04-22 17:22:06,341] INFO greenlens.ml_engine: Predicted bond WLD_Social_Bond_2009: score=31.8 [Medium-Low]
[2026-04-22 17:22:07,342] DEBUG greenlens.worldbank_climate: WB CKP API pr/WLD returned 404
[2026-04-22 17:22:07,342] DEBUG greenlens.worldbank_climate: WB flood fallback WLD \u2192 0.400
[2026-04-22 17:22:07,444] DEBUG greenlens.worldbank_climate: WB CKP API tas/WLD returned 404
[2026-04-22 17:22:07,445] DEBUG greenlens.worldbank_climate: WB heat fallback WLD \u2192 0.450
[2026-04-22 17:22:07,476] INFO greenlens.ml_engine: Predicted bond WLD_Social_Bond_2010: score=31.8 [Medium-Low]
[2026-04-22 17:22:08,468] DEBUG greenlens.worldbank_climate: WB CKP API pr/WLD returned 404
[2026-04-22 17:22:08,469] DEBUG greenlens.worldbank_climate: WB flood fallback WLD \u2192 0.400
[2026-04-22 17:22:08,572] DEBUG greenlens.worldbank_climate: WB CKP API tas/WLD returned 404
[2026-04-22 17:22:08,572] DEBUG greenlens.worldbank_climate: WB heat fallback WLD \u2192 0.450
[2026-04-22 17:22:08,605] INFO greenlens.ml_engine: Predicted bond WLD_Social_Bond_2011: score=31.8 [Medium-Low]
[2026-04-22 17:22:09,596] DEBUG greenlens.worldbank_climate: WB CKP API pr/WLD returned 404
[2026-04-22 17:22:09,596] DEBUG greenlens.worldbank_climate: WB flood fallback WLD \u2192 0.400
[2026-04-22 17:22:09,702] DEBUG greenlens.worldbank_climate: WB CKP API tas/WLD returned 404
[2026-04-22 17:22:09,702] DEBUG greenlens.worldbank_climate: WB heat fallback WLD \u2192 0.450
[2026-04-22 17:22:09,731] INFO greenlens.ml_engine: Predicted bond WLD_Social_Bond_2012: score=31.8 [Medium-Low]
[2026-04-22 17:22:10,825] DEBUG greenlens.worldbank_climate: WB CKP API pr/WLD returned 404
[2026-04-22 17:22:10,825] DEBUG greenlens.worldbank_climate: WB flood fallback WLD \u2192 0.400
[2026-04-22 17:22:10,927] DEBUG greenlens.worldbank_climate: WB CKP API tas/WLD returned 404
[2026-04-22 17:22:10,927] DEBUG greenlens.worldbank_climate: WB heat fallback WLD \u2192 0.450
[2026-04-22 17:22:10,956] INFO greenlens.ml_engine: Predicted bond WLD_Social_Bond_2013: score=31.8 [Medium-Low]
[2026-04-22 17:22:12,055] DEBUG greenlens.worldbank_climate: WB CKP API pr/WLD returned 404
[2026-04-22 17:22:12,056] DEBUG greenlens.worldbank_climate: WB flood fallback WLD \u2192 0.400
[2026-04-22 17:22:12,154] DEBUG greenlens.worldbank_climate: WB CKP API tas/WLD returned 404
[2026-04-22 17:22:12,155] DEBUG greenlens.worldbank_climate: WB heat fallback WLD \u2192 0.450
[2026-04-22 17:22:12,176] INFO greenlens.ml_engine: Predicted bond WLD_Social_Bond_2014: score=31.8 [Medium-Low]
[2026-04-22 17:22:13,178] DEBUG greenlens.worldbank_climate: WB CKP API pr/WLD returned 404
[2026-04-22 17:22:13,178] DEBUG greenlens.worldbank_climate: WB flood fallback WLD \u2192 0.400
[2026-04-22 17:22:13,288] DEBUG greenlens.worldbank_climate: WB CKP API tas/WLD returned 404
[2026-04-22 17:22:13,288] DEBUG greenlens.worldbank_climate: WB heat fallback WLD \u2192 0.450
[2026-04-22 17:22:13,318] INFO greenlens.ml_engine: Predicted bond WLD_Social_Bond_2015: score=31.8 [Medium-Low]
[2026-04-22 17:22:14,408] DEBUG greenlens.worldbank_climate: WB CKP API pr/WLD returned 404
[2026-04-22 17:22:14,408] DEBUG greenlens.worldbank_climate: WB flood fallback WLD \u2192 0.400
[2026-04-22 17:22:14,511] DEBUG greenlens.worldbank_climate: WB CKP API tas/WLD returned 404
[2026-04-22 17:22:14,511] DEBUG greenlens.worldbank_climate: WB heat fallback WLD \u2192 0.450
[2026-04-22 17:22:14,545] INFO greenlens.ml_engine: Predicted bond WLD_Social_Bond_2016: score=31.8 [Medium-Low]
[2026-04-22 17:22:15,636] DEBUG greenlens.worldbank_climate: WB CKP API pr/WLD returned 404
[2026-04-22 17:22:15,637] DEBUG greenlens.worldbank_climate: WB flood fallback WLD \u2192 0.400
[2026-04-22 17:22:15,739] DEBUG greenlens.worldbank_climate: WB CKP API tas/WLD returned 404
[2026-04-22 17:22:15,739] DEBUG greenlens.worldbank_climate: WB heat fallback WLD \u2192 0.450
[2026-04-22 17:22:15,776] INFO greenlens.ml_engine: Predicted bond WLD_Social_Bond_2017: score=31.8 [Medium-Low]
[2026-04-22 17:22:16,864] DEBUG greenlens.worldbank_climate: WB CKP API pr/WLD returned 404
[2026-04-22 17:22:16,865] DEBUG greenlens.worldbank_climate: WB flood fallback WLD \u2192 0.400
[2026-04-22 17:22:16,968] DEBUG greenlens.worldbank_climate: WB CKP API tas/WLD returned 404
[2026-04-22 17:22:16,969] DEBUG greenlens.worldbank_climate: WB heat fallback WLD \u2192 0.450
[2026-04-22 17:22:16,992] INFO greenlens.ml_engine: Predicted bond WLD_Social_Bond_2018: score=31.8 [Medium-Low]
[2026-04-22 17:22:18,331] DEBUG greenlens.worldbank_climate: WB CKP API pr/WLD returned 404
[2026-04-22 17:22:18,331] DEBUG greenlens.worldbank_climate: WB flood fallback WLD \u2192 0.400
[2026-04-22 17:22:18,768] DEBUG greenlens.worldbank_climate: WB CKP API tas/WLD returned 404
[2026-04-22 17:22:18,768] DEBUG greenlens.worldbank_climate: WB heat fallback WLD \u2192 0.450
[2026-04-22 17:22:18,792] INFO greenlens.ml_engine: Predicted bond WLD_Social_Bond_2019: score=31.8 [Medium-Low]
[2026-04-22 17:22:19,487] DEBUG greenlens.worldbank_climate: WB CKP API pr/WLD returned 404
[2026-04-22 17:22:19,487] DEBUG greenlens.worldbank_climate: WB flood fallback WLD \u2192 0.400
[2026-04-22 17:22:19,630] DEBUG greenlens.worldbank_climate: WB CKP API tas/WLD returned 404
[2026-04-22 17:22:19,630] DEBUG greenlens.worldbank_climate: WB heat fallback WLD \u2192 0.450
[2026-04-22 17:22:19,648] INFO greenlens.ml_engine: Predicted bond WLD_Social_Bond_2020: score=31.8 [Medium-Low]
[2026-04-22 17:22:20,757] DEBUG greenlens.worldbank_climate: WB CKP API pr/WLD returned 404
[2026-04-22 17:22:20,757] DEBUG greenlens.worldbank_climate: WB flood fallback WLD \u2192 0.400
[2026-04-22 17:22:20,859] DEBUG greenlens.worldbank_climate: WB CKP API tas/WLD returned 404
[2026-04-22 17:22:20,859] DEBUG greenlens.worldbank_climate: WB heat fallback WLD \u2192 0.450
[2026-04-22 17:22:20,892] INFO greenlens.ml_engine: Predicted bond WLD_Social_Bond_2021: score=31.8 [Medium-Low]
[2026-04-22 17:22:22,091] DEBUG greenlens.worldbank_climate: WB CKP API pr/WLD returned 404
[2026-04-22 17:22:22,091] DEBUG greenlens.worldbank_climate: WB flood fallback WLD \u2192 0.400
[2026-04-22 17:22:22,195] DEBUG greenlens.worldbank_climate: WB CKP API tas/WLD returned 404
[2026-04-22 17:22:22,196] DEBUG greenlens.worldbank_climate: WB heat fallback WLD \u2192 0.450
[2026-04-22 17:22:22,226] INFO greenlens.ml_engine: Predicted bond WLD_Social_Bond_2022: score=31.8 [Medium-Low]
[2026-04-22 17:22:23,246] DEBUG greenlens.worldbank_climate: WB CKP API pr/WLD returned 404
[2026-04-22 17:22:23,247] DEBUG greenlens.worldbank_climate: WB flood fallback WLD \u2192 0.400
[2026-04-22 17:22:23,335] DEBUG greenlens.worldbank_climate: WB CKP API tas/WLD returned 404
[2026-04-22 17:22:23,336] DEBUG greenlens.worldbank_climate: WB heat fallback WLD \u2192 0.450
[2026-04-22 17:22:23,359] INFO greenlens.ml_engine: Predicted bond WLD_Social_Bond_2023: score=31.8 [Medium-Low]
[2026-04-22 17:22:24,410] DEBUG greenlens.worldbank_climate: WB CKP API pr/WLD returned 404
[2026-04-22 17:22:24,410] DEBUG greenlens.worldbank_climate: WB flood fallback WLD \u2192 0.400
[2026-04-22 17:22:24,529] DEBUG greenlens.worldbank_climate: WB CKP API tas/WLD returned 404
[2026-04-22 17:22:24,530] DEBUG greenlens.worldbank_climate: WB heat fallback WLD \u2192 0.450
[2026-04-22 17:22:24,557] INFO greenlens.ml_engine: Predicted bond WLD_Social_Bond_2024: score=31.8 [Medium-Low]
[2026-04-22 17:22:25,658] DEBUG greenlens.worldbank_climate: WB CKP API pr/WLD returned 404
[2026-04-22 17:22:25,658] DEBUG greenlens.worldbank_climate: WB flood fallback WLD \u2192 0.400
[2026-04-22 17:22:25,812] DEBUG greenlens.worldbank_climate: WB CKP API tas/WLD returned 404
[2026-04-22 17:22:25,813] DEBUG greenlens.worldbank_climate: WB heat fallback WLD \u2192 0.450
[2026-04-22 17:22:25,835] INFO greenlens.ml_engine: Predicted bond WLD_Sustainabili_2008: score=31.8 [Medium-Low]
[2026-04-22 17:22:26,907] DEBUG greenlens.worldbank_climate: WB CKP API pr/WLD returned 404
[2026-04-22 17:22:26,908] DEBUG greenlens.worldbank_climate: WB flood fallback WLD \u2192 0.400
[2026-04-22 17:22:27,048] DEBUG greenlens.worldbank_climate: WB CKP API tas/WLD returned 404
[2026-04-22 17:22:27,048] DEBUG greenlens.worldbank_climate: WB heat fallback WLD \u2192 0.450
[2026-04-22 17:22:27,069] INFO greenlens.ml_engine: Predicted bond WLD_Sustainabili_2013: score=31.8 [Medium-Low]
[2026-04-22 17:22:28,060] DEBUG greenlens.worldbank_climate: WB CKP API pr/WLD returned 404
[2026-04-22 17:22:28,061] DEBUG greenlens.worldbank_climate: WB flood fallback WLD \u2192 0.400
[2026-04-22 17:22:28,140] DEBUG greenlens.worldbank_climate: WB CKP API tas/WLD returned 404
[2026-04-22 17:22:28,141] DEBUG greenlens.worldbank_climate: WB heat fallback WLD \u2192 0.450
[2026-04-22 17:22:28,167] INFO greenlens.ml_engine: Predicted bond WLD_Sustainabili_2014: score=31.8 [Medium-Low]
[2026-04-22 17:22:29,073] DEBUG greenlens.worldbank_climate: WB CKP API pr/WLD returned 404
[2026-04-22 17:22:29,074] DEBUG greenlens.worldbank_climate: WB flood fallback WLD \u2192 0.400
[2026-04-22 17:22:29,239] DEBUG greenlens.worldbank_climate: WB CKP API tas/WLD returned 404
[2026-04-22 17:22:29,239] DEBUG greenlens.worldbank_climate: WB heat fallback WLD \u2192 0.450
[2026-04-22 17:22:29,273] INFO greenlens.ml_engine: Predicted bond WLD_Sustainabili_2015: score=31.8 [Medium-Low]
[2026-04-22 17:22:30,280] DEBUG greenlens.worldbank_climate: WB CKP API pr/WLD returned 404
[2026-04-22 17:22:30,281] DEBUG greenlens.worldbank_climate: WB flood fallback WLD \u2192 0.400
[2026-04-22 17:22:30,356] DEBUG greenlens.worldbank_climate: WB CKP API tas/WLD returned 404
[2026-04-22 17:22:30,356] DEBUG greenlens.worldbank_climate: WB heat fallback WLD \u2192 0.450
[2026-04-22 17:22:30,385] INFO greenlens.ml_engine: Predicted bond WLD_Sustainabili_2016: score=31.8 [Medium-Low]
[2026-04-22 17:22:31,406] DEBUG greenlens.worldbank_climate: WB CKP API pr/WLD returned 404
[2026-04-22 17:22:31,406] DEBUG greenlens.worldbank_climate: WB flood fallback WLD \u2192 0.400
[2026-04-22 17:22:31,510] DEBUG greenlens.worldbank_climate: WB CKP API tas/WLD returned 404
[2026-04-22 17:22:31,510] DEBUG greenlens.worldbank_climate: WB heat fallback WLD \u2192 0.450
[2026-04-22 17:22:31,544] INFO greenlens.ml_engine: Predicted bond WLD_Sustainabili_2017: score=31.8 [Medium-Low]
[2026-04-22 17:22:32,634] DEBUG greenlens.worldbank_climate: WB CKP API pr/WLD returned 404
[2026-04-22 17:22:32,635] DEBUG greenlens.worldbank_climate: WB flood fallback WLD \u2192 0.400
[2026-04-22 17:22:32,738] DEBUG greenlens.worldbank_climate: WB CKP API tas/WLD returned 404
[2026-04-22 17:22:32,738] DEBUG greenlens.worldbank_climate: WB heat fallback WLD \u2192 0.450
[2026-04-22 17:22:32,768] INFO greenlens.ml_engine: Predicted bond WLD_Sustainabili_2018: score=31.8 [Medium-Low]
[2026-04-22 17:22:33,659] DEBUG greenlens.worldbank_climate: WB CKP API pr/WLD returned 404
[2026-04-22 17:22:33,660] DEBUG greenlens.worldbank_climate: WB flood fallback WLD \u2192 0.400
[2026-04-22 17:22:33,761] DEBUG greenlens.worldbank_climate: WB CKP API tas/WLD returned 404
[2026-04-22 17:22:33,761] DEBUG greenlens.worldbank_climate: WB heat fallback WLD \u2192 0.450
[2026-04-22 17:22:33,787] INFO greenlens.ml_engine: Predicted bond WLD_Sustainabili_2019: score=31.8 [Medium-Low]
[2026-04-22 17:22:34,887] DEBUG greenlens.worldbank_climate: WB CKP API pr/WLD returned 404
[2026-04-22 17:22:34,888] DEBUG greenlens.worldbank_climate: WB flood fallback WLD \u2192 0.400
[2026-04-22 17:22:34,990] DEBUG greenlens.worldbank_climate: WB CKP API tas/WLD returned 404
[2026-04-22 17:22:34,990] DEBUG greenlens.worldbank_climate: WB heat fallback WLD \u2192 0.450
[2026-04-22 17:22:35,015] INFO greenlens.ml_engine: Predicted bond WLD_Sustainabili_2020: score=31.8 [Medium-Low]
[2026-04-22 17:22:36,013] DEBUG greenlens.worldbank_climate: WB CKP API pr/WLD returned 404
[2026-04-22 17:22:36,014] DEBUG greenlens.worldbank_climate: WB flood fallback WLD \u2192 0.400
[2026-04-22 17:22:36,116] DEBUG greenlens.worldbank_climate: WB CKP API tas/WLD returned 404
[2026-04-22 17:22:36,116] DEBUG greenlens.worldbank_climate: WB heat fallback WLD \u2192 0.450
[2026-04-22 17:22:36,154] INFO greenlens.ml_engine: Predicted bond WLD_Sustainabili_2021: score=31.8 [Medium-Low]
[2026-04-22 17:22:37,195] DEBUG greenlens.worldbank_climate: WB CKP API pr/WLD returned 404
[2026-04-22 17:22:37,195] DEBUG greenlens.worldbank_climate: WB flood fallback WLD \u2192 0.400
[2026-04-22 17:22:37,345] DEBUG greenlens.worldbank_climate: WB CKP API tas/WLD returned 404
[2026-04-22 17:22:37,345] DEBUG greenlens.worldbank_climate: WB heat fallback WLD \u2192 0.450
[2026-04-22 17:22:37,375] INFO greenlens.ml_engine: Predicted bond WLD_Sustainabili_2022: score=31.8 [Medium-Low]
[2026-04-22 17:22:38,340] DEBUG greenlens.worldbank_climate: WB CKP API pr/WLD returned 404
[2026-04-22 17:22:38,340] DEBUG greenlens.worldbank_climate: WB flood fallback WLD \u2192 0.400
[2026-04-22 17:22:38,471] DEBUG greenlens.worldbank_climate: WB CKP API tas/WLD returned 404
[2026-04-22 17:22:38,471] DEBUG greenlens.worldbank_climate: WB heat fallback WLD \u2192 0.450
[2026-04-22 17:22:38,491] INFO greenlens.ml_engine: Predicted bond WLD_Sustainabili_2023: score=31.8 [Medium-Low]
[2026-04-22 17:22:39,494] DEBUG greenlens.worldbank_climate: WB CKP API pr/WLD returned 404
[2026-04-22 17:22:39,495] DEBUG greenlens.worldbank_climate: WB flood fallback WLD \u2192 0.400
[2026-04-22 17:22:39,597] DEBUG greenlens.worldbank_climate: WB CKP API tas/WLD returned 404
[2026-04-22 17:22:39,597] DEBUG greenlens.worldbank_climate: WB heat fallback WLD \u2192 0.450
[2026-04-22 17:22:39,632] INFO greenlens.ml_engine: Predicted bond WLD_Sustainabili_2024: score=31.8 [Medium-Low]
Scoring 1295 bonds …
  100/1295  ok=100  errors=0
  200/1295  ok=200  errors=0
  300/1295  ok=300  errors=0
  400/1295  ok=400  errors=0
  500/1295  ok=500  errors=0
  600/1295  ok=600  errors=0
  700/1295  ok=700  errors=0
  800/1295  ok=800  errors=0
  900/1295  ok=900  errors=0
  1000/1295  ok=1000  errors=0
  1100/1295  ok=1100  errors=0
  1200/1295  ok=1200  errors=0
  1295/1295  ok=1295  errors=0

Done. 1295 bonds scored, 0 errors.
