ObjectId,Country,ISO2,ISO3,Indicator,Source,CTS_Code,CTS_Name,CTS_Full_Descriptor,Bond_Type,Type_of_Issuer,Use_of_Proceed,Principal_Currency,Unit,2006,2007,2008,2009,2010,2011,2012,2013,2014,2015,2016,2017,2018,2019,2020,2021,2022,2023,2024
1,"Andorra, Principality of",AD,AND,Sovereign Sustainability Bond Issuances,Refinitiv; Country authorities; IMF staff calculations.,,,,Sustainability Bond,Not Applicable,Not Applicable,Not Applicable,Billion US Dollars,,,,,,,,,,,,,,,,0.522897689,0.522897689,,
2,"Andorra, Principality of",AD,AND,Sustainability Bond Issuances by Country,Refinitiv; Country authorities; IMF staff calculations.,,,,Sustainability Bond,Not Applicable,Not Applicable,Not Applicable,Billion US Dollars,,,,,,,,,,,,,,,,0.522897689,0.522897689,,
3,Argentina,AR,ARG,Green Bond Issuances by Country,Refinitiv; Country authorities; IMF staff calculations.,ECFFI,Green Bonds Issuances,"Environment, Climate Change, Climate Finance, Green Bonds, Green Bonds Issuances ",Green Bonds,Not Applicable,Not Applicable,Not Applicable,Billion US Dollars,,,,,,,,,,,,0.97391742,,,0.257622597,0.915156197,0.291133652,0.388301167,0.197471857
4,Argentina,AR,ARG,Social Bond Issuances by Country,Refinitiv; Country authorities; IMF staff calculations.,,,,Social Bond,Not Applicable,Not Applicable,Not Applicable,Billion US Dollars,,,,,,,,,,,,1.045795378,,,0,0.012426914,0.00052704,0.070058499,
5,Argentina,AR,ARG,Sovereign Sustainability Bond Issuances,Refinitiv; Country authorities; IMF staff calculations.,,,,Sustainability Bond,Not Applicable,Not Applicable,Not Applicable,Billion US Dollars,,,,,,,,,,,,,,,,,,0.146799836,
6,Argentina,AR,ARG,Sustainability Bond Issuances by Country,Refinitiv; Country authorities; IMF staff calculations.,,,,Sustainability Bond,Not Applicable,Not Applicable,Not Applicable,Billion US Dollars,,,,,,,,,,,,,,,,,0.000117936,0.154614624,0.003068001
7,Argentina,AR,ARG,Sustainability Linked Bond Issuances by Country,Refinitiv; Country authorities; IMF staff calculations.,,,,Linked Bond,Not Applicable,Not Applicable,Not Applicable,Billion US Dollars,,,,,,,,,,,,,,,,0.050006468,0.12,0.0886,0.079029225
8,Australia,AU,AUS,Green Bond Issuances by Country,Refinitiv; Country authorities; IMF staff calculations.,ECFFI,Green Bonds Issuances,"Environment, Climate Change, Climate Finance, Green Bonds, Green Bonds Issuances ",Green Bonds,Not Applicable,Not Applicable,Not Applicable,Billion US Dollars,,,,,,,,,0.508890696,0.381300999,0.496929136,2.448427999,2.130916244,2.00860922,3.115229161,4.631842611,4.299148206,7.465745249,12.87129462
9,Australia,AU,AUS,Social Bond Issuances by Country,Refinitiv; Country authorities; IMF staff calculations.,,,,Social Bond,Not Applicable,Not Applicable,Not Applicable,Billion US Dollars,,,,,,,,,,,,0.718400356,,0.422608606,0.441673657,0.293601768,,,
10,Australia,AU,AUS,Sovereign Green Bond Issuances,Refinitiv; Country authorities; IMF staff calculations.,ECFF,Green Bonds,"Environment, Climate Change, Climate Finance, Green Bonds",Green Bond,Not Applicable,Not Applicable,Not Applicable,Billion US Dollars,,,,,,,,,,,,,,,,,,,5.211113653
11,Australia,AU,AUS,Sustainability Bond Issuances by Country,Refinitiv; Country authorities; IMF staff calculations.,,,,Sustainability Bond,Not Applicable,Not Applicable,Not Applicable,Billion US Dollars,,,,,,,,,,,,0.127100333,1.024859401,2.639674764,0.794377081,8.846003388,2.964249217,1.624696645,8.641248385
12,Australia,AU,AUS,Sustainability Linked Bond Issuances by Country,Refinitiv; Country authorities; IMF staff calculations.,,,,Linked Bond,Not Applicable,Not Applicable,Not Applicable,Billion US Dollars,,,,,,,,,,,,,,,,2.632543428,0.095325249,0.228823575,
13,Austria,AT,AUT,Green Bond Issuances by Country,Refinitiv; Country authorities; IMF staff calculations.,ECFFI,Green Bonds Issuances,"Environment, Climate Change, Climate Finance, Green Bonds, Green Bonds Issuances ",Green Bonds,Not Applicable,Not Applicable,Not Applicable,Billion US Dollars,,,,,,,,,0.529190126,0.015957791,1.413826459,1.521003167,0.541771003,2.223137881,1.641511203,2.670297089,11.8784339,17.00470106,13.38602363
14,Austria,AT,AUT,Social Bond Issuances by Country,Refinitiv; Country authorities; IMF staff calculations.,,,,Social Bond,Not Applicable,Not Applicable,Not Applicable,Billion US Dollars,,,,,,,,,,,,0.31971329,,,0.000136315,0.522897689,,,
15,Austria,AT,AUT,Sovereign Green Bond Issuances,Refinitiv; Country authorities; IMF staff calculations.,ECFF,Green Bonds,"Environment, Climate Change, Climate Finance, Green Bonds",Green Bond,Not Applicable,Not Applicable,Not Applicable,Billion US Dollars,,,,,,,,,,,,,,,,,9.573233394,12.33695236,9.386501805
16,Austria,AT,AUT,Sustainability Bond Issuances by Country,Refinitiv; Country authorities; IMF staff calculations.,,,,Sustainability Bond,Not Applicable,Not Applicable,Not Applicable,Billion US Dollars,,,,,,,,,,,,,,0.522897689,,1.146110362,0.609015318,2.621592431,0.778817432
17,Austria,AT,AUT,Sustainability Linked Bond Issuances by Country,Refinitiv; Country authorities; IMF staff calculations.,,,,Linked Bond,Not Applicable,Not Applicable,Not Applicable,Billion US Dollars,,,,,,,,,,,,,,,1.25,3.608509635,,0.366028382,
18,Bangladesh,BD,BGD,Green Bond Issuances by Country,Refinitiv; Country authorities; IMF staff calculations.,ECFFI,Green Bonds Issuances,"Environment, Climate Change, Climate Finance, Green Bonds, Green Bonds Issuances ",Green Bonds,Not Applicable,Not Applicable,Not Applicable,Billion US Dollars,,,,,,,,,,,,,,,,0.246103363,,,
19,"Belarus, Rep. of",BY,BLR,Green Bond Issuances by Country,Refinitiv; Country authorities; IMF staff calculations.,ECFFI,Green Bonds Issuances,"Environment, Climate Change, Climate Finance, Green Bonds, Green Bonds Issuances ",Green Bonds,Not Applicable,Not Applicable,Not Applicable,Billion US Dollars,,,,,,,,,,,,,,,,,0.056388539,,
20,"Belarus, Rep. of",BY,BLR,Sovereign Green Bond Issuances,Refinitiv; Country authorities; IMF staff calculations.,ECFF,Green Bonds,"Environment, Climate Change, Climate Finance, Green Bonds",Green Bond,Not Applicable,Not Applicable,Not Applicable,Billion US Dollars,,,,,,,,,,,,,,,,,0.056388539,,
21,Belgium,BE,BEL,Green Bond Issuances by Country,Refinitiv; Country authorities; IMF staff calculations.,ECFFI,Green Bonds Issuances,"Environment, Climate Change, Climate Finance, Green Bonds, Green Bonds Issuances ",Green Bonds,Not Applicable,Not Applicable,Not Applicable,Billion US Dollars,,,,,,,,,,,,,12.91767577,,1.37694713,22.40627058,50.10719402,4.251240772,22.56303531
22,Belgium,BE,BEL,Social Bond Issuances by Country,Refinitiv; Country authorities; IMF staff calculations.,,,,Social Bond,Not Applicable,Not Applicable,Not Applicable,Billion US Dollars,,,,,,,,,,,,,,,47.58368977,48.90831951,10.76442557,4.166982765,2.363497556
23,Belgium,BE,BEL,Sovereign Green Bond Issuances,Refinitiv; Country authorities; IMF staff calculations.,ECFF,Green Bonds,"Environment, Climate Change, Climate Finance, Green Bonds",Green Bond,Not Applicable,Not Applicable,Not Applicable,Billion US Dollars,,,,,,,,,,,,,12.39267525,,,,8.162432938,,
24,Belgium,BE,BEL,Sustainability Bond Issuances by Country,Refinitiv; Country authorities; IMF staff calculations.,,,,Sustainability Bond,Not Applicable,Not Applicable,Not Applicable,Billion US Dollars,,,,,,,,,,,0.057750057,,0.522897689,2.300749833,2.426245279,1.969155252,1.830141913,1.568693069,1.699417491
25,Benin,BJ,BEN,Social Bond Issuances by Country,Refinitiv; Country authorities; IMF staff calculations.,,,,Social Bond,Not Applicable,Not Applicable,Not Applicable,Billion US Dollars,,,,,,,,,,,,,,,0.638880438,,0.375239168,,
26,Benin,BJ,BEN,Sovereign Social Bond Issuances,Refinitiv; Country authorities; IMF staff calculations.,,,,Social Bond,Not Applicable,Not Applicable,Not Applicable,Billion US Dollars,,,,,,,,,,,,,,,0.638880438,,0.375239168,,
27,Benin,BJ,BEN,Sovereign Sustainability Bond Issuances,Refinitiv; Country authorities; IMF staff calculations.,,,,Sustainability Bond,Not Applicable,Not Applicable,Not Applicable,Billion US Dollars,,,,,,,,,,,,,,,,1.045795378,,,
28,Benin,BJ,BEN,Sustainability Bond Issuances by Country,Refinitiv; Country authorities; IMF staff calculations.,,,,Sustainability Bond,Not Applicable,Not Applicable,Not Applicable,Billion US Dollars,,,,,,,,,,,,,,,,1.045795378,,,
29,Bermuda,BM,BMU,Green Bond Issuances by Country,Refinitiv; Country authorities; IMF staff calculations.,ECFFI,Green Bonds Issuances,"Environment, Climate Change, Climate Finance, Green Bonds, Green Bonds Issuances ",Green Bonds,Not Applicable,Not Applicable,Not Applicable,Billion US Dollars,,,,,,,,,,,0.096211996,0.128984409,0.954797523,0.45,2.96,1.95,,1.00678292,0.333398004
30,Bermuda,BM,BMU,Sustainability Bond Issuances by Country,Refinitiv; Country authorities; IMF staff calculations.,,,,Sustainability Bond,Not Applicable,Not Applicable,Not Applicable,Billion US Dollars,,,,,,,,,,,,,,,,,,,0.194929132
31,Bermuda,BM,BMU,Sustainability Linked Bond Issuances by Country,Refinitiv; Country authorities; IMF staff calculations.,,,,Linked Bond,Not Applicable,Not Applicable,Not Applicable,Billion US Dollars,,,,,,,,,,,,,,,,0.15,,0.15,0.246550392
32,Bolivia,BO,BOL,Sustainability Bond Issuances by Country,Refinitiv; Country authorities; IMF staff calculations.,,,,Sustainability Bond,Not Applicable,Not Applicable,Not Applicable,Billion US Dollars,,,,,,,,,,,,,,,,,,0.05653861,0.353780398
33,Brazil,BR,BRA,Green Bond Issuances by Country,Refinitiv; Country authorities; IMF staff calculations.,ECFFI,Green Bonds Issuances,"Environment, Climate Change, Climate Finance, Green Bonds, Green Bonds Issuances ",Green Bonds,Not Applicable,Not Applicable,Not Applicable,Billion US Dollars,,,,,,,,,,1.051005286,0.034240712,2.077512777,0.139662409,1.080341467,0.640879911,2.524399566,2.575400339,2.511327167,1.631906656
34,Brazil,BR,BRA,Social Bond Issuances by Country,Refinitiv; Country authorities; IMF staff calculations.,,,,Social Bond,Not Applicable,Not Applicable,Not Applicable,Billion US Dollars,,,,,,,,,,,,,,,0.008647156,0.339274212,,0.017445917,
35,Brazil,BR,BRA,Sovereign Sustainability Bond Issuances,Refinitiv; Country authorities; IMF staff calculations.,,,,Sustainability Bond,Not Applicable,Not Applicable,Not Applicable,Billion US Dollars,,,,,,,,,,,,,,,,,,2,2
36,Brazil,BR,BRA,Sustainability Bond Issuances by Country,Refinitiv; Country authorities; IMF staff calculations.,,,,Sustainability Bond,Not Applicable,Not Applicable,Not Applicable,Billion US Dollars,,,,,,,,,,,,,,,0.411463393,,1.033835062,4.597096851,4.698497564
37,Brazil,BR,BRA,Sustainability Linked Bond Issuances by Country,Refinitiv; Country authorities; IMF staff calculations.,,,,Linked Bond,Not Applicable,Not Applicable,Not Applicable,Billion US Dollars,,,,,,,,,,,,,,,,2.319555912,1.923013339,0.302928297,
38,British Virgin Islands,VG,VGB,Green Bond Issuances by Country,Refinitiv; Country authorities; IMF staff calculations.,ECFFI,Green Bonds Issuances,"Environment, Climate Change, Climate Finance, Green Bonds, Green Bonds Issuances ",Green Bonds,Not Applicable,Not Applicable,Not Applicable,Billion US Dollars,,,,,,,0.276590742,,,,0.4,0.5,2.605933627,1.463517927,1.423659618,5.580390519,3.271669278,1.32793829,2.641617528
39,British Virgin Islands,VG,VGB,Social Bond Issuances by Country,Refinitiv; Country authorities; IMF staff calculations.,,,,Social Bond,Not Applicable,Not Applicable,Not Applicable,Billion US Dollars,,,,,,,,,,,,,,,,,0.2,,0.110343305
40,British Virgin Islands,VG,VGB,Sustainability Bond Issuances by Country,Refinitiv; Country authorities; IMF staff calculations.,,,,Sustainability Bond,Not Applicable,Not Applicable,Not Applicable,Billion US Dollars,,,,,,,,,,,,,,,,0.3,,1.191438344,1.734939317
41,British Virgin Islands,VG,VGB,Sustainability Linked Bond Issuances by Country,Refinitiv; Country authorities; IMF staff calculations.,,,,Linked Bond,Not Applicable,Not Applicable,Not Applicable,Billion US Dollars,,,,,,,,,,,,,,,,0.2,2.2,,
42,Burkina Faso,BF,BFA,Social Bond Issuances by Country,Refinitiv; Country authorities; IMF staff calculations.,,,,Social Bond,Not Applicable,Not Applicable,Not Applicable,Billion US Dollars,,,,,,,,,,,,,,,0.209339773,1.168444847,0.425457489,,
43,Burkina Faso,BF,BFA,Sovereign Social Bond Issuances,Refinitiv; Country authorities; IMF staff calculations.,,,,Social Bond,Not Applicable,Not Applicable,Not Applicable,Billion US Dollars,,,,,,,,,,,,,,,0.209339773,1.168444847,0.425457489,,
44,Canada,CA,CAN,Green Bond Issuances by Country,Refinitiv; Country authorities; IMF staff calculations.,ECFFI,Green Bonds Issuances,"Environment, Climate Change, Climate Finance, Green Bonds, Green Bonds Issuances ",Green Bonds,Not Applicable,Not Applicable,Not Applicable,Billion US Dollars,,,,,,,,,1.159388572,0.458227848,1.08315863,2.772192708,5.936608123,6.451086879,9.499570207,15.79213115,14.23434461,7.178352331,19.29961155
45,Canada,CA,CAN,Social Bond Issuances by Country,Refinitiv; Country authorities; IMF staff calculations.,,,,Social Bond,Not Applicable,Not Applicable,Not Applicable,Billion US Dollars,,,,,,,,,,,,,0.68851556,,0.140646976,0.55537864,0.668073136,,0.522897689
46,Canada,CA,CAN,Sovereign Green Bond Issuances,Refinitiv; Country authorities; IMF staff calculations.,ECFF,Green Bonds,"Environment, Climate Change, Climate Finance, Green Bonds",Green Bond,Not Applicable,Not Applicable,Not Applicable,Billion US Dollars,,,,,,,,,,,,,,,,,3.516174402,,4.219409282
47,Canada,CA,CAN,Sovereign Social Bond Issuances,Refinitiv; Country authorities; IMF staff calculations.,,,,Social Bond,Not Applicable,Not Applicable,Not Applicable,Billion US Dollars,,,,,,,,,,,,,,,,,0.35161744,,
48,Canada,CA,CAN,Sustainability Bond Issuances by Country,Refinitiv; Country authorities; IMF staff calculations.,,,,Sustainability Bond,Not Applicable,Not Applicable,Not Applicable,Billion US Dollars,,,,,,,,,,,,,,2.113143516,0.77088991,2.466224558,4.257328498,3.342213193,2.618196514
49,Canada,CA,CAN,Sustainability Linked Bond Issuances by Country,Refinitiv; Country authorities; IMF staff calculations.,,,,Linked Bond,Not Applicable,Not Applicable,Not Applicable,Billion US Dollars,,,,,,,,,,,,,,,,2.300984528,2.6580872,3.53066104,
50,Cayman Islands,KY,CYM,Green Bond Issuances by Country,Refinitiv; Country authorities; IMF staff calculations.,ECFFI,Green Bonds Issuances,"Environment, Climate Change, Climate Finance, Green Bonds, Green Bonds Issuances ",Green Bonds,Not Applicable,Not Applicable,Not Applicable,Billion US Dollars,,,,,,,,,0.3,,1.6,1.956723814,1.274562038,3.300615255,6.28210746,10.23511343,6.991029916,10.98221067,4.637929132
51,Cayman Islands,KY,CYM,Social Bond Issuances by Country,Refinitiv; Country authorities; IMF staff calculations.,,,,Social Bond,Not Applicable,Not Applicable,Not Applicable,Billion US Dollars,,,,,,,,,0.5,0.2,,,,,,,1.016123051,0.04777205,
52,Cayman Islands,KY,CYM,Sustainability Bond Issuances by Country,Refinitiv; Country authorities; IMF staff calculations.,,,,Sustainability Bond,Not Applicable,Not Applicable,Not Applicable,Billion US Dollars,,,,,,,,,,,,,,,0.9208,6.831757479,3.277364273,3.63,8.73
53,Cayman Islands,KY,CYM,Sustainability Linked Bond Issuances by Country,Refinitiv; Country authorities; IMF staff calculations.,,,,Linked Bond,Not Applicable,Not Applicable,Not Applicable,Billion US Dollars,,,,,,,,,,,,,,,0.6,0.4,,1.2,0.137826476
54,Chile,CL,CHL,Green Bond Issuances by Country,Refinitiv; Country authorities; IMF staff calculations.,ECFFI,Green Bonds Issuances,"Environment, Climate Change, Climate Finance, Green Bonds, Green Bonds Issuances ",Green Bonds,Not Applicable,Not Applicable,Not Applicable,Billion US Dollars,,,,,,,,,,,,1,,5.573299069,2.827132115,5.8718,1.439357248,2.610970478,4.291651999
55,Chile,CL,CHL,Social Bond Issuances by Country,Refinitiv; Country authorities; IMF staff calculations.,,,,Social Bond,Not Applicable,Not Applicable,Not Applicable,Billion US Dollars,,,,,,,,,,,0.264767124,0.090512481,0.039308,0.04159604,1.764974785,14.42230584,0.1127432,5.496676013,8.010371713
56,Chile,CL,CHL,Sovereign Green Bond Issuances,Refinitiv; Country authorities; IMF staff calculations.,ECFF,Green Bonds,"Environment, Climate Change, Climate Finance, Green Bonds",Green Bond,Not Applicable,Not Applicable,Not Applicable,Billion US Dollars,,,,,,,,,,,,,,4.362557541,2.827132115,,,,
57,Chile,CL,CHL,Sovereign Social Bond Issuances,Refinitiv; Country authorities; IMF staff calculations.,,,,Social Bond,Not Applicable,Not Applicable,Not Applicable,Billion US Dollars,,,,,,,,,,,,,,,1.697991063,14.35800543,,5.462416029,7.327241129
58,Chile,CL,CHL,Sovereign Sustainability Bond Issuances,Refinitiv; Country authorities; IMF staff calculations.,,,,Sustainability Bond,Not Applicable,Not Applicable,Not Applicable,Billion US Dollars,,,,,,,,,,,,,,,,5.092373592,5.061244415,,
59,Chile,CL,CHL,Sovereign Sustainability Linked Bond Issuances,Refinitiv; Country authorities; IMF staff calculations.,,,,Linked Bond,Not Applicable,Not Applicable,Not Applicable,Billion US Dollars,,,,,,,,,,,,,,,,,2,8.84273558,
60,Chile,CL,CHL,Sustainability Bond Issuances by Country,Refinitiv; Country authorities; IMF staff calculations.,,,,Sustainability Bond,Not Applicable,Not Applicable,Not Applicable,Billion US Dollars,,,,,,,,,,,,,0.061296,2.04105224,,6.942373592,5.061244415,0.531372946,
61,Chile,CL,CHL,Sustainability Linked Bond Issuances by Country,Refinitiv; Country authorities; IMF staff calculations.,,,,Linked Bond,Not Applicable,Not Applicable,Not Applicable,Billion US Dollars,,,,,,,,,,,,,,,,1,2,8.921128524,
62,"China, P.R.: Hong Kong",HK,HKG,Green Bond Issuances by Country,Refinitiv; Country authorities; IMF staff calculations.,ECFFI,Green Bonds Issuances,"Environment, Climate Change, Climate Finance, Green Bonds, Green Bonds Issuances ",Green Bonds,Not Applicable,Not Applicable,Not Applicable,Billion US Dollars,,,,,,,,0.3,,0.3,,0.953222832,3.11220213,7.765886715,4.540633058,17.1261085,11.43695151,25.70265022,11.76722196
63,"China, P.R.: Hong Kong",HK,HKG,Social Bond Issuances by Country,Refinitiv; Country authorities; IMF staff calculations.,,,,Social Bond,Not Applicable,Not Applicable,Not Applicable,Billion US Dollars,,,,,,,,,,,,,0.385847127,,0.385514919,,1.440929629,2.562375565,3.556484429
64,"China, P.R.: Hong Kong",HK,HKG,Sovereign Green Bond Issuances,Refinitiv; Country authorities; IMF staff calculations.,ECFF,Green Bonds,"Environment, Climate Change, Climate Finance, Green Bonds",Green Bond,Not Applicable,Not Applicable,Not Applicable,Billion US Dollars,,,,,,,,,,,,,,2,,8.519530934,2.574168221,19.50385148,4.911612004
65,"China, P.R.: Hong Kong",HK,HKG,Sustainability Bond Issuances by Country,Refinitiv; Country authorities; IMF staff calculations.,,,,Sustainability Bond,Not Applicable,Not Applicable,Not Applicable,Billion US Dollars,,,,,,,,,,,,,1.1,,,0.74,0.451029916,0.257929132,0.988751962
66,"China, P.R.: Hong Kong",HK,HKG,Sustainability Linked Bond Issuances by Country,Refinitiv; Country authorities; IMF staff calculations.,,,,Linked Bond,Not Applicable,Not Applicable,Not Applicable,Billion US Dollars,,,,,,,,,,,,,,,,1.15,0.2,0.206739714,0.275858264
67,"China, P.R.: Macao",MO,MAC,Green Bond Issuances by Country,Refinitiv; Country authorities; IMF staff calculations.,ECFFI,Green Bonds Issuances,"Environment, Climate Change, Climate Finance, Green Bonds, Green Bonds Issuances ",Green Bonds,Not Applicable,Not Applicable,Not Applicable,Billion US Dollars,,,,,,,,,,,,,,1.080729826,0.483691533,1.03597691,1,,
68,"China, P.R.: Macao",MO,MAC,Social Bond Issuances by Country,Refinitiv; Country authorities; IMF staff calculations.,,,,Social Bond,Not Applicable,Not Applicable,Not Applicable,Billion US Dollars,,,,,,,,,,,,,,,0.641512193,,,,
69,"China, P.R.: Macao",MO,MAC,Sustainability Bond Issuances by Country,Refinitiv; Country authorities; IMF staff calculations.,,,,Sustainability Bond,Not Applicable,Not Applicable,Not Applicable,Billion US Dollars,,,,,,,,,,,,,,,,,,,0.137929132
70,"China, P.R.: Mainland",CN,CHN,Green Bond Issuances by Country,Refinitiv; Country authorities; IMF staff calculations.,ECFFI,Green Bonds Issuances,"Environment, Climate Change, Climate Finance, Green Bonds, Green Bonds Issuances ",Green Bonds,Not Applicable,Not Applicable,Not Applicable,Billion US Dollars,,,,,,,,,0.138077682,0.982380239,28.21484995,28.83239965,28.64422309,39.95564925,27.03166019,70.69810323,95.97929533,85.89542669,64.71953397
71,"China, P.R.: Mainland",CN,CHN,Social Bond Issuances by Country,Refinitiv; Country authorities; IMF staff calculations.,,,,Social Bond,Not Applicable,Not Applicable,Not Applicable,Billion US Dollars,,,,,,,,,,,,,0.413964967,0.412671161,2.72984708,1.554609498,0.179277073,0.550881726,1.05516372
72,"China, P.R.: Mainland",CN,CHN,Sovereign Green Bond Issuances,Refinitiv; Country authorities; IMF staff calculations.,ECFF,Green Bonds,"Environment, Climate Change, Climate Finance, Green Bonds",Green Bond,Not Applicable,Not Applicable,Not Applicable,Billion US Dollars,,,,,,,,,,,,,,2.788229618,,,,,
73,"China, P.R.: Mainland",CN,CHN,Sustainability Bond Issuances by Country,Refinitiv; Country authorities; IMF staff calculations.,,,,Sustainability Bond,Not Applicable,Not Applicable,Not Applicable,Billion US Dollars,,,,,,,,,,,,,,,9.5498444,11.4603889,10.42385965,9.409687548,16.46598157
74,"China, P.R.: Mainland",CN,CHN,Sustainability Linked Bond Issuances by Country,Refinitiv; Country authorities; IMF staff calculations.,,,,Linked Bond,Not Applicable,Not Applicable,Not Applicable,Billion US Dollars,,,,,,,,,,,,,,,,4.667167851,7.254569381,3.696892832,4.633383193
75,Colombia,CO,COL,Green Bond Issuances by Country,Refinitiv; Country authorities; IMF staff calculations.,ECFFI,Green Bonds Issuances,"Environment, Climate Change, Climate Finance, Green Bonds, Green Bonds Issuances ",Green Bonds,Not Applicable,Not Applicable,Not Applicable,Billion US Dollars,,,,,,,,,,,,0.046053767,0.11396548,,0.15672068,3.638470491,0.049004492,,
76,Colombia,CO,COL,Social Bond Issuances by Country,Refinitiv; Country authorities; IMF staff calculations.,,,,Social Bond,Not Applicable,Not Applicable,Not Applicable,Billion US Dollars,,,,,,,,,,,,,,,,0.707830111,0.145458351,3.945776843,0.008437563
77,Colombia,CO,COL,Sovereign Green Bond Issuances,Refinitiv; Country authorities; IMF staff calculations.,ECFF,Green Bonds,"Environment, Climate Change, Climate Finance, Green Bonds",Green Bond,Not Applicable,Not Applicable,Not Applicable,Billion US Dollars,,,,,,,,,,,,,,,,3.496615484,,,
78,Colombia,CO,COL,Sovereign Social Bond Issuances,Refinitiv; Country authorities; IMF staff calculations.,,,,Social Bond,Not Applicable,Not Applicable,Not Applicable,Billion US Dollars,,,,,,,,,,,,,,,,,,3.8,
79,Colombia,CO,COL,Sustainability Bond Issuances by Country,Refinitiv; Country authorities; IMF staff calculations.,,,,Sustainability Bond,Not Applicable,Not Applicable,Not Applicable,Billion US Dollars,,,,,,,,,,,,,,0.095468286,,,,0.8,0.069204169
80,Colombia,CO,COL,Sustainability Linked Bond Issuances by Country,Refinitiv; Country authorities; IMF staff calculations.,,,,Linked Bond,Not Applicable,Not Applicable,Not Applicable,Billion US Dollars,,,,,,,,,,,,,,,,0.012096286,,,
81,Costa Rica,CR,CRI,Green Bond Issuances by Country,Refinitiv; Country authorities; IMF staff calculations.,ECFFI,Green Bonds Issuances,"Environment, Climate Change, Climate Finance, Green Bonds, Green Bonds Issuances ",Green Bonds,Not Applicable,Not Applicable,Not Applicable,Billion US Dollars,,,,,,,,,,,1,,,,,,0.0080522,,
82,Costa Rica,CR,CRI,Sustainability Bond Issuances by Country,Refinitiv; Country authorities; IMF staff calculations.,,,,Sustainability Bond,Not Applicable,Not Applicable,Not Applicable,Billion US Dollars,,,,,,,,,,,,,,,,0.01,,,
83,Costa Rica,CR,CRI,Sustainability Linked Bond Issuances by Country,Refinitiv; Country authorities; IMF staff calculations.,,,,Linked Bond,Not Applicable,Not Applicable,Not Applicable,Billion US Dollars,,,,,,,,,,,,,,,,0.61,,,
84,Côte d'Ivoire,CI,CIV,Green Bond Issuances by Country,Refinitiv; Country authorities; IMF staff calculations.,ECFFI,Green Bonds Issuances,"Environment, Climate Change, Climate Finance, Green Bonds, Green Bonds Issuances ",Green Bonds,Not Applicable,Not Applicable,Not Applicable,Billion US Dollars,,,,,0.252174787,,,0.5,0.18706274,0.5,0.205884446,,0.6,0.18706274,,0.094089309,0.141133964,0.542341606,0.904198688
85,Côte d'Ivoire,CI,CIV,Social Bond Issuances by Country,Refinitiv; Country authorities; IMF staff calculations.,,,,Social Bond,Not Applicable,Not Applicable,Not Applicable,Billion US Dollars,,,,,,,,,,,0.05,0.6560563,1.325437474,0.134492326,3.354561674,0.862093937,1.613206818,0.378897912,4.163693805
86,Côte d'Ivoire,CI,CIV,Sovereign Social Bond Issuances,Refinitiv; Country authorities; IMF staff calculations.,,,,Social Bond,Not Applicable,Not Applicable,Not Applicable,Billion US Dollars,,,,,,,,,,,,,,,,0.043729903,,,
87,Côte d'Ivoire,CI,CIV,Sovereign Sustainability Bond Issuances,Refinitiv; Country authorities; IMF staff calculations.,,,,Sustainability Bond,Not Applicable,Not Applicable,Not Applicable,Billion US Dollars,,,,,,,,,,,,,,,,,,,2.2
88,Côte d'Ivoire,CI,CIV,Sustainability Bond Issuances by Country,Refinitiv; Country authorities; IMF staff calculations.,,,,Sustainability Bond,Not Applicable,Not Applicable,Not Applicable,Billion US Dollars,,,,,,,,,,,,,,,,,,,2.95
89,"Croatia, Rep. of",HR,HRV,Green Bond Issuances by Country,Refinitiv; Country authorities; IMF staff calculations.,ECFFI,Green Bonds Issuances,"Environment, Climate Change, Climate Finance, Green Bonds, Green Bonds Issuances ",Green Bonds,Not Applicable,Not Applicable,Not Applicable,Billion US Dollars,,,,,,,,,,,,,,,,,,0.31896759,0.418318151
90,"Croatia, Rep. of",HR,HRV,Sustainability Bond Issuances by Country,Refinitiv; Country authorities; IMF staff calculations.,,,,Sustainability Bond,Not Applicable,Not Applicable,Not Applicable,Billion US Dollars,,,,,,,,,,,,,,,,,0.209159075,,
91,"Croatia, Rep. of",HR,HRV,Sustainability Linked Bond Issuances by Country,Refinitiv; Country authorities; IMF staff calculations.,,,,Linked Bond,Not Applicable,Not Applicable,Not Applicable,Billion US Dollars,,,,,,,,,,,,,,,,,0.313738613,,
92,Cyprus,CY,CYP,Green Bond Issuances by Country,Refinitiv; Country authorities; IMF staff calculations.,ECFFI,Green Bonds Issuances,"Environment, Climate Change, Climate Finance, Green Bonds, Green Bonds Issuances ",Green Bonds,Not Applicable,Not Applicable,Not Applicable,Billion US Dollars,,,,,,,,,,,,,,,,0.313738613,,,0.313738613
93,Cyprus,CY,CYP,Sovereign Sustainability Bond Issuances,Refinitiv; Country authorities; IMF staff calculations.,,,,Sustainability Bond,Not Applicable,Not Applicable,Not Applicable,Billion US Dollars,,,,,,,,,,,,,,,,,,1.045795379,
94,Cyprus,CY,CYP,Sustainability Bond Issuances by Country,Refinitiv; Country authorities; IMF staff calculations.,,,,Sustainability Bond,Not Applicable,Not Applicable,Not Applicable,Billion US Dollars,,,,,,,,,,,,,,,,,,1.045795379,
95,Czech Rep.,CZ,CZE,Green Bond Issuances by Country,Refinitiv; Country authorities; IMF staff calculations.,ECFFI,Green Bonds Issuances,"Environment, Climate Change, Climate Finance, Green Bonds, Green Bonds Issuances ",Green Bonds,Not Applicable,Not Applicable,Not Applicable,Billion US Dollars,,,,,,,,,,,,,,,,0.888926071,0.522897689,1.045795378,0.522897689
96,Czech Rep.,CZ,CZE,Sustainability Bond Issuances by Country,Refinitiv; Country authorities; IMF staff calculations.,,,,Sustainability Bond,Not Applicable,Not Applicable,Not Applicable,Billion US Dollars,,,,,,,,,,,,,,,,,,0.522247754,0.522897689
97,Czech Rep.,CZ,CZE,Sustainability Linked Bond Issuances by Country,Refinitiv; Country authorities; IMF staff calculations.,,,,Linked Bond,Not Applicable,Not Applicable,Not Applicable,Billion US Dollars,,,,,,,,,,,,,,,,,0.627477227,,0.784346534
98,Denmark,DK,DNK,Green Bond Issuances by Country,Refinitiv; Country authorities; IMF staff calculations.,ECFFI,Green Bonds Issuances,"Environment, Climate Change, Climate Finance, Green Bonds, Green Bonds Issuances ",Green Bonds,Not Applicable,Not Applicable,Not Applicable,Billion US Dollars,,,,,,,,,,0.594232501,,1.83134225,0.784346534,11.38746505,1.650592003,10.2324569,18.38296478,12.46298567,9.270028964
99,Denmark,DK,DNK,Sovereign Green Bond Issuances,Refinitiv; Country authorities; IMF staff calculations.,ECFF,Green Bonds,"Environment, Climate Change, Climate Finance, Green Bonds",Green Bond,Not Applicable,Not Applicable,Not Applicable,Billion US Dollars,,,,,,,,,,,,,,,,,2.278019357,2.548043203,
100,Denmark,DK,DNK,Sustainability Linked Bond Issuances by Country,Refinitiv; Country authorities; IMF staff calculations.,,,,Linked Bond,Not Applicable,Not Applicable,Not Applicable,Billion US Dollars,,,,,,,,,,,,,,,,,0.522897689,2.697544061,0.522897689
101,Dominican Rep.,DO,DOM,Sustainability Linked Bond Issuances by Country,Refinitiv; Country authorities; IMF staff calculations.,,,,Linked Bond,Not Applicable,Not Applicable,Not Applicable,Billion US Dollars,,,,,,,,,,,,,,,,0.6,,,
102,Ecuador,EC,ECU,Social Bond Issuances by Country,Refinitiv; Country authorities; IMF staff calculations.,,,,Social Bond,Not Applicable,Not Applicable,Not Applicable,Billion US Dollars,,,,,,,,,,,,,,,0.8,,,,
103,Ecuador,EC,ECU,Sovereign Social Bond Issuances,Refinitiv; Country authorities; IMF staff calculations.,,,,Social Bond,Not Applicable,Not Applicable,Not Applicable,Billion US Dollars,,,,,,,,,,,,,,,0.8,,,,
104,"Egypt, Arab Rep. of",EG,EGY,Green Bond Issuances by Country,Refinitiv; Country authorities; IMF staff calculations.,ECFFI,Green Bonds Issuances,"Environment, Climate Change, Climate Finance, Green Bonds, Green Bonds Issuances ",Green Bonds,Not Applicable,Not Applicable,Not Applicable,Billion US Dollars,,,,,,,,,,,,,,,1.5,,,,
105,"Egypt, Arab Rep. of",EG,EGY,Sovereign Green Bond Issuances,Refinitiv; Country authorities; IMF staff calculations.,ECFF,Green Bonds,"Environment, Climate Change, Climate Finance, Green Bonds",Green Bond,Not Applicable,Not Applicable,Not Applicable,Billion US Dollars,,,,,,,,,,,,,,,1.5,,,,
106,"Egypt, Arab Rep. of",EG,EGY,Sovereign Sustainability Bond Issuances,Refinitiv; Country authorities; IMF staff calculations.,,,,Sustainability Bond,Not Applicable,Not Applicable,Not Applicable,Billion US Dollars,,,,,,,,,,,,,,,,,,0.482751962,
107,"Egypt, Arab Rep. of",EG,EGY,Sustainability Bond Issuances by Country,Refinitiv; Country authorities; IMF staff calculations.,,,,Sustainability Bond,Not Applicable,Not Applicable,Not Applicable,Billion US Dollars,,,,,,,,,,,,,,,,,,0.482751962,
108,"Estonia, Rep. of",EE,EST,Green Bond Issuances by Country,Refinitiv; Country authorities; IMF staff calculations.,ECFFI,Green Bonds Issuances,"Environment, Climate Change, Climate Finance, Green Bonds, Green Bonds Issuances ",Green Bonds,Not Applicable,Not Applicable,Not Applicable,Billion US Dollars,,,,,,,,,,0.0680448,,,,,,,,,4.601499669
109,"Fiji, Rep. of",FJ,FJI,Green Bond Issuances by Country,Refinitiv; Country authorities; IMF staff calculations.,ECFFI,Green Bonds Issuances,"Environment, Climate Change, Climate Finance, Green Bonds, Green Bonds Issuances ",Green Bonds,Not Applicable,Not Applicable,Not Applicable,Billion US Dollars,,,,,,,,,,,,0.042924034,,,,,,0.008604,
110,"Fiji, Rep. of",FJ,FJI,Sovereign Green Bond Issuances,Refinitiv; Country authorities; IMF staff calculations.,ECFF,Green Bonds,"Environment, Climate Change, Climate Finance, Green Bonds",Green Bond,Not Applicable,Not Applicable,Not Applicable,Billion US Dollars,,,,,,,,,,,,0.042924034,,,,,,0.008604,
111,Finland,FI,FIN,Green Bond Issuances by Country,Refinitiv; Country authorities; IMF staff calculations.,ECFFI,Green Bonds Issuances,"Environment, Climate Change, Climate Finance, Green Bonds, Green Bonds Issuances ",Green Bonds,Not Applicable,Not Applicable,Not Applicable,Billion US Dollars,,,,,0.241508848,0.094151986,0.047044654,0.228554026,0.55443584,0.827971093,3.024749905,2.237908931,0.65898729,3.60786826,2.995009498,4.990887419,6.419266302,8.621063921,8.513847406
112,Finland,FI,FIN,Social Bond Issuances by Country,Refinitiv; Country authorities; IMF staff calculations.,,,,Social Bond,Not Applicable,Not Applicable,Not Applicable,Billion US Dollars,,,,,,,,,,,,,,,3.833420044,1.200544947,0.724637681,0.1,0.337265636
113,Finland,FI,FIN,Sustainability Bond Issuances by Country,Refinitiv; Country authorities; IMF staff calculations.,,,,Sustainability Bond,Not Applicable,Not Applicable,Not Applicable,Billion US Dollars,,,,,,,,,,,,,,,,0.104579537,,,
114,Finland,FI,FIN,Sustainability Linked Bond Issuances by Country,Refinitiv; Country authorities; IMF staff calculations.,,,,Linked Bond,Not Applicable,Not Applicable,Not Applicable,Billion US Dollars,,,,,,,,,,,,,,,,,0.643164157,1.254954451,0.062747722
115,France,FR,FRA,Green Bond Issuances by Country,Refinitiv; Country authorities; IMF staff calculations.,ECFFI,Green Bonds Issuances,"Environment, Climate Change, Climate Finance, Green Bonds, Green Bonds Issuances ",Green Bonds,Not Applicable,Not Applicable,Not Applicable,Billion US Dollars,,,,,,,0.599701466,2.002067165,5.563596238,8.275608843,5.119763873,51.69713524,10.49436602,28.52207488,29.10483316,56.06808641,30.33147418,31.35540105,36.0352889
116,France,FR,FRA,Social Bond Issuances by Country,Refinitiv; Country authorities; IMF staff calculations.,,,,Social Bond,Not Applicable,Not Applicable,Not Applicable,Billion US Dollars,,,,,,,0.680458432,,,,,0.948098122,3.020319046,2.436866054,52.46756111,80.39943596,57.95346379,46.91755979,27.01638531
117,France,FR,FRA,Sovereign Green Bond Issuances,Refinitiv; Country authorities; IMF staff calculations.,ECFF,Green Bonds,"Environment, Climate Change, Climate Finance, Green Bonds",Green Bond,Not Applicable,Not Applicable,Not Applicable,Billion US Dollars,,,,,,,,,,,,36.71787578,,,,24.96313571,7.413643446,,10.37115278
118,France,FR,FRA,Sustainability Bond Issuances by Country,Refinitiv; Country authorities; IMF staff calculations.,,,,Sustainability Bond,Not Applicable,Not Applicable,Not Applicable,Billion US Dollars,,,0.052874803,,,,,,0.627477227,0.522897689,0.679766996,0.90755221,0.732056764,1.585074647,3.974022439,8.982957871,11.12109167,10.0821888,6.009762028
119,France,FR,FRA,Sustainability Linked Bond Issuances by Country,Refinitiv; Country authorities; IMF staff calculations.,,,,Linked Bond,Not Applicable,Not Applicable,Not Applicable,Billion US Dollars,,,,,,,,,,,,,,,0.921071956,11.80320244,9.714152563,7.148011409,3.10318235
120,Georgia,GE,GEO,Green Bond Issuances by Country,Refinitiv; Country authorities; IMF staff calculations.,ECFFI,Green Bonds Issuances,"Environment, Climate Change, Climate Finance, Green Bonds, Green Bonds Issuances ",Green Bonds,Not Applicable,Not Applicable,Not Applicable,Billion US Dollars,,,,,,,,,,,,,,,0.5,1,,,0.6
121,Germany,DE,DEU,Green Bond Issuances by Country,Refinitiv; Country authorities; IMF staff calculations.,ECFFI,Green Bonds Issuances,"Environment, Climate Change, Climate Finance, Green Bonds, Green Bonds Issuances ",Green Bonds,Not Applicable,Not Applicable,Not Applicable,Billion US Dollars,,,0.104579537,,,,,0.308128426,3.624939757,6.608367079,4.183608237,7.969021248,6.391797287,19.79676708,45.62434007,75.08137534,81.63070198,67.33830529,58.83003027
122,Germany,DE,DEU,Social Bond Issuances by Country,Refinitiv; Country authorities; IMF staff calculations.,,,,Social Bond,Not Applicable,Not Applicable,Not Applicable,Billion US Dollars,,,,,,,,,,,0.104970345,0.522897689,0.522897689,1.317702175,2.32166574,4.687843624,6.216958418,3.850934323,5.908743887
123,Germany,DE,DEU,Sovereign Green Bond Issuances,Refinitiv; Country authorities; IMF staff calculations.,ECFF,Green Bonds,"Environment, Climate Change, Climate Finance, Green Bonds",Green Bond,Not Applicable,Not Applicable,Not Applicable,Billion US Dollars,,,,,,,,,,,,,,,19.34721452,22.74604951,9.412158417,21.43880528,5.751874588
124,Germany,DE,DEU,Sustainability Bond Issuances by Country,Refinitiv; Country authorities; IMF staff calculations.,,,,Sustainability Bond,Not Applicable,Not Applicable,Not Applicable,Billion US Dollars,,,,,,,,,0.314911037,0.784346534,1.665830207,1.908576567,2.117735643,8.517623355,3.100783299,4.764405711,3.660283828,2.98051683,1.307244224
125,Germany,DE,DEU,Sustainability Linked Bond Issuances by Country,Refinitiv; Country authorities; IMF staff calculations.,,,,Linked Bond,Not Applicable,Not Applicable,Not Applicable,Billion US Dollars,,,,,,,,,,,,,,,,4.145348022,2.039300988,2.562859156,6.083181512
126,Greece,GR,GRC,Green Bond Issuances by Country,Refinitiv; Country authorities; IMF staff calculations.,ECFFI,Green Bonds Issuances,"Environment, Climate Change, Climate Finance, Green Bonds, Green Bonds Issuances ",Green Bonds,Not Applicable,Not Applicable,Not Applicable,Billion US Dollars,,,,,,,,,,,,,,0.156869306,0.522897689,1.485029436,0.240532937,,3.032806598
127,Greece,GR,GRC,Sustainability Linked Bond Issuances by Country,Refinitiv; Country authorities; IMF staff calculations.,,,,Linked Bond,Not Applicable,Not Applicable,Not Applicable,Billion US Dollars,,,,,,,,,,,,,,,,1.778264942,,,
128,Guatemala,GT,GTM,Social Bond Issuances by Country,Refinitiv; Country authorities; IMF staff calculations.,,,,Social Bond,Not Applicable,Not Applicable,Not Applicable,Billion US Dollars,,,,,,,,,,,,,,,1,,,,
129,Guatemala,GT,GTM,Sovereign Social Bond Issuances,Refinitiv; Country authorities; IMF staff calculations.,,,,Social Bond,Not Applicable,Not Applicable,Not Applicable,Billion US Dollars,,,,,,,,,,,,,,,1,,,,
130,Guatemala,GT,GTM,Sovereign Sustainability Bond Issuances,Refinitiv; Country authorities; IMF staff calculations.,,,,Sustainability Bond,Not Applicable,Not Applicable,Not Applicable,Billion US Dollars,,,,,,,,,,,,,,,,,,,2.8
131,Guatemala,GT,GTM,Sustainability Bond Issuances by Country,Refinitiv; Country authorities; IMF staff calculations.,,,,Sustainability Bond,Not Applicable,Not Applicable,Not Applicable,Billion US Dollars,,,,,,,,,,,,,,,,,,,2.8
132,Guernsey,GG,GGY,Green Bond Issuances by Country,Refinitiv; Country authorities; IMF staff calculations.,ECFFI,Green Bonds Issuances,"Environment, Climate Change, Climate Finance, Green Bonds, Green Bonds Issuances ",Green Bonds,Not Applicable,Not Applicable,Not Applicable,Billion US Dollars,,,,,,,,,,,,,,0.023702094,0.527216813,0.05054679,,,0.66978969
133,Guinea-Bissau,GW,GNB,Social Bond Issuances by Country,Refinitiv; Country authorities; IMF staff calculations.,,,,Social Bond,Not Applicable,Not Applicable,Not Applicable,Billion US Dollars,,,,,,,,,,,,,,,0.041062801,0.143096764,0.102941749,,
134,Guinea-Bissau,GW,GNB,Sovereign Social Bond Issuances,Refinitiv; Country authorities; IMF staff calculations.,,,,Social Bond,Not Applicable,Not Applicable,Not Applicable,Billion US Dollars,,,,,,,,,,,,,,,0.041062801,0.143096764,0.102941749,,
135,Honduras,HN,HND,Green Bond Issuances by Country,Refinitiv; Country authorities; IMF staff calculations.,ECFFI,Green Bonds Issuances,"Environment, Climate Change, Climate Finance, Green Bonds, Green Bonds Issuances ",Green Bonds,Not Applicable,Not Applicable,Not Applicable,Billion US Dollars,,,,,,,,,,,0.057210648,,,0.375,,0.245070736,0.406897434,0.065102536,
136,Honduras,HN,HND,Social Bond Issuances by Country,Refinitiv; Country authorities; IMF staff calculations.,,,,Social Bond,Not Applicable,Not Applicable,Not Applicable,Billion US Dollars,,,,,,,,,,,,,,,0.091486364,1.471609691,0.34810908,3.1346748,0.489955903
137,Honduras,HN,HND,Sovereign Sustainability Bond Issuances,Refinitiv; Country authorities; IMF staff calculations.,,,,Sustainability Bond,Not Applicable,Not Applicable,Not Applicable,Billion US Dollars,,,,,,,,,,,,,,,,,,,1.4
138,Honduras,HN,HND,Sustainability Bond Issuances by Country,Refinitiv; Country authorities; IMF staff calculations.,,,,Sustainability Bond,Not Applicable,Not Applicable,Not Applicable,Billion US Dollars,,,,,,,,,,,,,,,,,,,1.432983162
139,Hungary,HU,HUN,Green Bond Issuances by Country,Refinitiv; Country authorities; IMF staff calculations.,ECFFI,Green Bonds Issuances,"Environment, Climate Change, Climate Finance, Green Bonds, Green Bonds Issuances ",Green Bonds,Not Applicable,Not Applicable,Not Applicable,Billion US Dollars,,,,,,,,,,,,,,,1.966018255,1.300267433,3.77605325,1.307030649,2.62319633
140,Hungary,HU,HUN,Sovereign Green Bond Issuances,Refinitiv; Country authorities; IMF staff calculations.,ECFF,Green Bonds,"Environment, Climate Change, Climate Finance, Green Bonds",Green Bond,Not Applicable,Not Applicable,Not Applicable,Billion US Dollars,,,,,,,,,,,,,,,1.702660514,0.606472036,2.649381094,,1.577400952
141,Hungary,HU,HUN,Sustainability Bond Issuances by Country,Refinitiv; Country authorities; IMF staff calculations.,,,,Sustainability Bond,Not Applicable,Not Applicable,Not Applicable,Billion US Dollars,,,,,,,,,,,,,,,,,,,0.5
142,Iceland,IS,ISL,Green Bond Issuances by Country,Refinitiv; Country authorities; IMF staff calculations.,ECFFI,Green Bonds Issuances,"Environment, Climate Change, Climate Finance, Green Bonds, Green Bonds Issuances ",Green Bonds,Not Applicable,Not Applicable,Not Applicable,Billion US Dollars,,,,,,,,,,,,,0.029464606,,0.78791398,1.166918147,0.477570942,0.360797436,1.595922068
143,Iceland,IS,ISL,Social Bond Issuances by Country,Refinitiv; Country authorities; IMF staff calculations.,,,,Social Bond,Not Applicable,Not Applicable,Not Applicable,Billion US Dollars,,,,,,,,,,,,,,,,,,,0.052289768
144,Iceland,IS,ISL,Sovereign Green Bond Issuances,Refinitiv; Country authorities; IMF staff calculations.,ECFF,Green Bonds,"Environment, Climate Change, Climate Finance, Green Bonds",Green Bond,Not Applicable,Not Applicable,Not Applicable,Billion US Dollars,,,,,,,,,,,,,,,,,,,0.784346534
145,Iceland,IS,ISL,Sovereign Social Bond Issuances,Refinitiv; Country authorities; IMF staff calculations.,,,,Social Bond,Not Applicable,Not Applicable,Not Applicable,Billion US Dollars,,,,,,,,,,,,,,,,,,,0.052289768
146,Iceland,IS,ISL,Sustainability Bond Issuances by Country,Refinitiv; Country authorities; IMF staff calculations.,,,,Sustainability Bond,Not Applicable,Not Applicable,Not Applicable,Billion US Dollars,,,,,,,,,,,,,,,0.314729332,,0.313738613,,
147,India,IN,IND,Green Bond Issuances by Country,Refinitiv; Country authorities; IMF staff calculations.,ECFFI,Green Bonds Issuances,"Environment, Climate Change, Climate Finance, Green Bonds, Green Bonds Issuances ",Green Bonds,Not Applicable,Not Applicable,Not Applicable,Billion US Dollars,,,,,,,,,,0.721164751,0.687070514,2.022929623,,3.53225286,0.934276147,4.609817069,1.229101575,4.660998933,9.109669136
148,India,IN,IND,Social Bond Issuances by Country,Refinitiv; Country authorities; IMF staff calculations.,,,,Social Bond,Not Applicable,Not Applicable,Not Applicable,Billion US Dollars,,,,,,,,,,,,,,,1,1.45,0.991083227,0.120204249,3.2
149,India,IN,IND,Sovereign Green Bond Issuances,Refinitiv; Country authorities; IMF staff calculations.,ECFF,Green Bonds,"Environment, Climate Change, Climate Finance, Green Bonds",Green Bond,Not Applicable,Not Applicable,Not Applicable,Billion US Dollars,,,,,,,,,,,,,,,,,,3.003280504,3.661391442
150,India,IN,IND,Sustainability Bond Issuances by Country,Refinitiv; Country authorities; IMF staff calculations.,,,,Sustainability Bond,Not Applicable,Not Applicable,Not Applicable,Billion US Dollars,,,,,,,,,,,,,,,,1.2,,2,0.75
151,India,IN,IND,Sustainability Linked Bond Issuances by Country,Refinitiv; Country authorities; IMF staff calculations.,,,,Linked Bond,Not Applicable,Not Applicable,Not Applicable,Billion US Dollars,,,,,,,,,,,,,,,,2.4,0.8,,
152,Indonesia,ID,IDN,Green Bond Issuances by Country,Refinitiv; Country authorities; IMF staff calculations.,ECFFI,Green Bonds Issuances,"Environment, Climate Change, Climate Finance, Green Bonds, Green Bonds Issuances ",Green Bonds,Not Applicable,Not Applicable,Not Applicable,Billion US Dollars,,,,,,,,,,,,,2.530712529,1.592018909,1.841711755,1.815159155,6.113564992,3.86748972,6.175553343
153,Indonesia,ID,IDN,Social Bond Issuances by Country,Refinitiv; Country authorities; IMF staff calculations.,,,,Social Bond,Not Applicable,Not Applicable,Not Applicable,Billion US Dollars,,,,,,,,,,,,,,,,,,0.042879019,0.653420077
154,Indonesia,ID,IDN,Sovereign Green Bond Issuances,Refinitiv; Country authorities; IMF staff calculations.,ECFF,Green Bonds,"Environment, Climate Change, Climate Finance, Green Bonds",Green Bond,Not Applicable,Not Applicable,Not Applicable,Billion US Dollars,,,,,,,,,,,,,,,,,,0.138341241,0.167109234
155,Indonesia,ID,IDN,Sovereign Social Bond Issuances,Refinitiv; Country authorities; IMF staff calculations.,,,,Social Bond,Not Applicable,Not Applicable,Not Applicable,Billion US Dollars,,,,,,,,,,,,,,,,,,,0.186391056
156,Indonesia,ID,IDN,Sovereign Sustainability Bond Issuances,Refinitiv; Country authorities; IMF staff calculations.,,,,Sustainability Bond,Not Applicable,Not Applicable,Not Applicable,Billion US Dollars,,,,,,,,,,,,,,,,0.522897689,,,0.784346534
157,Indonesia,ID,IDN,Sustainability Bond Issuances by Country,Refinitiv; Country authorities; IMF staff calculations.,,,,Sustainability Bond,Not Applicable,Not Applicable,Not Applicable,Billion US Dollars,,,,,,,,,,,,,,0.5,,0.972897689,,,0.804910337
158,Indonesia,ID,IDN,Sustainability Linked Bond Issuances by Country,Refinitiv; Country authorities; IMF staff calculations.,,,,Linked Bond,Not Applicable,Not Applicable,Not Applicable,Billion US Dollars,,,,,,,,,,,,,,,,0.35,,,
159,Ireland,IE,IRL,Green Bond Issuances by Country,Refinitiv; Country authorities; IMF staff calculations.,ECFFI,Green Bonds Issuances,"Environment, Climate Change, Climate Finance, Green Bonds, Green Bonds Issuances ",Green Bonds,Not Applicable,Not Applicable,Not Applicable,Billion US Dollars,,,,,,,,,,,,,7.476212931,1.254954454,2.22282495,9.242235072,5.670488669,9.253397951,11.40007034
160,Ireland,IE,IRL,Social Bond Issuances by Country,Refinitiv; Country authorities; IMF staff calculations.,,,,Social Bond,Not Applicable,Not Applicable,Not Applicable,Billion US Dollars,,,,,,,,,,,,,,,0.28250024,0.7775,1.045795379,0.784346534,0.522897689
161,Ireland,IE,IRL,Sovereign Green Bond Issuances,Refinitiv; Country authorities; IMF staff calculations.,ECFF,Green Bonds,"Environment, Climate Change, Climate Finance, Green Bonds",Green Bond,Not Applicable,Not Applicable,Not Applicable,Billion US Dollars,,,,,,,,,,,,,7.475439495,,,,,4.201116909,
162,Ireland,IE,IRL,Sustainability Bond Issuances by Country,Refinitiv; Country authorities; IMF staff calculations.,,,,Sustainability Bond,Not Applicable,Not Applicable,Not Applicable,Billion US Dollars,,,,,,,,,,,,,,,,,0.0732594,,
163,Ireland,IE,IRL,Sustainability Linked Bond Issuances by Country,Refinitiv; Country authorities; IMF staff calculations.,,,,Linked Bond,Not Applicable,Not Applicable,Not Applicable,Billion US Dollars,,,,,,,,,,,,,,,,2.016403299,,,
164,Isle of Man,,IMN,Sovereign Sustainability Bond Issuances,Refinitiv; Country authorities; IMF staff calculations.,,,,Sustainability Bond,Not Applicable,Not Applicable,Not Applicable,Billion US Dollars,,,,,,,,,,,,,,,,0.505197216,,,
165,Isle of Man,,IMN,Sustainability Bond Issuances by Country,Refinitiv; Country authorities; IMF staff calculations.,,,,Sustainability Bond,Not Applicable,Not Applicable,Not Applicable,Billion US Dollars,,,,,,,,,,,,,,,,0.505197216,,,
166,Israel,IL,ISR,Green Bond Issuances by Country,Refinitiv; Country authorities; IMF staff calculations.,ECFFI,Green Bonds Issuances,"Environment, Climate Change, Climate Finance, Green Bonds, Green Bonds Issuances ",Green Bonds,Not Applicable,Not Applicable,Not Applicable,Billion US Dollars,,,,,,,,,,,,,,,,1,,2.5,
167,Israel,IL,ISR,Sovereign Green Bond Issuances,Refinitiv; Country authorities; IMF staff calculations.,ECFF,Green Bonds,"Environment, Climate Change, Climate Finance, Green Bonds",Green Bond,Not Applicable,Not Applicable,Not Applicable,Billion US Dollars,,,,,,,,,,,,,,,,,,2,
168,Italy,IT,ITA,Green Bond Issuances by Country,Refinitiv; Country authorities; IMF staff calculations.,ECFFI,Green Bonds Issuances,"Environment, Climate Change, Climate Finance, Green Bonds, Green Bonds Issuances ",Green Bonds,Not Applicable,Not Applicable,Not Applicable,Billion US Dollars,,,,,,,,,0.538900247,,0.425009064,1.749075556,2.419191802,6.115372367,6.182536897,23.63737933,25.09421275,28.20249714,18.8190086
169,Italy,IT,ITA,Social Bond Issuances by Country,Refinitiv; Country authorities; IMF staff calculations.,,,,Social Bond,Not Applicable,Not Applicable,Not Applicable,Billion US Dollars,,,,,,,,,,,,0.529750805,,1.093526074,2.091590757,2.254201479,1.673272604,2.772123202,5.28126666
170,Italy,IT,ITA,Sovereign Green Bond Issuances,Refinitiv; Country authorities; IMF staff calculations.,ECFF,Green Bonds,"Environment, Climate Change, Climate Finance, Green Bonds",Green Bond,Not Applicable,Not Applicable,Not Applicable,Billion US Dollars,,,,,,,,,,,,,,,,14.11823763,14.67250918,11.76519802,9.412158417
171,Italy,IT,ITA,Sustainability Bond Issuances by Country,Refinitiv; Country authorities; IMF staff calculations.,,,,Sustainability Bond,Not Applicable,Not Applicable,Not Applicable,Billion US Dollars,,,,,,,,,,,,,,,0.529750805,1.584379998,1.457244223,0.711140856,0.094089309
172,Italy,IT,ITA,Sustainability Linked Bond Issuances by Country,Refinitiv; Country authorities; IMF staff calculations.,,,,Linked Bond,Not Applicable,Not Applicable,Not Applicable,Billion US Dollars,,,,,,,,,,,,,,,0.104579537,7.957617634,3.241965672,7.273506859,7.516814259
173,Japan,JP,JPN,Green Bond Issuances by Country,Refinitiv; Country authorities; IMF staff calculations.,ECFFI,Green Bonds Issuances,"Environment, Climate Change, Climate Finance, Green Bonds, Green Bonds Issuances ",Green Bonds,Not Applicable,Not Applicable,Not Applicable,Billion US Dollars,,,,,,,,,0.262348755,0.814818507,1.066983722,1.322854849,3.599659806,6.763790152,7.617034767,15.41593582,22.40842657,24.87488561,36.30246976
174,Japan,JP,JPN,Social Bond Issuances by Country,Refinitiv; Country authorities; IMF staff calculations.,,,,Social Bond,Not Applicable,Not Applicable,Not Applicable,Billion US Dollars,,,,,,,,,,,0.233910311,0.434404862,1.282015194,2.684663061,5.921640982,7.947619272,12.85063772,19.03009919,18.74562974
175,Japan,JP,JPN,Sovereign Green Bond Issuances,Refinitiv; Country authorities; IMF staff calculations.,ECFF,Green Bonds,"Environment, Climate Change, Climate Finance, Green Bonds",Green Bond,Not Applicable,Not Applicable,Not Applicable,Billion US Dollars,,,,,,,,,,,,,,,,,,,20.08372965
176,Japan,JP,JPN,Sustainability Bond Issuances by Country,Refinitiv; Country authorities; IMF staff calculations.,,,,Sustainability Bond,Not Applicable,Not Applicable,Not Applicable,Billion US Dollars,,,,,,,,,,,,1,0.732056765,0.329060906,4.444527164,9.955775772,7.775587645,10.01220828,8.052712211
177,Japan,JP,JPN,Sustainability Linked Bond Issuances by Country,Refinitiv; Country authorities; IMF staff calculations.,,,,Linked Bond,Not Applicable,Not Applicable,Not Applicable,Billion US Dollars,,,,,,,,,,,,,,,0.133967444,0.736820947,2.773050013,3.892634298,3.307123501
178,Jersey,JE,JEY,Green Bond Issuances by Country,Refinitiv; Country authorities; IMF staff calculations.,ECFFI,Green Bonds Issuances,"Environment, Climate Change, Climate Finance, Green Bonds, Green Bonds Issuances ",Green Bonds,Not Applicable,Not Applicable,Not Applicable,Billion US Dollars,,,,,,,,,,,,,,1.044495508,0.23,0.366028382,,,
179,Jersey,JE,JEY,Sustainability Bond Issuances by Country,Refinitiv; Country authorities; IMF staff calculations.,,,,Sustainability Bond,Not Applicable,Not Applicable,Not Applicable,Billion US Dollars,,,,,,,,,,,,,,,1.5,0.149030204,0.12,0.227192928,
180,Jersey,JE,JEY,Sustainability Linked Bond Issuances by Country,Refinitiv; Country authorities; IMF staff calculations.,,,,Linked Bond,Not Applicable,Not Applicable,Not Applicable,Billion US Dollars,,,,,,,,,,,,,,,,,,0.679766996,1.471464834
181,Jordan,JO,JOR,Sustainability Bond Issuances by Country,Refinitiv; Country authorities; IMF staff calculations.,,,,Sustainability Bond,Not Applicable,Not Applicable,Not Applicable,Billion US Dollars,,,,,,,,,,,,,,,,,,0.25,
182,"Kazakhstan, Rep. of",KZ,KAZ,Green Bond Issuances by Country,Refinitiv; Country authorities; IMF staff calculations.,ECFFI,Green Bonds Issuances,"Environment, Climate Change, Climate Finance, Green Bonds, Green Bonds Issuances ",Green Bonds,Not Applicable,Not Applicable,Not Applicable,Billion US Dollars,,,,,,,,,,,,,,,,0.037576141,0.069219207,0.005933074,
183,"Kazakhstan, Rep. of",KZ,KAZ,Sustainability Bond Issuances by Country,Refinitiv; Country authorities; IMF staff calculations.,,,,Sustainability Bond,Not Applicable,Not Applicable,Not Applicable,Billion US Dollars,,,,,,,,,,,,,,,,,,,0.397051745
184,Kenya,KE,KEN,Green Bond Issuances by Country,Refinitiv; Country authorities; IMF staff calculations.,ECFFI,Green Bonds Issuances,"Environment, Climate Change, Climate Finance, Green Bonds, Green Bonds Issuances ",Green Bonds,Not Applicable,Not Applicable,Not Applicable,Billion US Dollars,,,,,,,,,,,,,,0.00609775,,,,,
185,"Korea, Rep. of",KR,KOR,Green Bond Issuances by Country,Refinitiv; Country authorities; IMF staff calculations.,ECFFI,Green Bonds Issuances,"Environment, Climate Change, Climate Finance, Green Bonds, Green Bonds Issuances ",Green Bonds,Not Applicable,Not Applicable,Not Applicable,Billion US Dollars,,,,,,,,0.5,,,1.4,0.375412114,3.905632667,6.85521239,3.171904655,25.23712633,16.63558865,14.02198606,12.52622665
186,"Korea, Rep. of",KR,KOR,Social Bond Issuances by Country,Refinitiv; Country authorities; IMF staff calculations.,,,,Social Bond,Not Applicable,Not Applicable,Not Applicable,Billion US Dollars,,,,,,,,,,,,,1.350345497,2.249332068,11.56370448,22.84661149,25.6675335,32.5712251,31.34169741
187,"Korea, Rep. of",KR,KOR,Sovereign Green Bond Issuances,Refinitiv; Country authorities; IMF staff calculations.,ECFF,Green Bonds,"Environment, Climate Change, Climate Finance, Green Bonds",Green Bond,Not Applicable,Not Applicable,Not Applicable,Billion US Dollars,,,,,,,,,,,,,,,,0.732056765,,,
188,"Korea, Rep. of",KR,KOR,Sovereign Sustainability Bond Issuances,Refinitiv; Country authorities; IMF staff calculations.,,,,Sustainability Bond,Not Applicable,Not Applicable,Not Applicable,Billion US Dollars,,,,,,,,,,,,,,0.5,,,,,
189,"Korea, Rep. of",KR,KOR,Sustainability Bond Issuances by Country,Refinitiv; Country authorities; IMF staff calculations.,,,,Sustainability Bond,Not Applicable,Not Applicable,Not Applicable,Billion US Dollars,,,,,,,,,,,,,1.631712084,11.41863035,7.246399919,19.04177591,11.48979126,5.862059407,5.794979806
190,"Korea, Rep. of",KR,KOR,Sustainability Linked Bond Issuances by Country,Refinitiv; Country authorities; IMF staff calculations.,,,,Linked Bond,Not Applicable,Not Applicable,Not Applicable,Billion US Dollars,,,,,,,,,,,,,,,,,,2.153448358,0.10478769
191,Lao People's Dem. Rep.,LA,LAO,Green Bond Issuances by Country,Refinitiv; Country authorities; IMF staff calculations.,ECFFI,Green Bonds Issuances,"Environment, Climate Change, Climate Finance, Green Bonds, Green Bonds Issuances ",Green Bonds,Not Applicable,Not Applicable,Not Applicable,Billion US Dollars,,,,,,,,,,,,,,,,,0.250372799,0.104415273,
192,Latvia,LV,LVA,Green Bond Issuances by Country,Refinitiv; Country authorities; IMF staff calculations.,ECFFI,Green Bonds Issuances,"Environment, Climate Change, Climate Finance, Green Bonds, Green Bonds Issuances ",Green Bonds,Not Applicable,Not Applicable,Not Applicable,Billion US Dollars,,,,,,,,,,0.1036205,0.025905125,0.020985918,,,,0.156869305,0.104579537,0.052289768,
193,Latvia,LV,LVA,Sovereign Sustainability Bond Issuances,Refinitiv; Country authorities; IMF staff calculations.,,,,Sustainability Bond,Not Applicable,Not Applicable,Not Applicable,Billion US Dollars,,,,,,,,,,,,,,,,0.627477227,,,
194,Latvia,LV,LVA,Sustainability Bond Issuances by Country,Refinitiv; Country authorities; IMF staff calculations.,,,,Sustainability Bond,Not Applicable,Not Applicable,Not Applicable,Billion US Dollars,,,,,,,,,,,,,,,,0.627477227,,,
195,Liechtenstein,LI,LIE,Green Bond Issuances by Country,Refinitiv; Country authorities; IMF staff calculations.,ECFFI,Green Bonds Issuances,"Environment, Climate Change, Climate Finance, Green Bonds, Green Bonds Issuances ",Green Bonds,Not Applicable,Not Applicable,Not Applicable,Billion US Dollars,,,,,,,,,,,,,,0.111395789,0.111395789,0.627477227,,,
196,Lithuania,LT,LTU,Green Bond Issuances by Country,Refinitiv; Country authorities; IMF staff calculations.,ECFFI,Green Bonds Issuances,"Environment, Climate Change, Climate Finance, Green Bonds, Green Bonds Issuances ",Green Bonds,Not Applicable,Not Applicable,Not Applicable,Billion US Dollars,,,,,,,,,,,,0.313738613,0.384852698,,,0.036602838,,,
197,Lithuania,LT,LTU,Sovereign Green Bond Issuances,Refinitiv; Country authorities; IMF staff calculations.,ECFF,Green Bonds,"Environment, Climate Change, Climate Finance, Green Bonds",Green Bond,Not Applicable,Not Applicable,Not Applicable,Billion US Dollars,,,,,,,,,,,,,0.071114085,,,,,,
198,Lithuania,LT,LTU,Sustainability Linked Bond Issuances by Country,Refinitiv; Country authorities; IMF staff calculations.,,,,Linked Bond,Not Applicable,Not Applicable,Not Applicable,Billion US Dollars,,,,,,,,,,,,,,,,,0.078434653,,
199,Luxembourg,LU,LUX,Green Bond Issuances by Country,Refinitiv; Country authorities; IMF staff calculations.,ECFFI,Green Bonds Issuances,"Environment, Climate Change, Climate Finance, Green Bonds, Green Bonds Issuances ",Green Bonds,Not Applicable,Not Applicable,Not Applicable,Billion US Dollars,,0.627477227,,0.277563462,0.305852661,,0.557479158,3.43224548,6.024796731,3.377571738,7.686361525,7.102313132,7.928896231,8.263299601,12.52630761,18.05902385,19.57232586,14.26209585,28.88388337
200,Luxembourg,LU,LUX,Social Bond Issuances by Country,Refinitiv; Country authorities; IMF staff calculations.,,,,Social Bond,Not Applicable,Not Applicable,Not Applicable,Billion US Dollars,,,,,,,,,,,,,,0.182549512,1.148625243,0.030458908,0.078215937,0.001911001,
201,Luxembourg,LU,LUX,Sovereign Sustainability Bond Issuances,Refinitiv; Country authorities; IMF staff calculations.,,,,Sustainability Bond,Not Applicable,Not Applicable,Not Applicable,Billion US Dollars,,,,,,,,,,,,,,,1.568693069,,,,
202,Luxembourg,LU,LUX,Sustainability Bond Issuances by Country,Refinitiv; Country authorities; IMF staff calculations.,,,,Sustainability Bond,Not Applicable,Not Applicable,Not Applicable,Billion US Dollars,,,,,,,,,,,,0.025,1.934721452,0.205801741,6.302639988,7.967628283,5.633568625,1.948852243,2.468033229
203,Luxembourg,LU,LUX,Sustainability Linked Bond Issuances by Country,Refinitiv; Country authorities; IMF staff calculations.,,,,Linked Bond,Not Applicable,Not Applicable,Not Applicable,Billion US Dollars,,,,,,,,,,,,,,,2.823647524,15.48563929,3.826022071,2.384346534,0.3
204,Malaysia,MY,MYS,Green Bond Issuances by Country,Refinitiv; Country authorities; IMF staff calculations.,ECFFI,Green Bonds Issuances,"Environment, Climate Change, Climate Finance, Green Bonds, Green Bonds Issuances ",Green Bonds,Not Applicable,Not Applicable,Not Applicable,Billion US Dollars,,,,,,,,,,,,0.467588859,0.203508938,0.479879659,0.124716135,0.303341637,0.203804347,0.736701476,0.366430482
205,Malaysia,MY,MYS,Social Bond Issuances by Country,Refinitiv; Country authorities; IMF staff calculations.,,,,Social Bond,Not Applicable,Not Applicable,Not Applicable,Billion US Dollars,,,,,,,,,,,,0.03144654,,,,,0.122314516,0.152853259,0.065285989
206,Malaysia,MY,MYS,Sovereign Sustainability Bond Issuances,Refinitiv; Country authorities; IMF staff calculations.,,,,Sustainability Bond,Not Applicable,Not Applicable,Not Applicable,Billion US Dollars,,,,,,,,,,,,,,,,,2.264492753,,
207,Malaysia,MY,MYS,Sustainability Bond Issuances by Country,Refinitiv; Country authorities; IMF staff calculations.,,,,Sustainability Bond,Not Applicable,Not Applicable,Not Applicable,Billion US Dollars,,,,,,,,,,0.03144654,,,0.157232704,0.729438574,0.400265353,3.804801204,5.892033466,2.252607752,2.3952473
208,Malaysia,MY,MYS,Sustainability Linked Bond Issuances by Country,Refinitiv; Country authorities; IMF staff calculations.,,,,Linked Bond,Not Applicable,Not Applicable,Not Applicable,Billion US Dollars,,,,,,,,,,,,,,,,0.226449275,0.012319494,0.098829483,0.327547233
209,Mali,ML,MLI,Social Bond Issuances by Country,Refinitiv; Country authorities; IMF staff calculations.,,,,Social Bond,Not Applicable,Not Applicable,Not Applicable,Billion US Dollars,,,,,,,,,,,,,,,0.274557164,0.928702392,0.702596416,,
210,Mali,ML,MLI,Sovereign Social Bond Issuances,Refinitiv; Country authorities; IMF staff calculations.,,,,Social Bond,Not Applicable,Not Applicable,Not Applicable,Billion US Dollars,,,,,,,,,,,,,,,0.274557164,0.928702392,0.702596416,,
211,Malta,MT,MLT,Green Bond Issuances by Country,Refinitiv; Country authorities; IMF staff calculations.,ECFFI,Green Bonds Issuances,"Environment, Climate Change, Climate Finance, Green Bonds, Green Bonds Issuances ",Green Bonds,Not Applicable,Not Applicable,Not Applicable,Billion US Dollars,,,,,,,,,,,,,,,,,,0.026144884,
212,"Marshall Islands, Rep. of the",MH,MHL,Green Bond Issuances by Country,Refinitiv; Country authorities; IMF staff calculations.,ECFFI,Green Bonds Issuances,"Environment, Climate Change, Climate Finance, Green Bonds, Green Bonds Issuances ",Green Bonds,Not Applicable,Not Applicable,Not Applicable,Billion US Dollars,,,,,,,,,,,,,,0.2,,1.5,,,
213,"Marshall Islands, Rep. of the",MH,MHL,Sustainability Linked Bond Issuances by Country,Refinitiv; Country authorities; IMF staff calculations.,,,,Linked Bond,Not Applicable,Not Applicable,Not Applicable,Billion US Dollars,,,,,,,,,,,,,,,,0.5,,,
214,Mauritius,MU,MUS,Green Bond Issuances by Country,Refinitiv; Country authorities; IMF staff calculations.,ECFFI,Green Bonds Issuances,"Environment, Climate Change, Climate Finance, Green Bonds, Green Bonds Issuances ",Green Bonds,Not Applicable,Not Applicable,Not Applicable,Billion US Dollars,,,,,,,,,,,1,1.95,,2.770202,0.65,6.042,2.3,1.05,
215,Mauritius,MU,MUS,Social Bond Issuances by Country,Refinitiv; Country authorities; IMF staff calculations.,,,,Social Bond,Not Applicable,Not Applicable,Not Applicable,Billion US Dollars,,,,,,,,,,,,,,0.34,,,0.3,,0.6
216,Mauritius,MU,MUS,Sustainability Bond Issuances by Country,Refinitiv; Country authorities; IMF staff calculations.,,,,Sustainability Bond,Not Applicable,Not Applicable,Not Applicable,Billion US Dollars,,,,,,,,,,,,,,,,,,0.176,
217,Mexico,MX,MEX,Green Bond Issuances by Country,Refinitiv; Country authorities; IMF staff calculations.,ECFFI,Green Bonds Issuances,"Environment, Climate Change, Climate Finance, Green Bonds, Green Bonds Issuances ",Green Bonds,Not Applicable,Not Applicable,Not Applicable,Billion US Dollars,,,,,,,,,,1,4.230955771,8.755885084,0.388703865,0.122687343,1.689266591,0.493811855,0.575256823,2.73795991,1.743356388
218,Mexico,MX,MEX,Social Bond Issuances by Country,Refinitiv; Country authorities; IMF staff calculations.,,,,Social Bond,Not Applicable,Not Applicable,Not Applicable,Billion US Dollars,,,,,,,,,,,,0.195780921,,0.230955771,0.147224812,1.007447704,1.557808344,1.46496815,0.867191169
219,Mexico,MX,MEX,Sovereign Sustainability Bond Issuances,Refinitiv; Country authorities; IMF staff calculations.,,,,Sustainability Bond,Not Applicable,Not Applicable,Not Applicable,Billion US Dollars,,,,,,,,,,,,,,,0.784346534,1.307244224,6.684615339,4.068286579,5.718873317
220,Mexico,MX,MEX,Sustainability Bond Issuances by Country,Refinitiv; Country authorities; IMF staff calculations.,,,,Sustainability Bond,Not Applicable,Not Applicable,Not Applicable,Billion US Dollars,,,,,,,,,,,,0.610978755,0.125428711,0.270103094,0.80394477,6.528340234,12.93008505,8.416138738,10.75391853
221,Mexico,MX,MEX,Sustainability Linked Bond Issuances by Country,Refinitiv; Country authorities; IMF staff calculations.,,,,Linked Bond,Not Applicable,Not Applicable,Not Applicable,Billion US Dollars,,,,,,,,,,,,,,,,9.661308381,1.937468931,4.633818004,
222,Mongolia,MN,MNG,Green Bond Issuances by Country,Refinitiv; Country authorities; IMF staff calculations.,ECFFI,Green Bonds Issuances,"Environment, Climate Change, Climate Finance, Green Bonds, Green Bonds Issuances ",Green Bonds,Not Applicable,Not Applicable,Not Applicable,Billion US Dollars,,,,,,,,,,,,,,,,,,,0.04
223,Mongolia,MN,MNG,Social Bond Issuances by Country,Refinitiv; Country authorities; IMF staff calculations.,,,,Social Bond,Not Applicable,Not Applicable,Not Applicable,Billion US Dollars,,,,,,,,,,,,,,,,,,,0.01
224,Morocco,MA,MAR,Green Bond Issuances by Country,Refinitiv; Country authorities; IMF staff calculations.,ECFFI,Green Bonds Issuances,"Environment, Climate Change, Climate Finance, Green Bonds, Green Bonds Issuances ",Green Bonds,Not Applicable,Not Applicable,Not Applicable,Billion US Dollars,,,,,,,,,,,,0.013378257,,,,,0.104316056,,
225,Namibia,NA,NAM,Green Bond Issuances by Country,Refinitiv; Country authorities; IMF staff calculations.,ECFFI,Green Bonds Issuances,"Environment, Climate Change, Climate Finance, Green Bonds, Green Bonds Issuances ",Green Bonds,Not Applicable,Not Applicable,Not Applicable,Billion US Dollars,,,,,,,,,,,,,0.003583548,,,,,,
226,Namibia,NA,NAM,Sustainability Bond Issuances by Country,Refinitiv; Country authorities; IMF staff calculations.,,,,Sustainability Bond,Not Applicable,Not Applicable,Not Applicable,Billion US Dollars,,,,,,,,,,,,,,,,0.012325234,,,
227,"Netherlands, The",NL,NLD,Green Bond Issuances by Country,Refinitiv; Country authorities; IMF staff calculations.,ECFFI,Green Bonds Issuances,"Environment, Climate Change, Climate Finance, Green Bonds, Green Bonds Issuances ",Green Bonds,Not Applicable,Not Applicable,Not Applicable,Billion US Dollars,,,,,,,,,1.701120016,4.792143809,7.22888396,10.32193931,11.16165883,28.27127157,24.71991921,33.25228871,32.05424076,38.22644881,29.24227101
228,"Netherlands, The",NL,NLD,Social Bond Issuances by Country,Refinitiv; Country authorities; IMF staff calculations.,,,,Social Bond,Not Applicable,Not Applicable,Not Applicable,Billion US Dollars,,,,,,,,,,0.683081644,1.032695127,4.042278945,2.511270929,4.110408619,7.313132745,6.996371088,6.392673096,11.53014614,14.47910048
229,"Netherlands, The",NL,NLD,Sovereign Green Bond Issuances,Refinitiv; Country authorities; IMF staff calculations.,ECFF,Green Bonds,"Environment, Climate Change, Climate Finance, Green Bonds",Green Bond,Not Applicable,Not Applicable,Not Applicable,Billion US Dollars,,,,,,,,,,,,,,16.40891645,,,,9.676695495,
230,"Netherlands, The",NL,NLD,Sustainability Bond Issuances by Country,Refinitiv; Country authorities; IMF staff calculations.,,,,Sustainability Bond,Not Applicable,Not Applicable,Not Applicable,Billion US Dollars,,,,,,,,0.524548887,,0.680448006,1.615648335,2.270129637,1.832121534,1.702956427,3.373704698,4.919089298,4.712800994,0.261448844,1.045795379
231,"Netherlands, The",NL,NLD,Sustainability Linked Bond Issuances by Country,Refinitiv; Country authorities; IMF staff calculations.,,,,Linked Bond,Not Applicable,Not Applicable,Not Applicable,Billion US Dollars,,,,,,,,,,,,,,5.61148943,0.63149652,23.17114918,25.44757943,6.015238279,6.875937291
232,New Zealand,NZ,NZL,Green Bond Issuances by Country,Refinitiv; Country authorities; IMF staff calculations.,ECFFI,Green Bonds Issuances,"Environment, Climate Change, Climate Finance, Green Bonds, Green Bonds Issuances ",Green Bonds,Not Applicable,Not Applicable,Not Applicable,Billion US Dollars,,,,,,,0.028269989,0.086829951,0.124941609,0.088289826,0.084809969,0.215032363,0.360610288,0.632859974,0.617050096,1.439248144,6.583532904,1.442566458,1.268120983
233,New Zealand,NZ,NZL,Sovereign Green Bond Issuances,Refinitiv; Country authorities; IMF staff calculations.,ECFF,Green Bonds,"Environment, Climate Change, Climate Finance, Green Bonds",Green Bond,Not Applicable,Not Applicable,Not Applicable,Billion US Dollars,,,,,,,,,,,,,,,,,5.366900858,,
234,New Zealand,NZ,NZL,Sustainability Bond Issuances by Country,Refinitiv; Country authorities; IMF staff calculations.,,,,Sustainability Bond,Not Applicable,Not Applicable,Not Applicable,Billion US Dollars,,,,,,,,,,,,,1.922900306,0.769160122,1.205400191,0.086100013,0.516600082,,
235,New Zealand,NZ,NZL,Sustainability Linked Bond Issuances by Country,Refinitiv; Country authorities; IMF staff calculations.,,,,Linked Bond,Not Applicable,Not Applicable,Not Applicable,Billion US Dollars,,,,,,,,,,,,,,,,,0.057400009,,
236,Niger,NE,NER,Social Bond Issuances by Country,Refinitiv; Country authorities; IMF staff calculations.,,,,Social Bond,Not Applicable,Not Applicable,Not Applicable,Billion US Dollars,,,,,,,,,,,,,,,0.352264902,0.782675322,0.488790921,,
237,Niger,NE,NER,Sovereign Social Bond Issuances,Refinitiv; Country authorities; IMF staff calculations.,,,,Social Bond,Not Applicable,Not Applicable,Not Applicable,Billion US Dollars,,,,,,,,,,,,,,,0.352264902,0.782675322,0.488790921,,
238,Nigeria,NG,NGA,Green Bond Issuances by Country,Refinitiv; Country authorities; IMF staff calculations.,ECFFI,Green Bonds Issuances,"Environment, Climate Change, Climate Finance, Green Bonds, Green Bonds Issuances ",Green Bonds,Not Applicable,Not Applicable,Not Applicable,Billion US Dollars,,,,,,,,,,,,0.007088671,,0.018944918,0.167093683,0.000598483,0.05,,
239,Nigeria,NG,NGA,Sovereign Green Bond Issuances,Refinitiv; Country authorities; IMF staff calculations.,ECFF,Green Bonds,"Environment, Climate Change, Climate Finance, Green Bonds",Green Bond,Not Applicable,Not Applicable,Not Applicable,Billion US Dollars,,,,,,,,,,,,0.007088671,,0.010003201,,,,,
240,Norway,NO,NOR,Green Bond Issuances by Country,Refinitiv; Country authorities; IMF staff calculations.,ECFFI,Green Bonds Issuances,"Environment, Climate Change, Climate Finance, Green Bonds, Green Bonds Issuances ",Green Bonds,Not Applicable,Not Applicable,Not Applicable,Billion US Dollars,,,,,0.132114809,0.02581152,,1,0.327977456,2.30640757,1.194603009,0.748014914,3.176212296,5.345785172,6.33040032,13.22531286,16.0693334,15.10337145,13.20231337
241,Norway,NO,NOR,Sustainability Linked Bond Issuances by Country,Refinitiv; Country authorities; IMF staff calculations.,,,,Linked Bond,Not Applicable,Not Applicable,Not Applicable,Billion US Dollars,,,,,,,,,,,,,,,,0.757201082,0.682538253,0.485057923,
242,Pakistan,PK,PAK,Green Bond Issuances by Country,Refinitiv; Country authorities; IMF staff calculations.,ECFFI,Green Bonds Issuances,"Environment, Climate Change, Climate Finance, Green Bonds, Green Bonds Issuances ",Green Bonds,Not Applicable,Not Applicable,Not Applicable,Billion US Dollars,,,,,,,,,,,,,,,,0.5,,,
243,Panama,PA,PAN,Green Bond Issuances by Country,Refinitiv; Country authorities; IMF staff calculations.,ECFFI,Green Bonds Issuances,"Environment, Climate Change, Climate Finance, Green Bonds, Green Bonds Issuances ",Green Bonds,Not Applicable,Not Applicable,Not Applicable,Billion US Dollars,,,,,,,0.037,,,,,,,0.042,0.535328,,0.010229,0.01288,
244,Panama,PA,PAN,Sustainability Bond Issuances by Country,Refinitiv; Country authorities; IMF staff calculations.,,,,Sustainability Bond,Not Applicable,Not Applicable,Not Applicable,Billion US Dollars,,,,,,,,,,,,,,,,,,,0.3
245,Paraguay,PY,PRY,Sustainability Bond Issuances by Country,Refinitiv; Country authorities; IMF staff calculations.,,,,Sustainability Bond,Not Applicable,Not Applicable,Not Applicable,Billion US Dollars,,,,,,,,,,,,,,,0.6,,,,0.025349545
246,Peru,PE,PER,Green Bond Issuances by Country,Refinitiv; Country authorities; IMF staff calculations.,ECFFI,Green Bonds Issuances,"Environment, Climate Change, Climate Finance, Green Bonds, Green Bonds Issuances ",Green Bonds,Not Applicable,Not Applicable,Not Applicable,Billion US Dollars,,,,,,,,,0.408,,,,0.026406126,1.280813906,0.2,,0.03,,
247,Peru,PE,PER,Social Bond Issuances by Country,Refinitiv; Country authorities; IMF staff calculations.,,,,Social Bond,Not Applicable,Not Applicable,Not Applicable,Billion US Dollars,,,,,,,,,,,,,,,0.015641791,0.038607085,,,
248,Peru,PE,PER,Sovereign Sustainability Bond Issuances,Refinitiv; Country authorities; IMF staff calculations.,,,,Sustainability Bond,Not Applicable,Not Applicable,Not Applicable,Billion US Dollars,,,,,,,,,,,,,,,,3.25,,10.93237015,
249,Peru,PE,PER,Sustainability Bond Issuances by Country,Refinitiv; Country authorities; IMF staff calculations.,,,,Sustainability Bond,Not Applicable,Not Applicable,Not Applicable,Billion US Dollars,,,,,,,,,,,,,,,,3.25,1.2,10.95920858,
250,Peru,PE,PER,Sustainability Linked Bond Issuances by Country,Refinitiv; Country authorities; IMF staff calculations.,,,,Linked Bond,Not Applicable,Not Applicable,Not Applicable,Billion US Dollars,,,,,,,,,,,,,,,,0.76,,,
251,Philippines,PH,PHL,Green Bond Issuances by Country,Refinitiv; Country authorities; IMF staff calculations.,ECFFI,Green Bonds Issuances,"Environment, Climate Change, Climate Finance, Green Bonds, Green Bonds Issuances ",Green Bonds,Not Applicable,Not Applicable,Not Applicable,Billion US Dollars,,,,,0.769075804,,0.014366736,0.058941038,,0.502338831,1.3,1.499270573,1.943137475,3.590743005,0.533912415,1.873705376,0.231502334,0.144495003,2.790655644
252,Philippines,PH,PHL,Social Bond Issuances by Country,Refinitiv; Country authorities; IMF staff calculations.,,,,Social Bond,Not Applicable,Not Applicable,Not Applicable,Billion US Dollars,,,,,,,,,,,,0.074620011,0.042194092,0.047044654,9.056440701,2.081887291,5.00570951,3.996948789,1.709298849
253,Philippines,PH,PHL,Sovereign Sustainability Bond Issuances,Refinitiv; Country authorities; IMF staff calculations.,,,,Sustainability Bond,Not Applicable,Not Applicable,Not Applicable,Billion US Dollars,,,,,,,,,,,,,,,,,2.219356507,1.25,1.9
254,Philippines,PH,PHL,Sustainability Bond Issuances by Country,Refinitiv; Country authorities; IMF staff calculations.,,,,Sustainability Bond,Not Applicable,Not Applicable,Not Applicable,Billion US Dollars,,,,,,,,,,,,,,0.872398912,0.905015227,0.306505162,3.378305893,1.258897023,4.275549861
255,Philippines,PH,PHL,Sustainability Linked Bond Issuances by Country,Refinitiv; Country authorities; IMF staff calculations.,,,,Linked Bond,Not Applicable,Not Applicable,Not Applicable,Billion US Dollars,,,,,,,,,,,,,,0.112316837,,,,,0.962468896
256,"Poland, Rep. of",PL,POL,Green Bond Issuances by Country,Refinitiv; Country authorities; IMF staff calculations.,ECFFI,Green Bonds Issuances,"Environment, Climate Change, Climate Finance, Green Bonds, Green Bonds Issuances ",Green Bonds,Not Applicable,Not Applicable,Not Applicable,Billion US Dollars,,,,,,,,,,,0.784346534,,1.045795379,2.310704305,0.248416345,1.225274034,0.522897689,1.485628008,2.541881328
257,"Poland, Rep. of",PL,POL,Social Bond Issuances by Country,Refinitiv; Country authorities; IMF staff calculations.,,,,Social Bond,Not Applicable,Not Applicable,Not Applicable,Billion US Dollars,,,,,,,,,,,,,,,,0.922897689,,,
258,"Poland, Rep. of",PL,POL,Sovereign Green Bond Issuances,Refinitiv; Country authorities; IMF staff calculations.,ECFF,Green Bonds,"Environment, Climate Change, Climate Finance, Green Bonds",Green Bond,Not Applicable,Not Applicable,Not Applicable,Billion US Dollars,,,,,,,,,,,0.784346534,,1.045795379,2.091590758,,,,,
259,"Poland, Rep. of",PL,POL,Sustainability Bond Issuances by Country,Refinitiv; Country authorities; IMF staff calculations.,,,,Sustainability Bond,Not Applicable,Not Applicable,Not Applicable,Billion US Dollars,,,,,,,,,,,,,,,,0.189174191,,0.479241285,
260,"Poland, Rep. of",PL,POL,Sustainability Linked Bond Issuances by Country,Refinitiv; Country authorities; IMF staff calculations.,,,,Linked Bond,Not Applicable,Not Applicable,Not Applicable,Billion US Dollars,,,,,,,,,,,,,,,0.251787692,0.251787692,,0.878739047,
261,Portugal,PT,PRT,Green Bond Issuances by Country,Refinitiv; Country authorities; IMF staff calculations.,ECFFI,Green Bonds Issuances,"Environment, Climate Change, Climate Finance, Green Bonds, Green Bonds Issuances ",Green Bonds,Not Applicable,Not Applicable,Not Applicable,Billion US Dollars,,,,,,,,,,,,,,1.157138365,1.568693068,2.196170294,0.993505608,1.830141913,2.300749832
262,Portugal,PT,PRT,Social Bond Issuances by Country,Refinitiv; Country authorities; IMF staff calculations.,,,,Social Bond,Not Applicable,Not Applicable,Not Applicable,Billion US Dollars,,,,,,,,,,,,,,,,0.836636302,,0.209159075,
263,Portugal,PT,PRT,Sustainability Bond Issuances by Country,Refinitiv; Country authorities; IMF staff calculations.,,,,Sustainability Bond,Not Applicable,Not Applicable,Not Applicable,Billion US Dollars,,,,,,,,,,,,,,,,0.522897689,0.073205676,,
264,Portugal,PT,PRT,Sustainability Linked Bond Issuances by Country,Refinitiv; Country authorities; IMF staff calculations.,,,,Linked Bond,Not Applicable,Not Applicable,Not Applicable,Billion US Dollars,,,,,,,,,,,,,,,,0.138044467,,,0.398970934
265,Qatar,QA,QAT,Green Bond Issuances by Country,Refinitiv; Country authorities; IMF staff calculations.,ECFFI,Green Bonds Issuances,"Environment, Climate Change, Climate Finance, Green Bonds, Green Bonds Issuances ",Green Bonds,Not Applicable,Not Applicable,Not Applicable,Billion US Dollars,,,,,,,,,,,,,,,,,,,5
266,Qatar,QA,QAT,Sovereign Green Bond Issuances,Refinitiv; Country authorities; IMF staff calculations.,ECFF,Green Bonds,"Environment, Climate Change, Climate Finance, Green Bonds",Green Bond,Not Applicable,Not Applicable,Not Applicable,Billion US Dollars,,,,,,,,,,,,,,,,,,,5
267,Réunion,,REU,Social Bond Issuances by Country,Refinitiv; Country authorities; IMF staff calculations.,,,,Social Bond,Not Applicable,Not Applicable,Not Applicable,Billion US Dollars,,,,,,,,,,,,,,,,,,,0.010457953
268,Romania,RO,ROU,Green Bond Issuances by Country,Refinitiv; Country authorities; IMF staff calculations.,ECFFI,Green Bonds Issuances,"Environment, Climate Change, Climate Finance, Green Bonds, Green Bonds Issuances ",Green Bonds,Not Applicable,Not Applicable,Not Applicable,Billion US Dollars,,,,,,,,,,,,,,,,0.443450501,0.258109301,0.752056765,8.604232002
269,Romania,RO,ROU,Sovereign Green Bond Issuances,Refinitiv; Country authorities; IMF staff calculations.,ECFF,Green Bonds,"Environment, Climate Change, Climate Finance, Green Bonds",Green Bond,Not Applicable,Not Applicable,Not Applicable,Billion US Dollars,,,,,,,,,,,,,,,,,,,8.604232002
270,Romania,RO,ROU,Sustainability Bond Issuances by Country,Refinitiv; Country authorities; IMF staff calculations.,,,,Sustainability Bond,Not Applicable,Not Applicable,Not Applicable,Billion US Dollars,,,,,,,,,,,,,,,,,0.276536664,0.873477837,0.732056765
271,Russian Federation,RU,RUS,Green Bond Issuances by Country,Refinitiv; Country authorities; IMF staff calculations.,ECFFI,Green Bonds Issuances,"Environment, Climate Change, Climate Finance, Green Bonds, Green Bonds Issuances ",Green Bonds,Not Applicable,Not Applicable,Not Applicable,Billion US Dollars,,,,,,,,,,,,,,0.007342143,1.13000096,1.354226354,0.728599939,0.25990022,
272,Russian Federation,RU,RUS,Social Bond Issuances by Country,Refinitiv; Country authorities; IMF staff calculations.,,,,Social Bond,Not Applicable,Not Applicable,Not Applicable,Billion US Dollars,,,,,,,,,,,,,,,,,0.226000192,0.169500144,
273,Russian Federation,RU,RUS,Sustainability Bond Issuances by Country,Refinitiv; Country authorities; IMF staff calculations.,,,,Sustainability Bond,Not Applicable,Not Applicable,Not Applicable,Billion US Dollars,,,,,,,,,,,,,,,,,,0.033900028,
274,Saudi Arabia,SA,SAU,Green Bond Issuances by Country,Refinitiv; Country authorities; IMF staff calculations.,ECFFI,Green Bonds Issuances,"Environment, Climate Change, Climate Finance, Green Bonds, Green Bonds Issuances ",Green Bonds,Not Applicable,Not Applicable,Not Applicable,Billion US Dollars,,,,,,,,,,,,,,,,1.5,,,1.5
275,Senegal,SN,SEN,Social Bond Issuances by Country,Refinitiv; Country authorities; IMF staff calculations.,,,,Social Bond,Not Applicable,Not Applicable,Not Applicable,Billion US Dollars,,,,,,,,,,,,,,,0.495396537,0.690287614,1.186265421,,
276,Senegal,SN,SEN,Sovereign Social Bond Issuances,Refinitiv; Country authorities; IMF staff calculations.,,,,Social Bond,Not Applicable,Not Applicable,Not Applicable,Billion US Dollars,,,,,,,,,,,,,,,0.495396537,0.690287614,1.186265421,,
277,"Serbia, Rep. of",RS,SRB,Green Bond Issuances by Country,Refinitiv; Country authorities; IMF staff calculations.,ECFFI,Green Bonds Issuances,"Environment, Climate Change, Climate Finance, Green Bonds, Green Bonds Issuances ",Green Bonds,Not Applicable,Not Applicable,Not Applicable,Billion US Dollars,,,,,,,,,,,,,,,,2.091590758,,,
278,"Serbia, Rep. of",RS,SRB,Sovereign Green Bond Issuances,Refinitiv; Country authorities; IMF staff calculations.,ECFF,Green Bonds,"Environment, Climate Change, Climate Finance, Green Bonds",Green Bond,Not Applicable,Not Applicable,Not Applicable,Billion US Dollars,,,,,,,,,,,,,,,,2.091590758,,,
279,"Serbia, Rep. of",RS,SRB,Sovereign Sustainability Bond Issuances,Refinitiv; Country authorities; IMF staff calculations.,,,,Sustainability Bond,Not Applicable,Not Applicable,Not Applicable,Billion US Dollars,,,,,,,,,,,,,,,,,,,3
280,"Serbia, Rep. of",RS,SRB,Sustainability Bond Issuances by Country,Refinitiv; Country authorities; IMF staff calculations.,,,,Sustainability Bond,Not Applicable,Not Applicable,Not Applicable,Billion US Dollars,,,,,,,,,,,,,,,,,,,3
281,Seychelles,SC,SYC,Green Bond Issuances by Country,Refinitiv; Country authorities; IMF staff calculations.,ECFFI,Green Bonds Issuances,"Environment, Climate Change, Climate Finance, Green Bonds, Green Bonds Issuances ",Green Bonds,Not Applicable,Not Applicable,Not Applicable,Billion US Dollars,,,,,,,,,,,,,0.015,,,,,,
282,Seychelles,SC,SYC,Sovereign Green Bond Issuances,Refinitiv; Country authorities; IMF staff calculations.,ECFF,Green Bonds,"Environment, Climate Change, Climate Finance, Green Bonds",Green Bond,Not Applicable,Not Applicable,Not Applicable,Billion US Dollars,,,,,,,,,,,,,0.015,,,,,,
283,Singapore,SG,SGP,Green Bond Issuances by Country,Refinitiv; Country authorities; IMF staff calculations.,ECFFI,Green Bonds Issuances,"Environment, Climate Change, Climate Finance, Green Bonds, Green Bonds Issuances ",Green Bonds,Not Applicable,Not Applicable,Not Applicable,Billion US Dollars,,,,,,,,,,,,1.074019245,0.066574091,2.240850031,1.423991316,5.903574727,9.985256675,4.547572496,4.871456376
284,Singapore,SG,SGP,Social Bond Issuances by Country,Refinitiv; Country authorities; IMF staff calculations.,,,,Social Bond,Not Applicable,Not Applicable,Not Applicable,Billion US Dollars,,,,,,,,,,,,0.008,,,0.0704,,0.074855902,,
285,Singapore,SG,SGP,Sovereign Green Bond Issuances,Refinitiv; Country authorities; IMF staff calculations.,ECFF,Green Bonds,"Environment, Climate Change, Climate Finance, Green Bonds",Green Bond,Not Applicable,Not Applicable,Not Applicable,Billion US Dollars,,,,,,,,,,,,,,,,,5.015345459,,
286,Singapore,SG,SGP,Sustainability Bond Issuances by Country,Refinitiv; Country authorities; IMF staff calculations.,,,,Sustainability Bond,Not Applicable,Not Applicable,Not Applicable,Billion US Dollars,,,,,,,,,,,,,,,,3.166283853,,,
287,Singapore,SG,SGP,Sustainability Linked Bond Issuances by Country,Refinitiv; Country authorities; IMF staff calculations.,,,,Linked Bond,Not Applicable,Not Applicable,Not Applicable,Billion US Dollars,,,,,,,,,,,,,,,0.046888606,1.215821508,0.584802653,,0.374279511
288,Slovak Rep.,SK,SVK,Green Bond Issuances by Country,Refinitiv; Country authorities; IMF staff calculations.,ECFFI,Green Bonds Issuances,"Environment, Climate Change, Climate Finance, Green Bonds, Green Bonds Issuances ",Green Bonds,Not Applicable,Not Applicable,Not Applicable,Billion US Dollars,,,,,,,,,,,,,,,,0.474791101,0.898317016,0.627477226,0.397486355
289,"Slovenia, Rep. of",SI,SVN,Green Bond Issuances by Country,Refinitiv; Country authorities; IMF staff calculations.,ECFFI,Green Bonds Issuances,"Environment, Climate Change, Climate Finance, Green Bonds, Green Bonds Issuances ",Green Bonds,Not Applicable,Not Applicable,Not Applicable,Billion US Dollars,,,,,,,,,,,,,0.078667477,,,,,0.522897689,0.052289768
290,"Slovenia, Rep. of",SI,SVN,Social Bond Issuances by Country,Refinitiv; Country authorities; IMF staff calculations.,,,,Social Bond,Not Applicable,Not Applicable,Not Applicable,Billion US Dollars,,,,,,,,,,,,,,,,,,,0.334918614
291,"Slovenia, Rep. of",SI,SVN,Sovereign Social Bond Issuances,Refinitiv; Country authorities; IMF staff calculations.,,,,Social Bond,Not Applicable,Not Applicable,Not Applicable,Billion US Dollars,,,,,,,,,,,,,,,,,,,0.334918614
292,"Slovenia, Rep. of",SI,SVN,Sovereign Sustainability Bond Issuances,Refinitiv; Country authorities; IMF staff calculations.,,,,Sustainability Bond,Not Applicable,Not Applicable,Not Applicable,Billion US Dollars,,,,,,,,,,,,,,,,1.296729797,,1.307244224,
293,"Slovenia, Rep. of",SI,SVN,Sustainability Bond Issuances by Country,Refinitiv; Country authorities; IMF staff calculations.,,,,Sustainability Bond,Not Applicable,Not Applicable,Not Applicable,Billion US Dollars,,,,,,,,,,,,,,,,1.296729797,,1.307244224,
294,South Africa,ZA,ZAF,Green Bond Issuances by Country,Refinitiv; Country authorities; IMF staff calculations.,ECFFI,Green Bonds Issuances,"Environment, Climate Change, Climate Finance, Green Bonds, Green Bonds Issuances ",Green Bonds,Not Applicable,Not Applicable,Not Applicable,Billion US Dollars,,,,,,,,,0.136400632,,,0.054564601,0.060012936,0.147012122,0.2,0.145087274,0.77056512,0.767505682,0.323349826
295,South Africa,ZA,ZAF,Social Bond Issuances by Country,Refinitiv; Country authorities; IMF staff calculations.,,,,Social Bond,Not Applicable,Not Applicable,Not Applicable,Billion US Dollars,,,,,,,,,,,,,,,,0.256321073,,,
296,South Africa,ZA,ZAF,Sustainability Bond Issuances by Country,Refinitiv; Country authorities; IMF staff calculations.,,,,Sustainability Bond,Not Applicable,Not Applicable,Not Applicable,Billion US Dollars,,,,,,,,,,,,,,,,,0.110711576,,0.109511155
297,South Africa,ZA,ZAF,Sustainability Linked Bond Issuances by Country,Refinitiv; Country authorities; IMF staff calculations.,,,,Linked Bond,Not Applicable,Not Applicable,Not Applicable,Billion US Dollars,,,,,,,,,,,,,,,,0.166890871,0.120042122,,0.01636938
298,Spain,ES,ESP,Green Bond Issuances by Country,Refinitiv; Country authorities; IMF staff calculations.,ECFFI,Green Bonds Issuances,"Environment, Climate Change, Climate Finance, Green Bonds, Green Bonds Issuances ",Green Bonds,Not Applicable,Not Applicable,Not Applicable,Billion US Dollars,,,,,,,,,1.15427155,,3.487379557,6.181060486,4.020036281,7.230203609,9.647151136,29.72903122,13.25599792,11.80082065,12.64332435
299,Spain,ES,ESP,Social Bond Issuances by Country,Refinitiv; Country authorities; IMF staff calculations.,,,,Social Bond,Not Applicable,Not Applicable,Not Applicable,Billion US Dollars,,,,,,,,,,2.08399058,0.569295778,0.565043769,0.5190976,1.568195375,2.665251745,2.617790843,2.091590757,1.568693068,1.830141913
300,Spain,ES,ESP,Sovereign Green Bond Issuances,Refinitiv; Country authorities; IMF staff calculations.,ECFF,Green Bonds,"Environment, Climate Change, Climate Finance, Green Bonds",Green Bond,Not Applicable,Not Applicable,Not Applicable,Billion US Dollars,,,,,,,,,,,,,,,,16.03113124,,,
301,Spain,ES,ESP,Sustainability Bond Issuances by Country,Refinitiv; Country authorities; IMF staff calculations.,,,,Sustainability Bond,Not Applicable,Not Applicable,Not Applicable,Billion US Dollars,,,,,,,,,,,0.524548887,0.87601976,2.340490057,1.987011219,3.388377026,4.91523828,3.268110558,3.451124749,3.733804925
302,Spain,ES,ESP,Sustainability Linked Bond Issuances by Country,Refinitiv; Country authorities; IMF staff calculations.,,,,Linked Bond,Not Applicable,Not Applicable,Not Applicable,Billion US Dollars,,,,,,,,,,,,,,,0.018824316,0.051015968,,0.627477227,
303,Sudan,SD,SDN,Social Bond Issuances by Country,Refinitiv; Country authorities; IMF staff calculations.,,,,Social Bond,Not Applicable,Not Applicable,Not Applicable,Billion US Dollars,,,,,,,,,,,,,,,,,,,0.522897689
304,Sweden,SE,SWE,Green Bond Issuances by Country,Refinitiv; Country authorities; IMF staff calculations.,ECFFI,Green Bonds Issuances,"Environment, Climate Change, Climate Finance, Green Bonds, Green Bonds Issuances ",Green Bonds,Not Applicable,Not Applicable,Not Applicable,Billion US Dollars,,,,,,,,0.165969622,1.444350159,1.490990296,3.460253358,4.297562097,6.679100718,12.94673151,13.78777794,17.7747444,15.77720991,20.20663615,23.02978772
305,Sweden,SE,SWE,Social Bond Issuances by Country,Refinitiv; Country authorities; IMF staff calculations.,,,,Social Bond,Not Applicable,Not Applicable,Not Applicable,Billion US Dollars,,,,,,,,,,,,,,,0.018817861,0.669615088,0.02446322,0.522897689,0.047044654
306,Sweden,SE,SWE,Sovereign Green Bond Issuances,Refinitiv; Country authorities; IMF staff calculations.,ECFF,Green Bonds,"Environment, Climate Change, Climate Finance, Green Bonds",Green Bond,Not Applicable,Not Applicable,Not Applicable,Billion US Dollars,,,,,,,,,,,,,,,3.763572382,,,,
307,Sweden,SE,SWE,Sustainability Bond Issuances by Country,Refinitiv; Country authorities; IMF staff calculations.,,,,Sustainability Bond,Not Applicable,Not Applicable,Not Applicable,Billion US Dollars,,,,,,,,,,,0.063152956,,,0.036221385,0.269236692,0.12824131,0.588592244,0.241625273,0.042345856
308,Sweden,SE,SWE,Sustainability Linked Bond Issuances by Country,Refinitiv; Country authorities; IMF staff calculations.,,,,Linked Bond,Not Applicable,Not Applicable,Not Applicable,Billion US Dollars,,,,,,,,,,,,,,,,1.668479389,2.120194853,0.647162656,0.665959021
309,Switzerland,CH,CHE,Green Bond Issuances by Country,Refinitiv; Country authorities; IMF staff calculations.,ECFFI,Green Bonds Issuances,"Environment, Climate Change, Climate Finance, Green Bonds, Green Bonds Issuances ",Green Bonds,Not Applicable,Not Applicable,Not Applicable,Billion US Dollars,,,,,,,,,,0.166112956,0.886655264,0.874725184,1.428589803,4.842317262,3.03803512,3.064435052,5.430428611,4.231482851,3.380108802
310,Switzerland,CH,CHE,Social Bond Issuances by Country,Refinitiv; Country authorities; IMF staff calculations.,,,,Social Bond,Not Applicable,Not Applicable,Not Applicable,Billion US Dollars,,,,,,,,,,,,,,,,,0.245070736,,
311,Switzerland,CH,CHE,Sovereign Green Bond Issuances,Refinitiv; Country authorities; IMF staff calculations.,ECFF,Green Bonds,"Environment, Climate Change, Climate Finance, Green Bonds",Green Bond,Not Applicable,Not Applicable,Not Applicable,Billion US Dollars,,,,,,,,,,,,,,,,,2.961791244,0.747938947,0.231283422
312,Switzerland,CH,CHE,Sustainability Bond Issuances by Country,Refinitiv; Country authorities; IMF staff calculations.,,,,Sustainability Bond,Not Applicable,Not Applicable,Not Applicable,Billion US Dollars,,,,,,,,,,,,,,,,0.133674947,,,0.133674947
313,Switzerland,CH,CHE,Sustainability Linked Bond Issuances by Country,Refinitiv; Country authorities; IMF staff calculations.,,,,Linked Bond,Not Applicable,Not Applicable,Not Applicable,Billion US Dollars,,,,,,,,,,,,,,,,,1.584523641,,
314,Taiwan Province of China,TW,TWN,Green Bond Issuances by Country,Refinitiv; Country authorities; IMF staff calculations.,ECFFI,Green Bonds Issuances,"Environment, Climate Change, Climate Finance, Green Bonds, Green Bonds Issuances ",Green Bonds,Not Applicable,Not Applicable,Not Applicable,Billion US Dollars,,,,,,,,,,,,0.508628174,0.685174155,0.851530861,1.276288478,0.77482711,1.94331478,2.698840668,3.119039457
315,Taiwan Province of China,TW,TWN,Social Bond Issuances by Country,Refinitiv; Country authorities; IMF staff calculations.,,,,Social Bond,Not Applicable,Not Applicable,Not Applicable,Billion US Dollars,,,,,,,,,,,,,,,,0.182267034,0.17434068,0.56500719,0.457981418
316,Taiwan Province of China,TW,TWN,Sustainability Bond Issuances by Country,Refinitiv; Country authorities; IMF staff calculations.,,,,Sustainability Bond,Not Applicable,Not Applicable,Not Applicable,Billion US Dollars,,,,,,,,,,,,,,,0.177370905,0.176140076,0.417347929,0.388635724,0.221395587
317,Taiwan Province of China,TW,TWN,Sustainability Linked Bond Issuances by Country,Refinitiv; Country authorities; IMF staff calculations.,,,,Linked Bond,Not Applicable,Not Applicable,Not Applicable,Billion US Dollars,,,,,,,,,,,,,,,,,0.107086035,0.134507424,
318,Thailand,TH,THA,Green Bond Issuances by Country,Refinitiv; Country authorities; IMF staff calculations.,ECFFI,Green Bonds Issuances,"Environment, Climate Change, Climate Finance, Green Bonds, Green Bonds Issuances ",Green Bonds,Not Applicable,Not Applicable,Not Applicable,Billion US Dollars,,,,,,,,,,,,,0.099910527,0.680708973,0.878528007,0.850064208,0.815714128,0.860931821,0.172997215
319,Thailand,TH,THA,Social Bond Issuances by Country,Refinitiv; Country authorities; IMF staff calculations.,,,,Social Bond,Not Applicable,Not Applicable,Not Applicable,Billion US Dollars,,,,,,,,,,,,,,,0.20286396,0.119296152,0.339397412,0.119331741,0.429642056
320,Thailand,TH,THA,Sovereign Sustainability Bond Issuances,Refinitiv; Country authorities; IMF staff calculations.,,,,Sustainability Bond,Not Applicable,Not Applicable,Not Applicable,Billion US Dollars,,,,,,,,,,,,,,,6.322696093,,8.052490307,,
321,Thailand,TH,THA,Sovereign Sustainability Linked Bond Issuances,Refinitiv; Country authorities; IMF staff calculations.,,,,Linked Bond,Not Applicable,Not Applicable,Not Applicable,Billion US Dollars,,,,,,,,,,,,,,,,,,,1.759618252
322,Thailand,TH,THA,Sustainability Bond Issuances by Country,Refinitiv; Country authorities; IMF staff calculations.,,,,Sustainability Bond,Not Applicable,Not Applicable,Not Applicable,Billion US Dollars,,,,,,,,,,,,,,,6.322696093,0.239615442,8.519648414,0.193856246,1.431642798
323,Thailand,TH,THA,Sustainability Linked Bond Issuances by Country,Refinitiv; Country authorities; IMF staff calculations.,,,,Linked Bond,Not Applicable,Not Applicable,Not Applicable,Billion US Dollars,,,,,,,,,,,,,,,,0.626473849,0.921614784,0.029832935,2.217511893
324,Togo,TG,TGO,Social Bond Issuances by Country,Refinitiv; Country authorities; IMF staff calculations.,,,,Social Bond,Not Applicable,Not Applicable,Not Applicable,Billion US Dollars,,,,,,,,,,,,,,,0.28663446,0.70737869,0.469175701,,
325,Togo,TG,TGO,Sovereign Social Bond Issuances,Refinitiv; Country authorities; IMF staff calculations.,,,,Social Bond,Not Applicable,Not Applicable,Not Applicable,Billion US Dollars,,,,,,,,,,,,,,,0.28663446,0.70737869,0.469175701,,
326,Togo,TG,TGO,Sustainability Bond Issuances by Country,Refinitiv; Country authorities; IMF staff calculations.,,,,Sustainability Bond,Not Applicable,Not Applicable,Not Applicable,Billion US Dollars,,,,,,,,,,,,,,,,2.268693068,,,
327,"Türkiye, Rep. of",TR,TUR,Green Bond Issuances by Country,Refinitiv; Country authorities; IMF staff calculations.,ECFFI,Green Bonds Issuances,"Environment, Climate Change, Climate Finance, Green Bonds, Green Bonds Issuances ",Green Bonds,Not Applicable,Not Applicable,Not Applicable,Billion US Dollars,,,,,,,,,,,,,,0.1,0.1,1.929028382,0.049736332,4.006742984,0.05
328,"Türkiye, Rep. of",TR,TUR,Social Bond Issuances by Country,Refinitiv; Country authorities; IMF staff calculations.,,,,Social Bond,Not Applicable,Not Applicable,Not Applicable,Billion US Dollars,,,,,,,,,,,,,0.075,,,,0.02,0.335434062,0.057
329,"Türkiye, Rep. of",TR,TUR,Sovereign Green Bond Issuances,Refinitiv; Country authorities; IMF staff calculations.,ECFF,Green Bonds,"Environment, Climate Change, Climate Finance, Green Bonds",Green Bond,Not Applicable,Not Applicable,Not Applicable,Billion US Dollars,,,,,,,,,,,,,,,,,,2.5,
330,"Türkiye, Rep. of",TR,TUR,Sustainability Bond Issuances by Country,Refinitiv; Country authorities; IMF staff calculations.,,,,Sustainability Bond,Not Applicable,Not Applicable,Not Applicable,Billion US Dollars,,,,,,,,,,,0.3,0.3,,,1.5,3.9,,4.197,7.088280241
331,"Türkiye, Rep. of",TR,TUR,Sustainability Linked Bond Issuances by Country,Refinitiv; Country authorities; IMF staff calculations.,,,,Linked Bond,Not Applicable,Not Applicable,Not Applicable,Billion US Dollars,,,,,,,,,,,,,,,1.3,0.74,1,,3.1
332,Ukraine,UA,UKR,Green Bond Issuances by Country,Refinitiv; Country authorities; IMF staff calculations.,ECFFI,Green Bonds Issuances,"Environment, Climate Change, Climate Finance, Green Bonds, Green Bonds Issuances ",Green Bonds,Not Applicable,Not Applicable,Not Applicable,Billion US Dollars,,,,,,,,,,,,,,,,1.65,,,
333,United Arab Emirates,AE,ARE,Green Bond Issuances by Country,Refinitiv; Country authorities; IMF staff calculations.,ECFFI,Green Bonds Issuances,"Environment, Climate Change, Climate Finance, Green Bonds, Green Bonds Issuances ",Green Bonds,Not Applicable,Not Applicable,Not Applicable,Billion US Dollars,,,,,,,,,,0.35,1,0.587,,0.07,0.096531308,0.598419855,3.689750289,8.670686611,5
334,United Arab Emirates,AE,ARE,Social Bond Issuances by Country,Refinitiv; Country authorities; IMF staff calculations.,,,,Social Bond,Not Applicable,Not Applicable,Not Applicable,Billion US Dollars,,,,,,,,,,,,,,,,,,,0.6
335,United Arab Emirates,AE,ARE,Sustainability Bond Issuances by Country,Refinitiv; Country authorities; IMF staff calculations.,,,,Sustainability Bond,Not Applicable,Not Applicable,Not Applicable,Billion US Dollars,,,,,,,,,,,,,,,,,,2,3.045795378
336,United Kingdom,GB,GBR,Green Bond Issuances by Country,Refinitiv; Country authorities; IMF staff calculations.,ECFFI,Green Bonds Issuances,"Environment, Climate Change, Climate Finance, Green Bonds, Green Bonds Issuances ",Green Bonds,Not Applicable,Not Applicable,Not Applicable,Billion US Dollars,,,,,0.01632749,0.010805281,0.00385466,0.669439669,0.359646998,0.910180249,1.512518854,2.784473453,7.996126594,7.911940613,6.076582063,97.6299497,8.134788286,11.64511339,16.73598074
337,United Kingdom,GB,GBR,Social Bond Issuances by Country,Refinitiv; Country authorities; IMF staff calculations.,,,,Social Bond,Not Applicable,Not Applicable,Not Applicable,Billion US Dollars,2,,0.095198096,0.721791942,0.24903964,0.061421076,0.054445041,0.7,,0.310501148,0.5,0.3,0.822456606,2.162650838,5.793802338,5.627750464,2.773129296,2.308788418,6.906750707
338,United Kingdom,GB,GBR,Sovereign Green Bond Issuances,Refinitiv; Country authorities; IMF staff calculations.,ECFF,Green Bonds,"Environment, Climate Change, Climate Finance, Green Bonds",Green Bond,Not Applicable,Not Applicable,Not Applicable,Billion US Dollars,,,,,,,,,,,,,,,,79.74032863,,,
339,United Kingdom,GB,GBR,Sustainability Bond Issuances by Country,Refinitiv; Country authorities; IMF staff calculations.,,,,Sustainability Bond,Not Applicable,Not Applicable,Not Applicable,Billion US Dollars,,,,,,,,,0.310501148,,,1,,2.194506287,2.211258504,8.527341251,4.192404403,5.81491186,6.820403051
340,United Kingdom,GB,GBR,Sustainability Linked Bond Issuances by Country,Refinitiv; Country authorities; IMF staff calculations.,,,,Linked Bond,Not Applicable,Not Applicable,Not Applicable,Billion US Dollars,,,,,,,,,,,,,,,0.627477226,8.531488608,1.680913158,0.378897912,0.847094257
341,United States,US,USA,Green Bond Issuances by Country,Refinitiv; Country authorities; IMF staff calculations.,ECFFI,Green Bonds Issuances,"Environment, Climate Change, Climate Finance, Green Bonds, Green Bonds Issuances ",Green Bonds,Not Applicable,Not Applicable,Not Applicable,Billion US Dollars,,,0.343569012,0.61,1.151679188,0.678707275,0.772137106,5.199602176,5.105762963,10.30370446,13.61984318,6.281419188,13.36104363,27.19433931,33.7475548,57.54132869,32.71002868,40.51907583,28.55330271
342,United States,US,USA,Social Bond Issuances by Country,Refinitiv; Country authorities; IMF staff calculations.,,,,Social Bond,Not Applicable,Not Applicable,Not Applicable,Billion US Dollars,,,,,,,1.7,0.059216146,0.541172365,0.031348047,,1.031406105,1.059272326,1.019187879,9.889720799,6.566833308,5.550925932,2.933355206,4.148881565
343,United States,US,USA,Sustainability Bond Issuances by Country,Refinitiv; Country authorities; IMF staff calculations.,,,,Sustainability Bond,Not Applicable,Not Applicable,Not Applicable,Billion US Dollars,,,,,,,,,,0.1,0.682742502,8.637728704,24.89513643,39.74981325,111.0237522,90.22548577,58.964819,61.11973321,76.49532903
344,United States,US,USA,Sustainability Linked Bond Issuances by Country,Refinitiv; Country authorities; IMF staff calculations.,,,,Linked Bond,Not Applicable,Not Applicable,Not Applicable,Billion US Dollars,,,,,,,,,,,,,,,1.8,13.10289769,13.82,3.097908,
345,Uruguay,UY,URY,Sovereign Sustainability Linked Bond Issuances,Refinitiv; Country authorities; IMF staff calculations.,,,,Linked Bond,Not Applicable,Not Applicable,Not Applicable,Billion US Dollars,,,,,,,,,,,,,,,,,2.199975998,,
346,Uruguay,UY,URY,Sustainability Linked Bond Issuances by Country,Refinitiv; Country authorities; IMF staff calculations.,,,,Linked Bond,Not Applicable,Not Applicable,Not Applicable,Billion US Dollars,,,,,,,,,,,,,,,,,2.199975998,,
347,"Uzbekistan, Rep. of",UZ,UZB,Green Bond Issuances by Country,Refinitiv; Country authorities; IMF staff calculations.,ECFFI,Green Bonds Issuances,"Environment, Climate Change, Climate Finance, Green Bonds, Green Bonds Issuances ",Green Bonds,Not Applicable,Not Applicable,Not Applicable,Billion US Dollars,,,,,,,,,,,,,,,,,,0.659937888,0.908292532
348,"Uzbekistan, Rep. of",UZ,UZB,Sovereign Green Bond Issuances,Refinitiv; Country authorities; IMF staff calculations.,ECFF,Green Bonds,"Environment, Climate Change, Climate Finance, Green Bonds",Green Bond,Not Applicable,Not Applicable,Not Applicable,Billion US Dollars,,,,,,,,,,,,,,,,,,0.659937888,
349,"Uzbekistan, Rep. of",UZ,UZB,Sovereign Sustainability Bond Issuances,Refinitiv; Country authorities; IMF staff calculations.,,,,Sustainability Bond,Not Applicable,Not Applicable,Not Applicable,Billion US Dollars,,,,,,,,,,,,,,,,0.387236678,,,1.254954454
350,"Uzbekistan, Rep. of",UZ,UZB,Sustainability Bond Issuances by Country,Refinitiv; Country authorities; IMF staff calculations.,,,,Sustainability Bond,Not Applicable,Not Applicable,Not Applicable,Billion US Dollars,,,,,,,,,,,,,,,,0.387236678,,,2.404333334
351,"Venezuela, Rep. Bolivariana de",VE,VEN,Green Bond Issuances by Country,Refinitiv; Country authorities; IMF staff calculations.,ECFFI,Green Bonds Issuances,"Environment, Climate Change, Climate Finance, Green Bonds, Green Bonds Issuances ",Green Bonds,Not Applicable,Not Applicable,Not Applicable,Billion US Dollars,,,,,,,,,,,,,0.112098448,0.784346534,0.389885262,,0.389885262,0.250560467,
352,"Venezuela, Rep. Bolivariana de",VE,VEN,Social Bond Issuances by Country,Refinitiv; Country authorities; IMF staff calculations.,,,,Social Bond,Not Applicable,Not Applicable,Not Applicable,Billion US Dollars,,,,,,,,,,,,,,,0.945557708,,,,
353,Vietnam,VN,VNM,Green Bond Issuances by Country,Refinitiv; Country authorities; IMF staff calculations.,ECFFI,Green Bonds Issuances,"Environment, Climate Change, Climate Finance, Green Bonds, Green Bonds Issuances ",Green Bonds,Not Applicable,Not Applicable,Not Applicable,Billion US Dollars,,,,,,,,,,,0.14121369,,,,,0.2,0.06762054,,0.078864353
354,Vietnam,VN,VNM,Sustainability Bond Issuances by Country,Refinitiv; Country authorities; IMF staff calculations.,,,,Sustainability Bond,Not Applicable,Not Applicable,Not Applicable,Billion US Dollars,,,,,,,,,,,,,,,,0.425,,,
355,World,,WLD,Cumulative Green Bond Issuances by Type of Currency,Refinitiv; Country authorities; IMF staff calculations.,ECFF,Green Bonds,"Environment, Climate Change, Climate Finance, Green Bonds",Green Bond,Not Applicable,Not Applicable,Argentinian Peso,Billion US Dollars,,,,,,,,,,,,,,,,,,,0.160896524
356,World,,WLD,Cumulative Green Bond Issuances by Type of Currency,Refinitiv; Country authorities; IMF staff calculations.,ECFF,Green Bonds,"Environment, Climate Change, Climate Finance, Green Bonds",Green Bond,Not Applicable,Not Applicable,Argentinian Peso,Share,,,,,,,,,,,,,,,,,,,0.004541058
357,World,,WLD,Cumulative Green Bond Issuances by Type of Currency,Refinitiv; Country authorities; IMF staff calculations.,ECFF,Green Bonds,"Environment, Climate Change, Climate Finance, Green Bonds",Green Bond,Not Applicable,Not Applicable,Australian Dollar,Billion US Dollars,,,,,,,,,,,,,,,,,,,49.61925394
358,World,,WLD,Cumulative Green Bond Issuances by Type of Currency,Refinitiv; Country authorities; IMF staff calculations.,ECFF,Green Bonds,"Environment, Climate Change, Climate Finance, Green Bonds",Green Bond,Not Applicable,Not Applicable,Australian Dollar,Share,,,,,,,,,,,,,,,,,,,1.400427361
359,World,,WLD,Cumulative Green Bond Issuances by Type of Currency,Refinitiv; Country authorities; IMF staff calculations.,ECFF,Green Bonds,"Environment, Climate Change, Climate Finance, Green Bonds",Green Bond,Not Applicable,Not Applicable,Bangladeshi Taka,Billion US Dollars,,,,,,,,,,,,,,,,,,,0.246103363
360,World,,WLD,Cumulative Green Bond Issuances by Type of Currency,Refinitiv; Country authorities; IMF staff calculations.,ECFF,Green Bonds,"Environment, Climate Change, Climate Finance, Green Bonds",Green Bond,Not Applicable,Not Applicable,Bangladeshi Taka,Share,,,,,,,,,,,,,,,,,,,0.00694589
361,World,,WLD,Cumulative Green Bond Issuances by Type of Currency,Refinitiv; Country authorities; IMF staff calculations.,ECFF,Green Bonds,"Environment, Climate Change, Climate Finance, Green Bonds",Green Bond,Not Applicable,Not Applicable,Brazilian Real,Billion US Dollars,,,,,,,,,,,,,,,,,,,13.24262061
362,World,,WLD,Cumulative Green Bond Issuances by Type of Currency,Refinitiv; Country authorities; IMF staff calculations.,ECFF,Green Bonds,"Environment, Climate Change, Climate Finance, Green Bonds",Green Bond,Not Applicable,Not Applicable,Brazilian Real,Share,,,,,,,,,,,,,,,,,,,0.373752662
363,World,,WLD,Cumulative Green Bond Issuances by Type of Currency,Refinitiv; Country authorities; IMF staff calculations.,ECFF,Green Bonds,"Environment, Climate Change, Climate Finance, Green Bonds",Green Bond,Not Applicable,Not Applicable,British Pound,Billion US Dollars,,,,,,,,,,,,,,,,,,,135.1612119
364,World,,WLD,Cumulative Green Bond Issuances by Type of Currency,Refinitiv; Country authorities; IMF staff calculations.,ECFF,Green Bonds,"Environment, Climate Change, Climate Finance, Green Bonds",Green Bond,Not Applicable,Not Applicable,British Pound,Share,,,,,,,,,,,,,,,,,,,3.814717963
365,World,,WLD,Cumulative Green Bond Issuances by Type of Currency,Refinitiv; Country authorities; IMF staff calculations.,ECFF,Green Bonds,"Environment, Climate Change, Climate Finance, Green Bonds",Green Bond,Not Applicable,Not Applicable,Canadian Dollar,Billion US Dollars,,,,,,,,,,,,,,,,,,,72.51430037
366,World,,WLD,Cumulative Green Bond Issuances by Type of Currency,Refinitiv; Country authorities; IMF staff calculations.,ECFF,Green Bonds,"Environment, Climate Change, Climate Finance, Green Bonds",Green Bond,Not Applicable,Not Applicable,Canadian Dollar,Share,,,,,,,,,,,,,,,,,,,2.046604941
367,World,,WLD,Cumulative Green Bond Issuances by Type of Currency,Refinitiv; Country authorities; IMF staff calculations.,ECFF,Green Bonds,"Environment, Climate Change, Climate Finance, Green Bonds",Green Bond,Not Applicable,Not Applicable,Chilean Peso,Billion US Dollars,,,,,,,,,,,,,,,,,,,0.02653111
368,World,,WLD,Cumulative Green Bond Issuances by Type of Currency,Refinitiv; Country authorities; IMF staff calculations.,ECFF,Green Bonds,"Environment, Climate Change, Climate Finance, Green Bonds",Green Bond,Not Applicable,Not Applicable,Chilean Peso,Share,,,,,,,,,,,,,,,,,,,0.0007488
369,World,,WLD,Cumulative Green Bond Issuances by Type of Currency,Refinitiv; Country authorities; IMF staff calculations.,ECFF,Green Bonds,"Environment, Climate Change, Climate Finance, Green Bonds",Green Bond,Not Applicable,Not Applicable,Chilean Unidad de Fomento,Billion US Dollars,,,,,,,,,,,,,,,,,,,0.569774
370,World,,WLD,Cumulative Green Bond Issuances by Type of Currency,Refinitiv; Country authorities; IMF staff calculations.,ECFF,Green Bonds,"Environment, Climate Change, Climate Finance, Green Bonds",Green Bond,Not Applicable,Not Applicable,Chilean Unidad de Fomento,Share,,,,,,,,,,,,,,,,,,,0.016080998
371,World,,WLD,Cumulative Green Bond Issuances by Type of Currency,Refinitiv; Country authorities; IMF staff calculations.,ECFF,Green Bonds,"Environment, Climate Change, Climate Finance, Green Bonds",Green Bond,Not Applicable,Not Applicable,Chinese Yuan,Billion US Dollars,,,,,,,,,,,,,,,,,,,478.5909328
372,World,,WLD,Cumulative Green Bond Issuances by Type of Currency,Refinitiv; Country authorities; IMF staff calculations.,ECFF,Green Bonds,"Environment, Climate Change, Climate Finance, Green Bonds",Green Bond,Not Applicable,Not Applicable,Chinese Yuan,Share,,,,,,,,,,,,,,,,,,,13.50749525
373,World,,WLD,Cumulative Green Bond Issuances by Type of Currency,Refinitiv; Country authorities; IMF staff calculations.,ECFF,Green Bonds,"Environment, Climate Change, Climate Finance, Green Bonds",Green Bond,Not Applicable,Not Applicable,Colombian Peso,Billion US Dollars,,,,,,,,,,,,,,,,,,,4.16257267
374,World,,WLD,Cumulative Green Bond Issuances by Type of Currency,Refinitiv; Country authorities; IMF staff calculations.,ECFF,Green Bonds,"Environment, Climate Change, Climate Finance, Green Bonds",Green Bond,Not Applicable,Not Applicable,Colombian Peso,Share,,,,,,,,,,,,,,,,,,,0.117482231
375,World,,WLD,Cumulative Green Bond Issuances by Type of Currency,Refinitiv; Country authorities; IMF staff calculations.,ECFF,Green Bonds,"Environment, Climate Change, Climate Finance, Green Bonds",Green Bond,Not Applicable,Not Applicable,Colombian Unidad de Valor Real,Billion US Dollars,,,,,,,,,,,,,,,,,,,0.046389984
376,World,,WLD,Cumulative Green Bond Issuances by Type of Currency,Refinitiv; Country authorities; IMF staff calculations.,ECFF,Green Bonds,"Environment, Climate Change, Climate Finance, Green Bonds",Green Bond,Not Applicable,Not Applicable,Colombian Unidad de Valor Real,Share,,,,,,,,,,,,,,,,,,,0.001309286
377,World,,WLD,Cumulative Green Bond Issuances by Type of Currency,Refinitiv; Country authorities; IMF staff calculations.,ECFF,Green Bonds,"Environment, Climate Change, Climate Finance, Green Bonds",Green Bond,Not Applicable,Not Applicable,Costa Rican Colon,Billion US Dollars,,,,,,,,,,,,,,,,,,,0.0080522
378,World,,WLD,Cumulative Green Bond Issuances by Type of Currency,Refinitiv; Country authorities; IMF staff calculations.,ECFF,Green Bonds,"Environment, Climate Change, Climate Finance, Green Bonds",Green Bond,Not Applicable,Not Applicable,Costa Rican Colon,Share,,,,,,,,,,,,,,,,,,,0.000227261
379,World,,WLD,Cumulative Green Bond Issuances by Type of Currency,Refinitiv; Country authorities; IMF staff calculations.,ECFF,Green Bonds,"Environment, Climate Change, Climate Finance, Green Bonds",Green Bond,Not Applicable,Not Applicable,Czech Koruna,Billion US Dollars,,,,,,,,,,,,,,,,,,,0.098818823
380,World,,WLD,Cumulative Green Bond Issuances by Type of Currency,Refinitiv; Country authorities; IMF staff calculations.,ECFF,Green Bonds,"Environment, Climate Change, Climate Finance, Green Bonds",Green Bond,Not Applicable,Not Applicable,Czech Koruna,Share,,,,,,,,,,,,,,,,,,,0.00278901
381,World,,WLD,Cumulative Green Bond Issuances by Type of Currency,Refinitiv; Country authorities; IMF staff calculations.,ECFF,Green Bonds,"Environment, Climate Change, Climate Finance, Green Bonds",Green Bond,Not Applicable,Not Applicable,Danish Krone,Billion US Dollars,,,,,,,,,,,,,,,,,,,32.10298519
382,World,,WLD,Cumulative Green Bond Issuances by Type of Currency,Refinitiv; Country authorities; IMF staff calculations.,ECFF,Green Bonds,"Environment, Climate Change, Climate Finance, Green Bonds",Green Bond,Not Applicable,Not Applicable,Danish Krone,Share,,,,,,,,,,,,,,,,,,,0.906057533
383,World,,WLD,Cumulative Green Bond Issuances by Type of Currency,Refinitiv; Country authorities; IMF staff calculations.,ECFF,Green Bonds,"Environment, Climate Change, Climate Finance, Green Bonds",Green Bond,Not Applicable,Not Applicable,Dominican Peso,Billion US Dollars,,,,,,,,,,,,,,,,,,,0.013400124
384,World,,WLD,Cumulative Green Bond Issuances by Type of Currency,Refinitiv; Country authorities; IMF staff calculations.,ECFF,Green Bonds,"Environment, Climate Change, Climate Finance, Green Bonds",Green Bond,Not Applicable,Not Applicable,Dominican Peso,Share,,,,,,,,,,,,,,,,,,,0.000378198
385,World,,WLD,Cumulative Green Bond Issuances by Type of Currency,Refinitiv; Country authorities; IMF staff calculations.,ECFF,Green Bonds,"Environment, Climate Change, Climate Finance, Green Bonds",Green Bond,Not Applicable,Not Applicable,Euro,Billion US Dollars,,,,,,,,,,,,,,,,,,,1568.131507
386,World,,WLD,Cumulative Green Bond Issuances by Type of Currency,Refinitiv; Country authorities; IMF staff calculations.,ECFF,Green Bonds,"Environment, Climate Change, Climate Finance, Green Bonds",Green Bond,Not Applicable,Not Applicable,Euro,Share,,,,,,,,,,,,,,,,,,,44.25810736
387,World,,WLD,Cumulative Green Bond Issuances by Type of Currency,Refinitiv; Country authorities; IMF staff calculations.,ECFF,Green Bonds,"Environment, Climate Change, Climate Finance, Green Bonds",Green Bond,Not Applicable,Not Applicable,Fijian Dollar,Billion US Dollars,,,,,,,,,,,,,,,,,,,0.051528034
388,World,,WLD,Cumulative Green Bond Issuances by Type of Currency,Refinitiv; Country authorities; IMF staff calculations.,ECFF,Green Bonds,"Environment, Climate Change, Climate Finance, Green Bonds",Green Bond,Not Applicable,Not Applicable,Fijian Dollar,Share,,,,,,,,,,,,,,,,,,,0.0014543
389,World,,WLD,Cumulative Green Bond Issuances by Type of Currency,Refinitiv; Country authorities; IMF staff calculations.,ECFF,Green Bonds,"Environment, Climate Change, Climate Finance, Green Bonds",Green Bond,Not Applicable,Not Applicable,Georgian Lari,Billion US Dollars,,,,,,,,,,,,,,,,,,,0.007207207
390,World,,WLD,Cumulative Green Bond Issuances by Type of Currency,Refinitiv; Country authorities; IMF staff calculations.,ECFF,Green Bonds,"Environment, Climate Change, Climate Finance, Green Bonds",Green Bond,Not Applicable,Not Applicable,Georgian Lari,Share,,,,,,,,,,,,,,,,,,,0.000203412
391,World,,WLD,Cumulative Green Bond Issuances by Type of Currency,Refinitiv; Country authorities; IMF staff calculations.,ECFF,Green Bonds,"Environment, Climate Change, Climate Finance, Green Bonds",Green Bond,Not Applicable,Not Applicable,Hong Kong Dollar,Billion US Dollars,,,,,,,,,,,,,,,,,,,12.59270677
392,World,,WLD,Cumulative Green Bond Issuances by Type of Currency,Refinitiv; Country authorities; IMF staff calculations.,ECFF,Green Bonds,"Environment, Climate Change, Climate Finance, Green Bonds",Green Bond,Not Applicable,Not Applicable,Hong Kong Dollar,Share,,,,,,,,,,,,,,,,,,,0.35540984
393,World,,WLD,Cumulative Green Bond Issuances by Type of Currency,Refinitiv; Country authorities; IMF staff calculations.,ECFF,Green Bonds,"Environment, Climate Change, Climate Finance, Green Bonds",Green Bond,Not Applicable,Not Applicable,Hungarian Forint,Billion US Dollars,,,,,,,,,,,,,,,,,,,3.46975064
394,World,,WLD,Cumulative Green Bond Issuances by Type of Currency,Refinitiv; Country authorities; IMF staff calculations.,ECFF,Green Bonds,"Environment, Climate Change, Climate Finance, Green Bonds",Green Bond,Not Applicable,Not Applicable,Hungarian Forint,Share,,,,,,,,,,,,,,,,,,,0.097928392
395,World,,WLD,Cumulative Green Bond Issuances by Type of Currency,Refinitiv; Country authorities; IMF staff calculations.,ECFF,Green Bonds,"Environment, Climate Change, Climate Finance, Green Bonds",Green Bond,Not Applicable,Not Applicable,Icelandic Krona,Billion US Dollars,,,,,,,,,,,,,,,,,,,1.058021574
396,World,,WLD,Cumulative Green Bond Issuances by Type of Currency,Refinitiv; Country authorities; IMF staff calculations.,ECFF,Green Bonds,"Environment, Climate Change, Climate Finance, Green Bonds",Green Bond,Not Applicable,Not Applicable,Icelandic Krona,Share,,,,,,,,,,,,,,,,,,,0.029861037
397,World,,WLD,Cumulative Green Bond Issuances by Type of Currency,Refinitiv; Country authorities; IMF staff calculations.,ECFF,Green Bonds,"Environment, Climate Change, Climate Finance, Green Bonds",Green Bond,Not Applicable,Not Applicable,Indian Rupee,Billion US Dollars,,,,,,,,,,,,,,,,,,,10.15075424
398,World,,WLD,Cumulative Green Bond Issuances by Type of Currency,Refinitiv; Country authorities; IMF staff calculations.,ECFF,Green Bonds,"Environment, Climate Change, Climate Finance, Green Bonds",Green Bond,Not Applicable,Not Applicable,Indian Rupee,Share,,,,,,,,,,,,,,,,,,,0.286489474
399,World,,WLD,Cumulative Green Bond Issuances by Type of Currency,Refinitiv; Country authorities; IMF staff calculations.,ECFF,Green Bonds,"Environment, Climate Change, Climate Finance, Green Bonds",Green Bond,Not Applicable,Not Applicable,Indonesian Rupiah,Billion US Dollars,,,,,,,,,,,,,,,,,,,6.117580813
400,World,,WLD,Cumulative Green Bond Issuances by Type of Currency,Refinitiv; Country authorities; IMF staff calculations.,ECFF,Green Bonds,"Environment, Climate Change, Climate Finance, Green Bonds",Green Bond,Not Applicable,Not Applicable,Indonesian Rupiah,Share,,,,,,,,,,,,,,,,,,,0.172659338
401,World,,WLD,Cumulative Green Bond Issuances by Type of Currency,Refinitiv; Country authorities; IMF staff calculations.,ECFF,Green Bonds,"Environment, Climate Change, Climate Finance, Green Bonds",Green Bond,Not Applicable,Not Applicable,Japanese Yen,Billion US Dollars,,,,,,,,,,,,,,,,,,,80.46718067
402,World,,WLD,Cumulative Green Bond Issuances by Type of Currency,Refinitiv; Country authorities; IMF staff calculations.,ECFF,Green Bonds,"Environment, Climate Change, Climate Finance, Green Bonds",Green Bond,Not Applicable,Not Applicable,Japanese Yen,Share,,,,,,,,,,,,,,,,,,,2.271062793
403,World,,WLD,Cumulative Green Bond Issuances by Type of Currency,Refinitiv; Country authorities; IMF staff calculations.,ECFF,Green Bonds,"Environment, Climate Change, Climate Finance, Green Bonds",Green Bond,Not Applicable,Not Applicable,Kazakhstani Tenge,Billion US Dollars,,,,,,,,,,,,,,,,,,,0.227214597
404,World,,WLD,Cumulative Green Bond Issuances by Type of Currency,Refinitiv; Country authorities; IMF staff calculations.,ECFF,Green Bonds,"Environment, Climate Change, Climate Finance, Green Bonds",Green Bond,Not Applicable,Not Applicable,Kazakhstani Tenge,Share,,,,,,,,,,,,,,,,,,,0.006412784
405,World,,WLD,Cumulative Green Bond Issuances by Type of Currency,Refinitiv; Country authorities; IMF staff calculations.,ECFF,Green Bonds,"Environment, Climate Change, Climate Finance, Green Bonds",Green Bond,Not Applicable,Not Applicable,Kenyan Shilling,Billion US Dollars,,,,,,,,,,,,,,,,,,,0.00609775
406,World,,WLD,Cumulative Green Bond Issuances by Type of Currency,Refinitiv; Country authorities; IMF staff calculations.,ECFF,Green Bonds,"Environment, Climate Change, Climate Finance, Green Bonds",Green Bond,Not Applicable,Not Applicable,Kenyan Shilling,Share,,,,,,,,,,,,,,,,,,,0.0001721
407,World,,WLD,Cumulative Green Bond Issuances by Type of Currency,Refinitiv; Country authorities; IMF staff calculations.,ECFF,Green Bonds,"Environment, Climate Change, Climate Finance, Green Bonds",Green Bond,Not Applicable,Not Applicable,Macanese Pataca,Billion US Dollars,,,,,,,,,,,,,,,,,,,0.374746399
408,World,,WLD,Cumulative Green Bond Issuances by Type of Currency,Refinitiv; Country authorities; IMF staff calculations.,ECFF,Green Bonds,"Environment, Climate Change, Climate Finance, Green Bonds",Green Bond,Not Applicable,Not Applicable,Macanese Pataca,Share,,,,,,,,,,,,,,,,,,,0.010576643
409,World,,WLD,Cumulative Green Bond Issuances by Type of Currency,Refinitiv; Country authorities; IMF staff calculations.,ECFF,Green Bonds,"Environment, Climate Change, Climate Finance, Green Bonds",Green Bond,Not Applicable,Not Applicable,Malaysian Ringgit,Billion US Dollars,,,,,,,,,,,,,,,,,,,2.906781681
410,World,,WLD,Cumulative Green Bond Issuances by Type of Currency,Refinitiv; Country authorities; IMF staff calculations.,ECFF,Green Bonds,"Environment, Climate Change, Climate Finance, Green Bonds",Green Bond,Not Applicable,Not Applicable,Malaysian Ringgit,Share,,,,,,,,,,,,,,,,,,,0.082039456
411,World,,WLD,Cumulative Green Bond Issuances by Type of Currency,Refinitiv; Country authorities; IMF staff calculations.,ECFF,Green Bonds,"Environment, Climate Change, Climate Finance, Green Bonds",Green Bond,Not Applicable,Not Applicable,Mexican Peso,Billion US Dollars,,,,,,,,,,,,,,,,,,,5.454111154
412,World,,WLD,Cumulative Green Bond Issuances by Type of Currency,Refinitiv; Country authorities; IMF staff calculations.,ECFF,Green Bonds,"Environment, Climate Change, Climate Finance, Green Bonds",Green Bond,Not Applicable,Not Applicable,Mexican Peso,Share,,,,,,,,,,,,,,,,,,,0.153933924
413,World,,WLD,Cumulative Green Bond Issuances by Type of Currency,Refinitiv; Country authorities; IMF staff calculations.,ECFF,Green Bonds,"Environment, Climate Change, Climate Finance, Green Bonds",Green Bond,Not Applicable,Not Applicable,Mexican Unidad de Inversion,Billion US Dollars,,,,,,,,,,,,,,,,,,,0.432789278
414,World,,WLD,Cumulative Green Bond Issuances by Type of Currency,Refinitiv; Country authorities; IMF staff calculations.,ECFF,Green Bonds,"Environment, Climate Change, Climate Finance, Green Bonds",Green Bond,Not Applicable,Not Applicable,Mexican Unidad de Inversion,Share,,,,,,,,,,,,,,,,,,,0.012214814
415,World,,WLD,Cumulative Green Bond Issuances by Type of Currency,Refinitiv; Country authorities; IMF staff calculations.,ECFF,Green Bonds,"Environment, Climate Change, Climate Finance, Green Bonds",Green Bond,Not Applicable,Not Applicable,Moroccan Dirham,Billion US Dollars,,,,,,,,,,,,,,,,,,,0.117694313
416,World,,WLD,Cumulative Green Bond Issuances by Type of Currency,Refinitiv; Country authorities; IMF staff calculations.,ECFF,Green Bonds,"Environment, Climate Change, Climate Finance, Green Bonds",Green Bond,Not Applicable,Not Applicable,Moroccan Dirham,Share,,,,,,,,,,,,,,,,,,,0.003321742
417,World,,WLD,Cumulative Green Bond Issuances by Type of Currency,Refinitiv; Country authorities; IMF staff calculations.,ECFF,Green Bonds,"Environment, Climate Change, Climate Finance, Green Bonds",Green Bond,Not Applicable,Not Applicable,Namibian Dollar,Billion US Dollars,,,,,,,,,,,,,,,,,,,0.003583548
418,World,,WLD,Cumulative Green Bond Issuances by Type of Currency,Refinitiv; Country authorities; IMF staff calculations.,ECFF,Green Bonds,"Environment, Climate Change, Climate Finance, Green Bonds",Green Bond,Not Applicable,Not Applicable,Namibian Dollar,Share,,,,,,,,,,,,,,,,,,,0.00010114
419,World,,WLD,Cumulative Green Bond Issuances by Type of Currency,Refinitiv; Country authorities; IMF staff calculations.,ECFF,Green Bonds,"Environment, Climate Change, Climate Finance, Green Bonds",Green Bond,Not Applicable,Not Applicable,New Zealand Dollar,Billion US Dollars,,,,,,,,,,,,,,,,,,,11.63988585
420,World,,WLD,Cumulative Green Bond Issuances by Type of Currency,Refinitiv; Country authorities; IMF staff calculations.,ECFF,Green Bonds,"Environment, Climate Change, Climate Finance, Green Bonds",Green Bond,Not Applicable,Not Applicable,New Zealand Dollar,Share,,,,,,,,,,,,,,,,,,,0.328517931
421,World,,WLD,Cumulative Green Bond Issuances by Type of Currency,Refinitiv; Country authorities; IMF staff calculations.,ECFF,Green Bonds,"Environment, Climate Change, Climate Finance, Green Bonds",Green Bond,Not Applicable,Not Applicable,Nigerian Naira,Billion US Dollars,,,,,,,,,,,,,,,,,,,0.048016585
422,World,,WLD,Cumulative Green Bond Issuances by Type of Currency,Refinitiv; Country authorities; IMF staff calculations.,ECFF,Green Bonds,"Environment, Climate Change, Climate Finance, Green Bonds",Green Bond,Not Applicable,Not Applicable,Nigerian Naira,Share,,,,,,,,,,,,,,,,,,,0.001355194
423,World,,WLD,Cumulative Green Bond Issuances by Type of Currency,Refinitiv; Country authorities; IMF staff calculations.,ECFF,Green Bonds,"Environment, Climate Change, Climate Finance, Green Bonds",Green Bond,Not Applicable,Not Applicable,Norwegian Krone,Billion US Dollars,,,,,,,,,,,,,,,,,,,35.59216957
424,World,,WLD,Cumulative Green Bond Issuances by Type of Currency,Refinitiv; Country authorities; IMF staff calculations.,ECFF,Green Bonds,"Environment, Climate Change, Climate Finance, Green Bonds",Green Bond,Not Applicable,Not Applicable,Norwegian Krone,Share,,,,,,,,,,,,,,,,,,,1.004534412
425,World,,WLD,Cumulative Green Bond Issuances by Type of Currency,Refinitiv; Country authorities; IMF staff calculations.,ECFF,Green Bonds,"Environment, Climate Change, Climate Finance, Green Bonds",Green Bond,Not Applicable,Not Applicable,Peruvian Sol,Billion US Dollars,,,,,,,,,,,,,,,,,,,0.163665078
426,World,,WLD,Cumulative Green Bond Issuances by Type of Currency,Refinitiv; Country authorities; IMF staff calculations.,ECFF,Green Bonds,"Environment, Climate Change, Climate Finance, Green Bonds",Green Bond,Not Applicable,Not Applicable,Peruvian Sol,Share,,,,,,,,,,,,,,,,,,,0.004619196
427,World,,WLD,Cumulative Green Bond Issuances by Type of Currency,Refinitiv; Country authorities; IMF staff calculations.,ECFF,Green Bonds,"Environment, Climate Change, Climate Finance, Green Bonds",Green Bond,Not Applicable,Not Applicable,Philippine Peso,Billion US Dollars,,,,,,,,,,,,,,,,,,,1.090153621
428,World,,WLD,Cumulative Green Bond Issuances by Type of Currency,Refinitiv; Country authorities; IMF staff calculations.,ECFF,Green Bonds,"Environment, Climate Change, Climate Finance, Green Bonds",Green Bond,Not Applicable,Not Applicable,Philippine Peso,Share,,,,,,,,,,,,,,,,,,,0.030767914
429,World,,WLD,Cumulative Green Bond Issuances by Type of Currency,Refinitiv; Country authorities; IMF staff calculations.,ECFF,Green Bonds,"Environment, Climate Change, Climate Finance, Green Bonds",Green Bond,Not Applicable,Not Applicable,Polish Zloty,Billion US Dollars,,,,,,,,,,,,,,,,,,,3.049430844
430,World,,WLD,Cumulative Green Bond Issuances by Type of Currency,Refinitiv; Country authorities; IMF staff calculations.,ECFF,Green Bonds,"Environment, Climate Change, Climate Finance, Green Bonds",Green Bond,Not Applicable,Not Applicable,Polish Zloty,Share,,,,,,,,,,,,,,,,,,,0.08606551
431,World,,WLD,Cumulative Green Bond Issuances by Type of Currency,Refinitiv; Country authorities; IMF staff calculations.,ECFF,Green Bonds,"Environment, Climate Change, Climate Finance, Green Bonds",Green Bond,Not Applicable,Not Applicable,Romanian Leu,Billion US Dollars,,,,,,,,,,,,,,,,,,,0.736268876
432,World,,WLD,Cumulative Green Bond Issuances by Type of Currency,Refinitiv; Country authorities; IMF staff calculations.,ECFF,Green Bonds,"Environment, Climate Change, Climate Finance, Green Bonds",Green Bond,Not Applicable,Not Applicable,Romanian Leu,Share,,,,,,,,,,,,,,,,,,,0.02078006
433,World,,WLD,Cumulative Green Bond Issuances by Type of Currency,Refinitiv; Country authorities; IMF staff calculations.,ECFF,Green Bonds,"Environment, Climate Change, Climate Finance, Green Bonds",Green Bond,Not Applicable,Not Applicable,Russian Ruble,Billion US Dollars,,,,,,,,,,,,,,,,,,,3.933809217
434,World,,WLD,Cumulative Green Bond Issuances by Type of Currency,Refinitiv; Country authorities; IMF staff calculations.,ECFF,Green Bonds,"Environment, Climate Change, Climate Finance, Green Bonds",Green Bond,Not Applicable,Not Applicable,Russian Ruble,Share,,,,,,,,,,,,,,,,,,,0.111025733
435,World,,WLD,Cumulative Green Bond Issuances by Type of Currency,Refinitiv; Country authorities; IMF staff calculations.,ECFF,Green Bonds,"Environment, Climate Change, Climate Finance, Green Bonds",Green Bond,Not Applicable,Not Applicable,Singapore Dollar,Billion US Dollars,,,,,,,,,,,,,,,,,,,17.31388205
436,World,,WLD,Cumulative Green Bond Issuances by Type of Currency,Refinitiv; Country authorities; IMF staff calculations.,ECFF,Green Bonds,"Environment, Climate Change, Climate Finance, Green Bonds",Green Bond,Not Applicable,Not Applicable,Singapore Dollar,Share,,,,,,,,,,,,,,,,,,,0.488657773
437,World,,WLD,Cumulative Green Bond Issuances by Type of Currency,Refinitiv; Country authorities; IMF staff calculations.,ECFF,Green Bonds,"Environment, Climate Change, Climate Finance, Green Bonds",Green Bond,Not Applicable,Not Applicable,South African Rand,Billion US Dollars,,,,,,,,,,,,,,,,,,,3.195253613
438,World,,WLD,Cumulative Green Bond Issuances by Type of Currency,Refinitiv; Country authorities; IMF staff calculations.,ECFF,Green Bonds,"Environment, Climate Change, Climate Finance, Green Bonds",Green Bond,Not Applicable,Not Applicable,South African Rand,Share,,,,,,,,,,,,,,,,,,,0.090181134
439,World,,WLD,Cumulative Green Bond Issuances by Type of Currency,Refinitiv; Country authorities; IMF staff calculations.,ECFF,Green Bonds,"Environment, Climate Change, Climate Finance, Green Bonds",Green Bond,Not Applicable,Not Applicable,South Korean Won,Billion US Dollars,,,,,,,,,,,,,,,,,,,26.21591467
440,World,,WLD,Cumulative Green Bond Issuances by Type of Currency,Refinitiv; Country authorities; IMF staff calculations.,ECFF,Green Bonds,"Environment, Climate Change, Climate Finance, Green Bonds",Green Bond,Not Applicable,Not Applicable,South Korean Won,Share,,,,,,,,,,,,,,,,,,,0.739903995
441,World,,WLD,Cumulative Green Bond Issuances by Type of Currency,Refinitiv; Country authorities; IMF staff calculations.,ECFF,Green Bonds,"Environment, Climate Change, Climate Finance, Green Bonds",Green Bond,Not Applicable,Not Applicable,Sri Lankan Rupee,Billion US Dollars,,,,,,,,,,,,,,,,,,,0.004851945
442,World,,WLD,Cumulative Green Bond Issuances by Type of Currency,Refinitiv; Country authorities; IMF staff calculations.,ECFF,Green Bonds,"Environment, Climate Change, Climate Finance, Green Bonds",Green Bond,Not Applicable,Not Applicable,Sri Lankan Rupee,Share,,,,,,,,,,,,,,,,,,,0.000136939
443,World,,WLD,Cumulative Green Bond Issuances by Type of Currency,Refinitiv; Country authorities; IMF staff calculations.,ECFF,Green Bonds,"Environment, Climate Change, Climate Finance, Green Bonds",Green Bond,Not Applicable,Not Applicable,Swedish Krona,Billion US Dollars,,,,,,,,,,,,,,,,,,,112.8781691
444,World,,WLD,Cumulative Green Bond Issuances by Type of Currency,Refinitiv; Country authorities; IMF staff calculations.,ECFF,Green Bonds,"Environment, Climate Change, Climate Finance, Green Bonds",Green Bond,Not Applicable,Not Applicable,Swedish Krona,Share,,,,,,,,,,,,,,,,,,,3.185813246
445,World,,WLD,Cumulative Green Bond Issuances by Type of Currency,Refinitiv; Country authorities; IMF staff calculations.,ECFF,Green Bonds,"Environment, Climate Change, Climate Finance, Green Bonds",Green Bond,Not Applicable,Not Applicable,Swiss Franc,Billion US Dollars,,,,,,,,,,,,,,,,,,,40.1476163
446,World,,WLD,Cumulative Green Bond Issuances by Type of Currency,Refinitiv; Country authorities; IMF staff calculations.,ECFF,Green Bonds,"Environment, Climate Change, Climate Finance, Green Bonds",Green Bond,Not Applicable,Not Applicable,Swiss Franc,Share,,,,,,,,,,,,,,,,,,,1.133104911
447,World,,WLD,Cumulative Green Bond Issuances by Type of Currency,Refinitiv; Country authorities; IMF staff calculations.,ECFF,Green Bonds,"Environment, Climate Change, Climate Finance, Green Bonds",Green Bond,Not Applicable,Not Applicable,Taiwanese Dollar,Billion US Dollars,,,,,,,,,,,,,,,,,,,12.20561772
448,World,,WLD,Cumulative Green Bond Issuances by Type of Currency,Refinitiv; Country authorities; IMF staff calculations.,ECFF,Green Bonds,"Environment, Climate Change, Climate Finance, Green Bonds",Green Bond,Not Applicable,Not Applicable,Taiwanese Dollar,Share,,,,,,,,,,,,,,,,,,,0.344484845
449,World,,WLD,Cumulative Green Bond Issuances by Type of Currency,Refinitiv; Country authorities; IMF staff calculations.,ECFF,Green Bonds,"Environment, Climate Change, Climate Finance, Green Bonds",Green Bond,Not Applicable,Not Applicable,Thai Baht,Billion US Dollars,,,,,,,,,,,,,,,,,,,4.713642951
450,World,,WLD,Cumulative Green Bond Issuances by Type of Currency,Refinitiv; Country authorities; IMF staff calculations.,ECFF,Green Bonds,"Environment, Climate Change, Climate Finance, Green Bonds",Green Bond,Not Applicable,Not Applicable,Thai Baht,Share,,,,,,,,,,,,,,,,,,,0.133035345
451,World,,WLD,Cumulative Green Bond Issuances by Type of Currency,Refinitiv; Country authorities; IMF staff calculations.,ECFF,Green Bonds,"Environment, Climate Change, Climate Finance, Green Bonds",Green Bond,Not Applicable,Not Applicable,Turkish Lira,Billion US Dollars,,,,,,,,,,,,,,,,,,,0.246898452
452,World,,WLD,Cumulative Green Bond Issuances by Type of Currency,Refinitiv; Country authorities; IMF staff calculations.,ECFF,Green Bonds,"Environment, Climate Change, Climate Finance, Green Bonds",Green Bond,Not Applicable,Not Applicable,Turkish Lira,Share,,,,,,,,,,,,,,,,,,,0.00696833
453,World,,WLD,Cumulative Green Bond Issuances by Type of Currency,Refinitiv; Country authorities; IMF staff calculations.,ECFF,Green Bonds,"Environment, Climate Change, Climate Finance, Green Bonds",Green Bond,Not Applicable,Not Applicable,UAE Dirham,Billion US Dollars,,,,,,,,,,,,,,,,,,,0.35394375
454,World,,WLD,Cumulative Green Bond Issuances by Type of Currency,Refinitiv; Country authorities; IMF staff calculations.,ECFF,Green Bonds,"Environment, Climate Change, Climate Finance, Green Bonds",Green Bond,Not Applicable,Not Applicable,UAE Dirham,Share,,,,,,,,,,,,,,,,,,,0.00998952
455,World,,WLD,Cumulative Green Bond Issuances by Type of Currency,Refinitiv; Country authorities; IMF staff calculations.,ECFF,Green Bonds,"Environment, Climate Change, Climate Finance, Green Bonds",Green Bond,Not Applicable,Not Applicable,Ukrainian Hryvnia,Billion US Dollars,,,,,,,,,,,,,,,,,,,0.048875535
456,World,,WLD,Cumulative Green Bond Issuances by Type of Currency,Refinitiv; Country authorities; IMF staff calculations.,ECFF,Green Bonds,"Environment, Climate Change, Climate Finance, Green Bonds",Green Bond,Not Applicable,Not Applicable,Ukrainian Hryvnia,Share,,,,,,,,,,,,,,,,,,,0.001379437
457,World,,WLD,Cumulative Green Bond Issuances by Type of Currency,Refinitiv; Country authorities; IMF staff calculations.,ECFF,Green Bonds,"Environment, Climate Change, Climate Finance, Green Bonds",Green Bond,Not Applicable,Not Applicable,Uruguayan Peso,Billion US Dollars,,,,,,,,,,,,,,,,,,,0.009044526
458,World,,WLD,Cumulative Green Bond Issuances by Type of Currency,Refinitiv; Country authorities; IMF staff calculations.,ECFF,Green Bonds,"Environment, Climate Change, Climate Finance, Green Bonds",Green Bond,Not Applicable,Not Applicable,Uruguayan Peso,Share,,,,,,,,,,,,,,,,,,,0.000255268
459,World,,WLD,Cumulative Green Bond Issuances by Type of Currency,Refinitiv; Country authorities; IMF staff calculations.,ECFF,Green Bonds,"Environment, Climate Change, Climate Finance, Green Bonds",Green Bond,Not Applicable,Not Applicable,US Dollar,Billion US Dollars,,,,,,,,,,,,,,,,,,,790.3276815
460,World,,WLD,Cumulative Green Bond Issuances by Type of Currency,Refinitiv; Country authorities; IMF staff calculations.,ECFF,Green Bonds,"Environment, Climate Change, Climate Finance, Green Bonds",Green Bond,Not Applicable,Not Applicable,US Dollar,Share,,,,,,,,,,,,,,,,,,,22.305787
461,World,,WLD,Cumulative Green Bond Issuances by Type of Currency,Refinitiv; Country authorities; IMF staff calculations.,ECFF,Green Bonds,"Environment, Climate Change, Climate Finance, Green Bonds",Green Bond,Not Applicable,Not Applicable,Uzbekistani Sum,Billion US Dollars,,,,,,,,,,,,,,,,,,,0.785202357
462,World,,WLD,Cumulative Green Bond Issuances by Type of Currency,Refinitiv; Country authorities; IMF staff calculations.,ECFF,Green Bonds,"Environment, Climate Change, Climate Finance, Green Bonds",Green Bond,Not Applicable,Not Applicable,Uzbekistani Sum,Share,,,,,,,,,,,,,,,,,,,0.022161133
463,World,,WLD,Cumulative Green Bond Issuances by Type of Currency,Refinitiv; Country authorities; IMF staff calculations.,ECFF,Green Bonds,"Environment, Climate Change, Climate Finance, Green Bonds",Green Bond,Not Applicable,Not Applicable,Vietnamese Dong,Billion US Dollars,,,,,,,,,,,,,,,,,,,0.317756374
464,World,,WLD,Cumulative Green Bond Issuances by Type of Currency,Refinitiv; Country authorities; IMF staff calculations.,ECFF,Green Bonds,"Environment, Climate Change, Climate Finance, Green Bonds",Green Bond,Not Applicable,Not Applicable,Vietnamese Dong,Share,,,,,,,,,,,,,,,,,,,0.008968186
465,World,,WLD,Cumulative Social Bond Issuances by Type of Currency,Refinitiv; Country authorities; IMF staff calculations.,,,,Social Bond,Not Applicable,Not Applicable,Argentinian Peso,Billion US Dollars,,,,,,,,,,,,,,,,,,,0.084057378
466,World,,WLD,Cumulative Social Bond Issuances by Type of Currency,Refinitiv; Country authorities; IMF staff calculations.,,,,Social Bond,Not Applicable,Not Applicable,Argentinian Peso,Share,,,,,,,,,,,,,,,,,,,0.009214501
467,World,,WLD,Cumulative Social Bond Issuances by Type of Currency,Refinitiv; Country authorities; IMF staff calculations.,,,,Social Bond,Not Applicable,Not Applicable,Australian Dollar,Billion US Dollars,,,,,,,,,,,,,,,,,,,13.44662399
468,World,,WLD,Cumulative Social Bond Issuances by Type of Currency,Refinitiv; Country authorities; IMF staff calculations.,,,,Social Bond,Not Applicable,Not Applicable,Australian Dollar,Share,,,,,,,,,,,,,,,,,,,1.47403988
469,World,,WLD,Cumulative Social Bond Issuances by Type of Currency,Refinitiv; Country authorities; IMF staff calculations.,,,,Social Bond,Not Applicable,Not Applicable,Azerbaijani Manat,Billion US Dollars,,,,,,,,,,,,,,,,,,,0.020058996
470,World,,WLD,Cumulative Social Bond Issuances by Type of Currency,Refinitiv; Country authorities; IMF staff calculations.,,,,Social Bond,Not Applicable,Not Applicable,Azerbaijani Manat,Share,,,,,,,,,,,,,,,,,,,0.002198898
471,World,,WLD,Cumulative Social Bond Issuances by Type of Currency,Refinitiv; Country authorities; IMF staff calculations.,,,,Social Bond,Not Applicable,Not Applicable,Brazilian Real,Billion US Dollars,,,,,,,,,,,,,,,,,,,0.539493798
472,World,,WLD,Cumulative Social Bond Issuances by Type of Currency,Refinitiv; Country authorities; IMF staff calculations.,,,,Social Bond,Not Applicable,Not Applicable,Brazilian Real,Share,,,,,,,,,,,,,,,,,,,0.059140151
473,World,,WLD,Cumulative Social Bond Issuances by Type of Currency,Refinitiv; Country authorities; IMF staff calculations.,,,,Social Bond,Not Applicable,Not Applicable,British Pound,Billion US Dollars,,,,,,,,,,,,,,,,,,,14.39229996
474,World,,WLD,Cumulative Social Bond Issuances by Type of Currency,Refinitiv; Country authorities; IMF staff calculations.,,,,Social Bond,Not Applicable,Not Applicable,British Pound,Share,,,,,,,,,,,,,,,,,,,1.577706353
475,World,,WLD,Cumulative Social Bond Issuances by Type of Currency,Refinitiv; Country authorities; IMF staff calculations.,,,,Social Bond,Not Applicable,Not Applicable,Canadian Dollar,Billion US Dollars,,,,,,,,,,,,,,,,,,,6.841174211
476,World,,WLD,Cumulative Social Bond Issuances by Type of Currency,Refinitiv; Country authorities; IMF staff calculations.,,,,Social Bond,Not Applicable,Not Applicable,Canadian Dollar,Share,,,,,,,,,,,,,,,,,,,0.74994018
477,World,,WLD,Cumulative Social Bond Issuances by Type of Currency,Refinitiv; Country authorities; IMF staff calculations.,,,,Social Bond,Not Applicable,Not Applicable,Chilean Peso,Billion US Dollars,,,,,,,,,,,,,,,,,,,15.63028913
478,World,,WLD,Cumulative Social Bond Issuances by Type of Currency,Refinitiv; Country authorities; IMF staff calculations.,,,,Social Bond,Not Applicable,Not Applicable,Chilean Peso,Share,,,,,,,,,,,,,,,,,,,1.713416657
479,World,,WLD,Cumulative Social Bond Issuances by Type of Currency,Refinitiv; Country authorities; IMF staff calculations.,,,,Social Bond,Not Applicable,Not Applicable,Chilean Unidad de Fomento,Billion US Dollars,,,,,,,,,,,,,,,,,,,0.215181784
480,World,,WLD,Cumulative Social Bond Issuances by Type of Currency,Refinitiv; Country authorities; IMF staff calculations.,,,,Social Bond,Not Applicable,Not Applicable,Chilean Unidad de Fomento,Share,,,,,,,,,,,,,,,,,,,0.023588563
481,World,,WLD,Cumulative Social Bond Issuances by Type of Currency,Refinitiv; Country authorities; IMF staff calculations.,,,,Social Bond,Not Applicable,Not Applicable,Chinese Yuan,Billion US Dollars,,,,,,,,,,,,,,,,,,,6.286410783
482,World,,WLD,Cumulative Social Bond Issuances by Type of Currency,Refinitiv; Country authorities; IMF staff calculations.,,,,Social Bond,Not Applicable,Not Applicable,Chinese Yuan,Share,,,,,,,,,,,,,,,,,,,0.689126148
483,World,,WLD,Cumulative Social Bond Issuances by Type of Currency,Refinitiv; Country authorities; IMF staff calculations.,,,,Social Bond,Not Applicable,Not Applicable,Colombian Peso,Billion US Dollars,,,,,,,,,,,,,,,,,,,0.997621847
484,World,,WLD,Cumulative Social Bond Issuances by Type of Currency,Refinitiv; Country authorities; IMF staff calculations.,,,,Social Bond,Not Applicable,Not Applicable,Colombian Peso,Share,,,,,,,,,,,,,,,,,,,0.109360862
485,World,,WLD,Cumulative Social Bond Issuances by Type of Currency,Refinitiv; Country authorities; IMF staff calculations.,,,,Social Bond,Not Applicable,Not Applicable,Colombian Unidad de Valor Real,Billion US Dollars,,,,,,,,,,,,,,,,,,,0.030780752
486,World,,WLD,Cumulative Social Bond Issuances by Type of Currency,Refinitiv; Country authorities; IMF staff calculations.,,,,Social Bond,Not Applicable,Not Applicable,Colombian Unidad de Valor Real,Share,,,,,,,,,,,,,,,,,,,0.003374234
487,World,,WLD,Cumulative Social Bond Issuances by Type of Currency,Refinitiv; Country authorities; IMF staff calculations.,,,,Social Bond,Not Applicable,Not Applicable,Dominican Peso,Billion US Dollars,,,,,,,,,,,,,,,,,,,0.003223207
488,World,,WLD,Cumulative Social Bond Issuances by Type of Currency,Refinitiv; Country authorities; IMF staff calculations.,,,,Social Bond,Not Applicable,Not Applicable,Dominican Peso,Share,,,,,,,,,,,,,,,,,,,0.000353333
489,World,,WLD,Cumulative Social Bond Issuances by Type of Currency,Refinitiv; Country authorities; IMF staff calculations.,,,,Social Bond,Not Applicable,Not Applicable,Egyptian Pound,Billion US Dollars,,,,,,,,,,,,,,,,,,,0.003475163
490,World,,WLD,Cumulative Social Bond Issuances by Type of Currency,Refinitiv; Country authorities; IMF staff calculations.,,,,Social Bond,Not Applicable,Not Applicable,Egyptian Pound,Share,,,,,,,,,,,,,,,,,,,0.000380953
491,World,,WLD,Cumulative Social Bond Issuances by Type of Currency,Refinitiv; Country authorities; IMF staff calculations.,,,,Social Bond,Not Applicable,Not Applicable,Euro,Billion US Dollars,,,,,,,,,,,,,,,,,,,416.8120515
492,World,,WLD,Cumulative Social Bond Issuances by Type of Currency,Refinitiv; Country authorities; IMF staff calculations.,,,,Social Bond,Not Applicable,Not Applicable,Euro,Share,,,,,,,,,,,,,,,,,,,45.69158674
493,World,,WLD,Cumulative Social Bond Issuances by Type of Currency,Refinitiv; Country authorities; IMF staff calculations.,,,,Social Bond,Not Applicable,Not Applicable,Georgian Lari,Billion US Dollars,,,,,,,,,,,,,,,,,,,0.015206039
494,World,,WLD,Cumulative Social Bond Issuances by Type of Currency,Refinitiv; Country authorities; IMF staff calculations.,,,,Social Bond,Not Applicable,Not Applicable,Georgian Lari,Share,,,,,,,,,,,,,,,,,,,0.00166691
495,World,,WLD,Cumulative Social Bond Issuances by Type of Currency,Refinitiv; Country authorities; IMF staff calculations.,,,,Social Bond,Not Applicable,Not Applicable,Hong Kong Dollar,Billion US Dollars,,,,,,,,,,,,,,,,,,,5.622608899
496,World,,WLD,Cumulative Social Bond Issuances by Type of Currency,Refinitiv; Country authorities; IMF staff calculations.,,,,Social Bond,Not Applicable,Not Applicable,Hong Kong Dollar,Share,,,,,,,,,,,,,,,,,,,0.616359151
497,World,,WLD,Cumulative Social Bond Issuances by Type of Currency,Refinitiv; Country authorities; IMF staff calculations.,,,,Social Bond,Not Applicable,Not Applicable,Hungarian Forint,Billion US Dollars,,,,,,,,,,,,,,,,,,,0.041536863
498,World,,WLD,Cumulative Social Bond Issuances by Type of Currency,Refinitiv; Country authorities; IMF staff calculations.,,,,Social Bond,Not Applicable,Not Applicable,Hungarian Forint,Share,,,,,,,,,,,,,,,,,,,0.004553336
499,World,,WLD,Cumulative Social Bond Issuances by Type of Currency,Refinitiv; Country authorities; IMF staff calculations.,,,,Social Bond,Not Applicable,Not Applicable,Indian Rupee,Billion US Dollars,,,,,,,,,,,,,,,,,,,0.19917523
500,World,,WLD,Cumulative Social Bond Issuances by Type of Currency,Refinitiv; Country authorities; IMF staff calculations.,,,,Social Bond,Not Applicable,Not Applicable,Indian Rupee,Share,,,,,,,,,,,,,,,,,,,0.021833899
501,World,,WLD,Cumulative Social Bond Issuances by Type of Currency,Refinitiv; Country authorities; IMF staff calculations.,,,,Social Bond,Not Applicable,Not Applicable,Indonesian Rupiah,Billion US Dollars,,,,,,,,,,,,,,,,,,,0.728026055
502,World,,WLD,Cumulative Social Bond Issuances by Type of Currency,Refinitiv; Country authorities; IMF staff calculations.,,,,Social Bond,Not Applicable,Not Applicable,Indonesian Rupiah,Share,,,,,,,,,,,,,,,,,,,0.079807351
503,World,,WLD,Cumulative Social Bond Issuances by Type of Currency,Refinitiv; Country authorities; IMF staff calculations.,,,,Social Bond,Not Applicable,Not Applicable,Jamaican Dollar,Billion US Dollars,,,,,,,,,,,,,,,,,,,0.005101715
504,World,,WLD,Cumulative Social Bond Issuances by Type of Currency,Refinitiv; Country authorities; IMF staff calculations.,,,,Social Bond,Not Applicable,Not Applicable,Jamaican Dollar,Share,,,,,,,,,,,,,,,,,,,0.000559258
505,World,,WLD,Cumulative Social Bond Issuances by Type of Currency,Refinitiv; Country authorities; IMF staff calculations.,,,,Social Bond,Not Applicable,Not Applicable,Japanese Yen,Billion US Dollars,,,,,,,,,,,,,,,,,,,71.45533746
506,World,,WLD,Cumulative Social Bond Issuances by Type of Currency,Refinitiv; Country authorities; IMF staff calculations.,,,,Social Bond,Not Applicable,Not Applicable,Japanese Yen,Share,,,,,,,,,,,,,,,,,,,7.833045466
507,World,,WLD,Cumulative Social Bond Issuances by Type of Currency,Refinitiv; Country authorities; IMF staff calculations.,,,,Social Bond,Not Applicable,Not Applicable,Kazakhstani Tenge,Billion US Dollars,,,,,,,,,,,,,,,,,,,0.075053395
508,World,,WLD,Cumulative Social Bond Issuances by Type of Currency,Refinitiv; Country authorities; IMF staff calculations.,,,,Social Bond,Not Applicable,Not Applicable,Kazakhstani Tenge,Share,,,,,,,,,,,,,,,,,,,0.00822747
509,World,,WLD,Cumulative Social Bond Issuances by Type of Currency,Refinitiv; Country authorities; IMF staff calculations.,,,,Social Bond,Not Applicable,Not Applicable,Macanese Pataca,Billion US Dollars,,,,,,,,,,,,,,,,,,,0.125369841
510,World,,WLD,Cumulative Social Bond Issuances by Type of Currency,Refinitiv; Country authorities; IMF staff calculations.,,,,Social Bond,Not Applicable,Not Applicable,Macanese Pataca,Share,,,,,,,,,,,,,,,,,,,0.013743237
511,World,,WLD,Cumulative Social Bond Issuances by Type of Currency,Refinitiv; Country authorities; IMF staff calculations.,,,,Social Bond,Not Applicable,Not Applicable,Malaysian Ringgit,Billion US Dollars,,,,,,,,,,,,,,,,,,,0.371900304
512,World,,WLD,Cumulative Social Bond Issuances by Type of Currency,Refinitiv; Country authorities; IMF staff calculations.,,,,Social Bond,Not Applicable,Not Applicable,Malaysian Ringgit,Share,,,,,,,,,,,,,,,,,,,0.040768291
513,World,,WLD,Cumulative Social Bond Issuances by Type of Currency,Refinitiv; Country authorities; IMF staff calculations.,,,,Social Bond,Not Applicable,Not Applicable,Mexican Peso,Billion US Dollars,,,,,,,,,,,,,,,,,,,7.056214829
514,World,,WLD,Cumulative Social Bond Issuances by Type of Currency,Refinitiv; Country authorities; IMF staff calculations.,,,,Social Bond,Not Applicable,Not Applicable,Mexican Peso,Share,,,,,,,,,,,,,,,,,,,0.773513268
515,World,,WLD,Cumulative Social Bond Issuances by Type of Currency,Refinitiv; Country authorities; IMF staff calculations.,,,,Social Bond,Not Applicable,Not Applicable,Mexican Unidad de Inversion,Billion US Dollars,,,,,,,,,,,,,,,,,,,0.138777566
516,World,,WLD,Cumulative Social Bond Issuances by Type of Currency,Refinitiv; Country authorities; IMF staff calculations.,,,,Social Bond,Not Applicable,Not Applicable,Mexican Unidad de Inversion,Share,,,,,,,,,,,,,,,,,,,0.015213013
517,World,,WLD,Cumulative Social Bond Issuances by Type of Currency,Refinitiv; Country authorities; IMF staff calculations.,,,,Social Bond,Not Applicable,Not Applicable,Mongolian Tugrik,Billion US Dollars,,,,,,,,,,,,,,,,,,,0.014075143
518,World,,WLD,Cumulative Social Bond Issuances by Type of Currency,Refinitiv; Country authorities; IMF staff calculations.,,,,Social Bond,Not Applicable,Not Applicable,Mongolian Tugrik,Share,,,,,,,,,,,,,,,,,,,0.001542939
519,World,,WLD,Cumulative Social Bond Issuances by Type of Currency,Refinitiv; Country authorities; IMF staff calculations.,,,,Social Bond,Not Applicable,Not Applicable,New Zealand Dollar,Billion US Dollars,,,,,,,,,,,,,,,,,,,3.169798701
520,World,,WLD,Cumulative Social Bond Issuances by Type of Currency,Refinitiv; Country authorities; IMF staff calculations.,,,,Social Bond,Not Applicable,Not Applicable,New Zealand Dollar,Share,,,,,,,,,,,,,,,,,,,0.347478274
521,World,,WLD,Cumulative Social Bond Issuances by Type of Currency,Refinitiv; Country authorities; IMF staff calculations.,,,,Social Bond,Not Applicable,Not Applicable,Nigerian Naira,Billion US Dollars,,,,,,,,,,,,,,,,,,,0.001425691
522,World,,WLD,Cumulative Social Bond Issuances by Type of Currency,Refinitiv; Country authorities; IMF staff calculations.,,,,Social Bond,Not Applicable,Not Applicable,Nigerian Naira,Share,,,,,,,,,,,,,,,,,,,0.000156286
523,World,,WLD,Cumulative Social Bond Issuances by Type of Currency,Refinitiv; Country authorities; IMF staff calculations.,,,,Social Bond,Not Applicable,Not Applicable,Norwegian Krone,Billion US Dollars,,,,,,,,,,,,,,,,,,,1.261506094
524,World,,WLD,Cumulative Social Bond Issuances by Type of Currency,Refinitiv; Country authorities; IMF staff calculations.,,,,Social Bond,Not Applicable,Not Applicable,Norwegian Krone,Share,,,,,,,,,,,,,,,,,,,0.138288264
525,World,,WLD,Cumulative Social Bond Issuances by Type of Currency,Refinitiv; Country authorities; IMF staff calculations.,,,,Social Bond,Not Applicable,Not Applicable,Peruvian Sol,Billion US Dollars,,,,,,,,,,,,,,,,,,,0.152504265
526,World,,WLD,Cumulative Social Bond Issuances by Type of Currency,Refinitiv; Country authorities; IMF staff calculations.,,,,Social Bond,Not Applicable,Not Applicable,Peruvian Sol,Share,,,,,,,,,,,,,,,,,,,0.016717755
527,World,,WLD,Cumulative Social Bond Issuances by Type of Currency,Refinitiv; Country authorities; IMF staff calculations.,,,,Social Bond,Not Applicable,Not Applicable,Philippine Peso,Billion US Dollars,,,,,,,,,,,,,,,,,,,0.715765378
528,World,,WLD,Cumulative Social Bond Issuances by Type of Currency,Refinitiv; Country authorities; IMF staff calculations.,,,,Social Bond,Not Applicable,Not Applicable,Philippine Peso,Share,,,,,,,,,,,,,,,,,,,0.078463316
529,World,,WLD,Cumulative Social Bond Issuances by Type of Currency,Refinitiv; Country authorities; IMF staff calculations.,,,,Social Bond,Not Applicable,Not Applicable,Polish Zloty,Billion US Dollars,,,,,,,,,,,,,,,,,,,0.229289764
530,World,,WLD,Cumulative Social Bond Issuances by Type of Currency,Refinitiv; Country authorities; IMF staff calculations.,,,,Social Bond,Not Applicable,Not Applicable,Polish Zloty,Share,,,,,,,,,,,,,,,,,,,0.025135101
531,World,,WLD,Cumulative Social Bond Issuances by Type of Currency,Refinitiv; Country authorities; IMF staff calculations.,,,,Social Bond,Not Applicable,Not Applicable,Romanian Leu,Billion US Dollars,,,,,,,,,,,,,,,,,,,0.008963219
532,World,,WLD,Cumulative Social Bond Issuances by Type of Currency,Refinitiv; Country authorities; IMF staff calculations.,,,,Social Bond,Not Applicable,Not Applicable,Romanian Leu,Share,,,,,,,,,,,,,,,,,,,0.000982562
533,World,,WLD,Cumulative Social Bond Issuances by Type of Currency,Refinitiv; Country authorities; IMF staff calculations.,,,,Social Bond,Not Applicable,Not Applicable,Russian Ruble,Billion US Dollars,,,,,,,,,,,,,,,,,,,0.873804147
534,World,,WLD,Cumulative Social Bond Issuances by Type of Currency,Refinitiv; Country authorities; IMF staff calculations.,,,,Social Bond,Not Applicable,Not Applicable,Russian Ruble,Share,,,,,,,,,,,,,,,,,,,0.095787773
535,World,,WLD,Cumulative Social Bond Issuances by Type of Currency,Refinitiv; Country authorities; IMF staff calculations.,,,,Social Bond,Not Applicable,Not Applicable,Singapore Dollar,Billion US Dollars,,,,,,,,,,,,,,,,,,,0.299878404
536,World,,WLD,Cumulative Social Bond Issuances by Type of Currency,Refinitiv; Country authorities; IMF staff calculations.,,,,Social Bond,Not Applicable,Not Applicable,Singapore Dollar,Share,,,,,,,,,,,,,,,,,,,0.032873138
537,World,,WLD,Cumulative Social Bond Issuances by Type of Currency,Refinitiv; Country authorities; IMF staff calculations.,,,,Social Bond,Not Applicable,Not Applicable,South African Rand,Billion US Dollars,,,,,,,,,,,,,,,,,,,0.951600192
538,World,,WLD,Cumulative Social Bond Issuances by Type of Currency,Refinitiv; Country authorities; IMF staff calculations.,,,,Social Bond,Not Applicable,Not Applicable,South African Rand,Share,,,,,,,,,,,,,,,,,,,0.104315896
539,World,,WLD,Cumulative Social Bond Issuances by Type of Currency,Refinitiv; Country authorities; IMF staff calculations.,,,,Social Bond,Not Applicable,Not Applicable,South Korean Won,Billion US Dollars,,,,,,,,,,,,,,,,,,,82.18543434
540,World,,WLD,Cumulative Social Bond Issuances by Type of Currency,Refinitiv; Country authorities; IMF staff calculations.,,,,Social Bond,Not Applicable,Not Applicable,South Korean Won,Share,,,,,,,,,,,,,,,,,,,9.009295409
541,World,,WLD,Cumulative Social Bond Issuances by Type of Currency,Refinitiv; Country authorities; IMF staff calculations.,,,,Social Bond,Not Applicable,Not Applicable,Swedish Krona,Billion US Dollars,,,,,,,,,,,,,,,,,,,2.817765158
542,World,,WLD,Cumulative Social Bond Issuances by Type of Currency,Refinitiv; Country authorities; IMF staff calculations.,,,,Social Bond,Not Applicable,Not Applicable,Swedish Krona,Share,,,,,,,,,,,,,,,,,,,0.308887808
543,World,,WLD,Cumulative Social Bond Issuances by Type of Currency,Refinitiv; Country authorities; IMF staff calculations.,,,,Social Bond,Not Applicable,Not Applicable,Swiss Franc,Billion US Dollars,,,,,,,,,,,,,,,,,,,2.116519989
544,World,,WLD,Cumulative Social Bond Issuances by Type of Currency,Refinitiv; Country authorities; IMF staff calculations.,,,,Social Bond,Not Applicable,Not Applicable,Swiss Franc,Share,,,,,,,,,,,,,,,,,,,0.23201622
545,World,,WLD,Cumulative Social Bond Issuances by Type of Currency,Refinitiv; Country authorities; IMF staff calculations.,,,,Social Bond,Not Applicable,Not Applicable,Taiwanese Dollar,Billion US Dollars,,,,,,,,,,,,,,,,,,,1.370496322
546,World,,WLD,Cumulative Social Bond Issuances by Type of Currency,Refinitiv; Country authorities; IMF staff calculations.,,,,Social Bond,Not Applicable,Not Applicable,Taiwanese Dollar,Share,,,,,,,,,,,,,,,,,,,0.150235943
547,World,,WLD,Cumulative Social Bond Issuances by Type of Currency,Refinitiv; Country authorities; IMF staff calculations.,,,,Social Bond,Not Applicable,Not Applicable,Thai Baht,Billion US Dollars,,,,,,,,,,,,,,,,,,,0.875531321
548,World,,WLD,Cumulative Social Bond Issuances by Type of Currency,Refinitiv; Country authorities; IMF staff calculations.,,,,Social Bond,Not Applicable,Not Applicable,Thai Baht,Share,,,,,,,,,,,,,,,,,,,0.095977108
549,World,,WLD,Cumulative Social Bond Issuances by Type of Currency,Refinitiv; Country authorities; IMF staff calculations.,,,,Social Bond,Not Applicable,Not Applicable,Turkish Lira,Billion US Dollars,,,,,,,,,,,,,,,,,,,0.01176534
550,World,,WLD,Cumulative Social Bond Issuances by Type of Currency,Refinitiv; Country authorities; IMF staff calculations.,,,,Social Bond,Not Applicable,Not Applicable,Turkish Lira,Share,,,,,,,,,,,,,,,,,,,0.001289735
551,World,,WLD,Cumulative Social Bond Issuances by Type of Currency,Refinitiv; Country authorities; IMF staff calculations.,,,,Social Bond,Not Applicable,Not Applicable,Ugandan Shilling,Billion US Dollars,,,,,,,,,,,,,,,,,,,0.005170068
552,World,,WLD,Cumulative Social Bond Issuances by Type of Currency,Refinitiv; Country authorities; IMF staff calculations.,,,,Social Bond,Not Applicable,Not Applicable,Ugandan Shilling,Share,,,,,,,,,,,,,,,,,,,0.000566751
553,World,,WLD,Cumulative Social Bond Issuances by Type of Currency,Refinitiv; Country authorities; IMF staff calculations.,,,,Social Bond,Not Applicable,Not Applicable,Uruguayan Peso,Billion US Dollars,,,,,,,,,,,,,,,,,,,0.006493506
554,World,,WLD,Cumulative Social Bond Issuances by Type of Currency,Refinitiv; Country authorities; IMF staff calculations.,,,,Social Bond,Not Applicable,Not Applicable,Uruguayan Peso,Share,,,,,,,,,,,,,,,,,,,0.000711828
555,World,,WLD,Cumulative Social Bond Issuances by Type of Currency,Refinitiv; Country authorities; IMF staff calculations.,,,,Social Bond,Not Applicable,Not Applicable,US Dollar,Billion US Dollars,,,,,,,,,,,,,,,,,,,243.5115648
556,World,,WLD,Cumulative Social Bond Issuances by Type of Currency,Refinitiv; Country authorities; IMF staff calculations.,,,,Social Bond,Not Applicable,Not Applicable,US Dollar,Share,,,,,,,,,,,,,,,,,,,26.69411728
557,World,,WLD,Cumulative Social Bond Issuances by Type of Currency,Refinitiv; Country authorities; IMF staff calculations.,,,,Social Bond,Not Applicable,Not Applicable,West African CFA Franc,Billion US Dollars,,,,,,,,,,,,,,,,,,,10.51291847
558,World,,WLD,Cumulative Social Bond Issuances by Type of Currency,Refinitiv; Country authorities; IMF staff calculations.,,,,Social Bond,Not Applicable,Not Applicable,West African CFA Franc,Share,,,,,,,,,,,,,,,,,,,1.152442509
559,World,,WLD,Cumulative Sustainability Bond Issuances by Type of Currency,Refinitiv; Country authorities; IMF staff calculations.,,,,Sustainability Bond,Not Applicable,Not Applicable,Argentinian Peso,Billion US Dollars,,,,,,,,,,,,,,,,,,,0.157800561
560,World,,WLD,Cumulative Sustainability Bond Issuances by Type of Currency,Refinitiv; Country authorities; IMF staff calculations.,,,,Sustainability Bond,Not Applicable,Not Applicable,Argentinian Peso,Share,,,,,,,,,,,,,,,,,,,0.014214941
561,World,,WLD,Cumulative Sustainability Bond Issuances by Type of Currency,Refinitiv; Country authorities; IMF staff calculations.,,,,Sustainability Bond,Not Applicable,Not Applicable,Armenian Dram,Billion US Dollars,,,,,,,,,,,,,,,,,,,0.013358023
562,World,,WLD,Cumulative Sustainability Bond Issuances by Type of Currency,Refinitiv; Country authorities; IMF staff calculations.,,,,Sustainability Bond,Not Applicable,Not Applicable,Armenian Dram,Share,,,,,,,,,,,,,,,,,,,0.001203313
563,World,,WLD,Cumulative Sustainability Bond Issuances by Type of Currency,Refinitiv; Country authorities; IMF staff calculations.,,,,Sustainability Bond,Not Applicable,Not Applicable,Australian Dollar,Billion US Dollars,,,,,,,,,,,,,,,,,,,36.60746353
564,World,,WLD,Cumulative Sustainability Bond Issuances by Type of Currency,Refinitiv; Country authorities; IMF staff calculations.,,,,Sustainability Bond,Not Applicable,Not Applicable,Australian Dollar,Share,,,,,,,,,,,,,,,,,,,3.297662148
565,World,,WLD,Cumulative Sustainability Bond Issuances by Type of Currency,Refinitiv; Country authorities; IMF staff calculations.,,,,Sustainability Bond,Not Applicable,Not Applicable,Brazilian Real,Billion US Dollars,,,,,,,,,,,,,,,,,,,7.892211903
566,World,,WLD,Cumulative Sustainability Bond Issuances by Type of Currency,Refinitiv; Country authorities; IMF staff calculations.,,,,Sustainability Bond,Not Applicable,Not Applicable,Brazilian Real,Share,,,,,,,,,,,,,,,,,,,0.710943779
567,World,,WLD,Cumulative Sustainability Bond Issuances by Type of Currency,Refinitiv; Country authorities; IMF staff calculations.,,,,Sustainability Bond,Not Applicable,Not Applicable,British Pound,Billion US Dollars,,,,,,,,,,,,,,,,,,,71.78891678
568,World,,WLD,Cumulative Sustainability Bond Issuances by Type of Currency,Refinitiv; Country authorities; IMF staff calculations.,,,,Sustainability Bond,Not Applicable,Not Applicable,British Pound,Share,,,,,,,,,,,,,,,,,,,6.466866883
569,World,,WLD,Cumulative Sustainability Bond Issuances by Type of Currency,Refinitiv; Country authorities; IMF staff calculations.,,,,Sustainability Bond,Not Applicable,Not Applicable,Canadian Dollar,Billion US Dollars,,,,,,,,,,,,,,,,,,,24.98268878
570,World,,WLD,Cumulative Sustainability Bond Issuances by Type of Currency,Refinitiv; Country authorities; IMF staff calculations.,,,,Sustainability Bond,Not Applicable,Not Applicable,Canadian Dollar,Share,,,,,,,,,,,,,,,,,,,2.250482803
571,World,,WLD,Cumulative Sustainability Bond Issuances by Type of Currency,Refinitiv; Country authorities; IMF staff calculations.,,,,Sustainability Bond,Not Applicable,Not Applicable,Chilean Peso,Billion US Dollars,,,,,,,,,,,,,,,,,,,2.705277284
572,World,,WLD,Cumulative Sustainability Bond Issuances by Type of Currency,Refinitiv; Country authorities; IMF staff calculations.,,,,Sustainability Bond,Not Applicable,Not Applicable,Chilean Peso,Share,,,,,,,,,,,,,,,,,,,0.243695947
573,World,,WLD,Cumulative Sustainability Bond Issuances by Type of Currency,Refinitiv; Country authorities; IMF staff calculations.,,,,Sustainability Bond,Not Applicable,Not Applicable,Chilean Unidad de Fomento,Billion US Dollars,,,,,,,,,,,,,,,,,,,0.59271624
574,World,,WLD,Cumulative Sustainability Bond Issuances by Type of Currency,Refinitiv; Country authorities; IMF staff calculations.,,,,Sustainability Bond,Not Applicable,Not Applicable,Chilean Unidad de Fomento,Share,,,,,,,,,,,,,,,,,,,0.05339288
575,World,,WLD,Cumulative Sustainability Bond Issuances by Type of Currency,Refinitiv; Country authorities; IMF staff calculations.,,,,Sustainability Bond,Not Applicable,Not Applicable,Chinese Yuan,Billion US Dollars,,,,,,,,,,,,,,,,,,,10.9444262
576,World,,WLD,Cumulative Sustainability Bond Issuances by Type of Currency,Refinitiv; Country authorities; IMF staff calculations.,,,,Sustainability Bond,Not Applicable,Not Applicable,Chinese Yuan,Share,,,,,,,,,,,,,,,,,,,0.985892399
577,World,,WLD,Cumulative Sustainability Bond Issuances by Type of Currency,Refinitiv; Country authorities; IMF staff calculations.,,,,Sustainability Bond,Not Applicable,Not Applicable,Colombian Peso,Billion US Dollars,,,,,,,,,,,,,,,,,,,0.457257416
578,World,,WLD,Cumulative Sustainability Bond Issuances by Type of Currency,Refinitiv; Country authorities; IMF staff calculations.,,,,Sustainability Bond,Not Applicable,Not Applicable,Colombian Peso,Share,,,,,,,,,,,,,,,,,,,0.04119052
579,World,,WLD,Cumulative Sustainability Bond Issuances by Type of Currency,Refinitiv; Country authorities; IMF staff calculations.,,,,Sustainability Bond,Not Applicable,Not Applicable,Euro,Billion US Dollars,,,,,,,,,,,,,,,,,,,234.5192889
580,World,,WLD,Cumulative Sustainability Bond Issuances by Type of Currency,Refinitiv; Country authorities; IMF staff calculations.,,,,Sustainability Bond,Not Applicable,Not Applicable,Euro,Share,,,,,,,,,,,,,,,,,,,21.12589367
581,World,,WLD,Cumulative Sustainability Bond Issuances by Type of Currency,Refinitiv; Country authorities; IMF staff calculations.,,,,Sustainability Bond,Not Applicable,Not Applicable,Georgian Lari,Billion US Dollars,,,,,,,,,,,,,,,,,,,0.059543541
582,World,,WLD,Cumulative Sustainability Bond Issuances by Type of Currency,Refinitiv; Country authorities; IMF staff calculations.,,,,Sustainability Bond,Not Applicable,Not Applicable,Georgian Lari,Share,,,,,,,,,,,,,,,,,,,0.005363783
583,World,,WLD,Cumulative Sustainability Bond Issuances by Type of Currency,Refinitiv; Country authorities; IMF staff calculations.,,,,Sustainability Bond,Not Applicable,Not Applicable,Hong Kong Dollar,Billion US Dollars,,,,,,,,,,,,,,,,,,,1.947944613
584,World,,WLD,Cumulative Sustainability Bond Issuances by Type of Currency,Refinitiv; Country authorities; IMF staff calculations.,,,,Sustainability Bond,Not Applicable,Not Applicable,Hong Kong Dollar,Share,,,,,,,,,,,,,,,,,,,0.175474141
585,World,,WLD,Cumulative Sustainability Bond Issuances by Type of Currency,Refinitiv; Country authorities; IMF staff calculations.,,,,Sustainability Bond,Not Applicable,Not Applicable,Indian Rupee,Billion US Dollars,,,,,,,,,,,,,,,,,,,1.702399988
586,World,,WLD,Cumulative Sustainability Bond Issuances by Type of Currency,Refinitiv; Country authorities; IMF staff calculations.,,,,Sustainability Bond,Not Applicable,Not Applicable,Indian Rupee,Share,,,,,,,,,,,,,,,,,,,0.153355066
587,World,,WLD,Cumulative Sustainability Bond Issuances by Type of Currency,Refinitiv; Country authorities; IMF staff calculations.,,,,Sustainability Bond,Not Applicable,Not Applicable,Indonesian Rupiah,Billion US Dollars,,,,,,,,,,,,,,,,,,,0.791483591
588,World,,WLD,Cumulative Sustainability Bond Issuances by Type of Currency,Refinitiv; Country authorities; IMF staff calculations.,,,,Sustainability Bond,Not Applicable,Not Applicable,Indonesian Rupiah,Share,,,,,,,,,,,,,,,,,,,0.071298179
589,World,,WLD,Cumulative Sustainability Bond Issuances by Type of Currency,Refinitiv; Country authorities; IMF staff calculations.,,,,Sustainability Bond,Not Applicable,Not Applicable,Japanese Yen,Billion US Dollars,,,,,,,,,,,,,,,,,,,22.21434068
590,World,,WLD,Cumulative Sustainability Bond Issuances by Type of Currency,Refinitiv; Country authorities; IMF staff calculations.,,,,Sustainability Bond,Not Applicable,Not Applicable,Japanese Yen,Share,,,,,,,,,,,,,,,,,,,2.001105331
591,World,,WLD,Cumulative Sustainability Bond Issuances by Type of Currency,Refinitiv; Country authorities; IMF staff calculations.,,,,Sustainability Bond,Not Applicable,Not Applicable,Kazakhstani Tenge,Billion US Dollars,,,,,,,,,,,,,,,,,,,0.594053357
592,World,,WLD,Cumulative Sustainability Bond Issuances by Type of Currency,Refinitiv; Country authorities; IMF staff calculations.,,,,Sustainability Bond,Not Applicable,Not Applicable,Kazakhstani Tenge,Share,,,,,,,,,,,,,,,,,,,0.05351333
593,World,,WLD,Cumulative Sustainability Bond Issuances by Type of Currency,Refinitiv; Country authorities; IMF staff calculations.,,,,Sustainability Bond,Not Applicable,Not Applicable,Kenyan Shilling,Billion US Dollars,,,,,,,,,,,,,,,,,,,0.004651162
594,World,,WLD,Cumulative Sustainability Bond Issuances by Type of Currency,Refinitiv; Country authorities; IMF staff calculations.,,,,Sustainability Bond,Not Applicable,Not Applicable,Kenyan Shilling,Share,,,,,,,,,,,,,,,,,,,0.000418985
595,World,,WLD,Cumulative Sustainability Bond Issuances by Type of Currency,Refinitiv; Country authorities; IMF staff calculations.,,,,Sustainability Bond,Not Applicable,Not Applicable,Malaysian Ringgit,Billion US Dollars,,,,,,,,,,,,,,,,,,,11.47800157
596,World,,WLD,Cumulative Sustainability Bond Issuances by Type of Currency,Refinitiv; Country authorities; IMF staff calculations.,,,,Sustainability Bond,Not Applicable,Not Applicable,Malaysian Ringgit,Share,,,,,,,,,,,,,,,,,,,1.033957769
597,World,,WLD,Cumulative Sustainability Bond Issuances by Type of Currency,Refinitiv; Country authorities; IMF staff calculations.,,,,Sustainability Bond,Not Applicable,Not Applicable,Mexican Peso,Billion US Dollars,,,,,,,,,,,,,,,,,,,23.85195206
598,World,,WLD,Cumulative Sustainability Bond Issuances by Type of Currency,Refinitiv; Country authorities; IMF staff calculations.,,,,Sustainability Bond,Not Applicable,Not Applicable,Mexican Peso,Share,,,,,,,,,,,,,,,,,,,2.14862413
599,World,,WLD,Cumulative Sustainability Bond Issuances by Type of Currency,Refinitiv; Country authorities; IMF staff calculations.,,,,Sustainability Bond,Not Applicable,Not Applicable,Mexican Unidad de Inversion,Billion US Dollars,,,,,,,,,,,,,,,,,,,0.333641576
600,World,,WLD,Cumulative Sustainability Bond Issuances by Type of Currency,Refinitiv; Country authorities; IMF staff calculations.,,,,Sustainability Bond,Not Applicable,Not Applicable,Mexican Unidad de Inversion,Share,,,,,,,,,,,,,,,,,,,0.030054997
601,World,,WLD,Cumulative Sustainability Bond Issuances by Type of Currency,Refinitiv; Country authorities; IMF staff calculations.,,,,Sustainability Bond,Not Applicable,Not Applicable,Namibian Dollar,Billion US Dollars,,,,,,,,,,,,,,,,,,,0.012325234
602,World,,WLD,Cumulative Sustainability Bond Issuances by Type of Currency,Refinitiv; Country authorities; IMF staff calculations.,,,,Sustainability Bond,Not Applicable,Not Applicable,Namibian Dollar,Share,,,,,,,,,,,,,,,,,,,0.001110278
603,World,,WLD,Cumulative Sustainability Bond Issuances by Type of Currency,Refinitiv; Country authorities; IMF staff calculations.,,,,Sustainability Bond,Not Applicable,Not Applicable,New Zealand Dollar,Billion US Dollars,,,,,,,,,,,,,,,,,,,11.97079324
604,World,,WLD,Cumulative Sustainability Bond Issuances by Type of Currency,Refinitiv; Country authorities; IMF staff calculations.,,,,Sustainability Bond,Not Applicable,Not Applicable,New Zealand Dollar,Share,,,,,,,,,,,,,,,,,,,1.078349275
605,World,,WLD,Cumulative Sustainability Bond Issuances by Type of Currency,Refinitiv; Country authorities; IMF staff calculations.,,,,Sustainability Bond,Not Applicable,Not Applicable,Norwegian Krone,Billion US Dollars,,,,,,,,,,,,,,,,,,,4.598298894
606,World,,WLD,Cumulative Sustainability Bond Issuances by Type of Currency,Refinitiv; Country authorities; IMF staff calculations.,,,,Sustainability Bond,Not Applicable,Not Applicable,Norwegian Krone,Share,,,,,,,,,,,,,,,,,,,0.414222531
607,World,,WLD,Cumulative Sustainability Bond Issuances by Type of Currency,Refinitiv; Country authorities; IMF staff calculations.,,,,Sustainability Bond,Not Applicable,Not Applicable,Paraguayan Guarani,Billion US Dollars,,,,,,,,,,,,,,,,,,,0.025349545
608,World,,WLD,Cumulative Sustainability Bond Issuances by Type of Currency,Refinitiv; Country authorities; IMF staff calculations.,,,,Sustainability Bond,Not Applicable,Not Applicable,Paraguayan Guarani,Share,,,,,,,,,,,,,,,,,,,0.00228353
609,World,,WLD,Cumulative Sustainability Bond Issuances by Type of Currency,Refinitiv; Country authorities; IMF staff calculations.,,,,Sustainability Bond,Not Applicable,Not Applicable,Peruvian Sol,Billion US Dollars,,,,,,,,,,,,,,,,,,,11.04371923
610,World,,WLD,Cumulative Sustainability Bond Issuances by Type of Currency,Refinitiv; Country authorities; IMF staff calculations.,,,,Sustainability Bond,Not Applicable,Not Applicable,Peruvian Sol,Share,,,,,,,,,,,,,,,,,,,0.994836882
611,World,,WLD,Cumulative Sustainability Bond Issuances by Type of Currency,Refinitiv; Country authorities; IMF staff calculations.,,,,Sustainability Bond,Not Applicable,Not Applicable,Philippine Peso,Billion US Dollars,,,,,,,,,,,,,,,,,,,4.447971321
612,World,,WLD,Cumulative Sustainability Bond Issuances by Type of Currency,Refinitiv; Country authorities; IMF staff calculations.,,,,Sustainability Bond,Not Applicable,Not Applicable,Philippine Peso,Share,,,,,,,,,,,,,,,,,,,0.40068077
613,World,,WLD,Cumulative Sustainability Bond Issuances by Type of Currency,Refinitiv; Country authorities; IMF staff calculations.,,,,Sustainability Bond,Not Applicable,Not Applicable,Polish Zloty,Billion US Dollars,,,,,,,,,,,,,,,,,,,1.141139417
614,World,,WLD,Cumulative Sustainability Bond Issuances by Type of Currency,Refinitiv; Country authorities; IMF staff calculations.,,,,Sustainability Bond,Not Applicable,Not Applicable,Polish Zloty,Share,,,,,,,,,,,,,,,,,,,0.102795766
615,World,,WLD,Cumulative Sustainability Bond Issuances by Type of Currency,Refinitiv; Country authorities; IMF staff calculations.,,,,Sustainability Bond,Not Applicable,Not Applicable,Romanian Leu,Billion US Dollars,,,,,,,,,,,,,,,,,,,0.317498597
616,World,,WLD,Cumulative Sustainability Bond Issuances by Type of Currency,Refinitiv; Country authorities; IMF staff calculations.,,,,Sustainability Bond,Not Applicable,Not Applicable,Romanian Leu,Share,,,,,,,,,,,,,,,,,,,0.02860081
617,World,,WLD,Cumulative Sustainability Bond Issuances by Type of Currency,Refinitiv; Country authorities; IMF staff calculations.,,,,Sustainability Bond,Not Applicable,Not Applicable,Russian Ruble,Billion US Dollars,,,,,,,,,,,,,,,,,,,0.364297319
618,World,,WLD,Cumulative Sustainability Bond Issuances by Type of Currency,Refinitiv; Country authorities; IMF staff calculations.,,,,Sustainability Bond,Not Applicable,Not Applicable,Russian Ruble,Share,,,,,,,,,,,,,,,,,,,0.032816518
619,World,,WLD,Cumulative Sustainability Bond Issuances by Type of Currency,Refinitiv; Country authorities; IMF staff calculations.,,,,Sustainability Bond,Not Applicable,Not Applicable,Rwandan Franc,Billion US Dollars,,,,,,,,,,,,,,,,,,,0.026975991
620,World,,WLD,Cumulative Sustainability Bond Issuances by Type of Currency,Refinitiv; Country authorities; IMF staff calculations.,,,,Sustainability Bond,Not Applicable,Not Applicable,Rwandan Franc,Share,,,,,,,,,,,,,,,,,,,0.002430043
621,World,,WLD,Cumulative Sustainability Bond Issuances by Type of Currency,Refinitiv; Country authorities; IMF staff calculations.,,,,Sustainability Bond,Not Applicable,Not Applicable,Singapore Dollar,Billion US Dollars,,,,,,,,,,,,,,,,,,,0.442845087
622,World,,WLD,Cumulative Sustainability Bond Issuances by Type of Currency,Refinitiv; Country authorities; IMF staff calculations.,,,,Sustainability Bond,Not Applicable,Not Applicable,Singapore Dollar,Share,,,,,,,,,,,,,,,,,,,0.039892233
623,World,,WLD,Cumulative Sustainability Bond Issuances by Type of Currency,Refinitiv; Country authorities; IMF staff calculations.,,,,Sustainability Bond,Not Applicable,Not Applicable,South African Rand,Billion US Dollars,,,,,,,,,,,,,,,,,,,1.016401814
624,World,,WLD,Cumulative Sustainability Bond Issuances by Type of Currency,Refinitiv; Country authorities; IMF staff calculations.,,,,Sustainability Bond,Not Applicable,Not Applicable,South African Rand,Share,,,,,,,,,,,,,,,,,,,0.091559192
625,World,,WLD,Cumulative Sustainability Bond Issuances by Type of Currency,Refinitiv; Country authorities; IMF staff calculations.,,,,Sustainability Bond,Not Applicable,Not Applicable,South Korean Won,Billion US Dollars,,,,,,,,,,,,,,,,,,,21.8622632
626,World,,WLD,Cumulative Sustainability Bond Issuances by Type of Currency,Refinitiv; Country authorities; IMF staff calculations.,,,,Sustainability Bond,Not Applicable,Not Applicable,South Korean Won,Share,,,,,,,,,,,,,,,,,,,1.969389597
627,World,,WLD,Cumulative Sustainability Bond Issuances by Type of Currency,Refinitiv; Country authorities; IMF staff calculations.,,,,Sustainability Bond,Not Applicable,Not Applicable,Swedish Krona,Billion US Dollars,,,,,,,,,,,,,,,,,,,5.925818003
628,World,,WLD,Cumulative Sustainability Bond Issuances by Type of Currency,Refinitiv; Country authorities; IMF staff calculations.,,,,Sustainability Bond,Not Applicable,Not Applicable,Swedish Krona,Share,,,,,,,,,,,,,,,,,,,0.533807695
629,World,,WLD,Cumulative Sustainability Bond Issuances by Type of Currency,Refinitiv; Country authorities; IMF staff calculations.,,,,Sustainability Bond,Not Applicable,Not Applicable,Swiss Franc,Billion US Dollars,,,,,,,,,,,,,,,,,,,1.672807324
630,World,,WLD,Cumulative Sustainability Bond Issuances by Type of Currency,Refinitiv; Country authorities; IMF staff calculations.,,,,Sustainability Bond,Not Applicable,Not Applicable,Swiss Franc,Share,,,,,,,,,,,,,,,,,,,0.150689309
631,World,,WLD,Cumulative Sustainability Bond Issuances by Type of Currency,Refinitiv; Country authorities; IMF staff calculations.,,,,Sustainability Bond,Not Applicable,Not Applicable,Taiwanese Dollar,Billion US Dollars,,,,,,,,,,,,,,,,,,,1.380890221
632,World,,WLD,Cumulative Sustainability Bond Issuances by Type of Currency,Refinitiv; Country authorities; IMF staff calculations.,,,,Sustainability Bond,Not Applicable,Not Applicable,Taiwanese Dollar,Share,,,,,,,,,,,,,,,,,,,0.124392924
633,World,,WLD,Cumulative Sustainability Bond Issuances by Type of Currency,Refinitiv; Country authorities; IMF staff calculations.,,,,Sustainability Bond,Not Applicable,Not Applicable,Thai Baht,Billion US Dollars,,,,,,,,,,,,,,,,,,,16.63848402
634,World,,WLD,Cumulative Sustainability Bond Issuances by Type of Currency,Refinitiv; Country authorities; IMF staff calculations.,,,,Sustainability Bond,Not Applicable,Not Applicable,Thai Baht,Share,,,,,,,,,,,,,,,,,,,1.498822745
635,World,,WLD,Cumulative Sustainability Bond Issuances by Type of Currency,Refinitiv; Country authorities; IMF staff calculations.,,,,Sustainability Bond,Not Applicable,Not Applicable,Turkish Lira,Billion US Dollars,,,,,,,,,,,,,,,,,,,0.322759977
636,World,,WLD,Cumulative Sustainability Bond Issuances by Type of Currency,Refinitiv; Country authorities; IMF staff calculations.,,,,Sustainability Bond,Not Applicable,Not Applicable,Turkish Lira,Share,,,,,,,,,,,,,,,,,,,0.029074764
637,World,,WLD,Cumulative Sustainability Bond Issuances by Type of Currency,Refinitiv; Country authorities; IMF staff calculations.,,,,Sustainability Bond,Not Applicable,Not Applicable,Ukrainian Hryvnia,Billion US Dollars,,,,,,,,,,,,,,,,,,,0.008347856
638,World,,WLD,Cumulative Sustainability Bond Issuances by Type of Currency,Refinitiv; Country authorities; IMF staff calculations.,,,,Sustainability Bond,Not Applicable,Not Applicable,Ukrainian Hryvnia,Share,,,,,,,,,,,,,,,,,,,0.000751989
639,World,,WLD,Cumulative Sustainability Bond Issuances by Type of Currency,Refinitiv; Country authorities; IMF staff calculations.,,,,Sustainability Bond,Not Applicable,Not Applicable,Uruguayan Peso,Billion US Dollars,,,,,,,,,,,,,,,,,,,0.525175584
640,World,,WLD,Cumulative Sustainability Bond Issuances by Type of Currency,Refinitiv; Country authorities; IMF staff calculations.,,,,Sustainability Bond,Not Applicable,Not Applicable,Uruguayan Peso,Share,,,,,,,,,,,,,,,,,,,0.047308704
641,World,,WLD,Cumulative Sustainability Bond Issuances by Type of Currency,Refinitiv; Country authorities; IMF staff calculations.,,,,Sustainability Bond,Not Applicable,Not Applicable,US Dollar,Billion US Dollars,,,,,,,,,,,,,,,,,,,571.9736266
642,World,,WLD,Cumulative Sustainability Bond Issuances by Type of Currency,Refinitiv; Country authorities; IMF staff calculations.,,,,Sustainability Bond,Not Applicable,Not Applicable,US Dollar,Share,,,,,,,,,,,,,,,,,,,51.5243504
643,World,,WLD,Cumulative Sustainability Bond Issuances by Type of Currency,Refinitiv; Country authorities; IMF staff calculations.,,,,Sustainability Bond,Not Applicable,Not Applicable,Uzbekistani Sum,Billion US Dollars,,,,,,,,,,,,,,,,,,,0.736615558
644,World,,WLD,Cumulative Sustainability Bond Issuances by Type of Currency,Refinitiv; Country authorities; IMF staff calculations.,,,,Sustainability Bond,Not Applicable,Not Applicable,Uzbekistani Sum,Share,,,,,,,,,,,,,,,,,,,0.066355574
645,World,,WLD,Cumulative Sustainability Bond Issuances by Type of Currency,Refinitiv; Country authorities; IMF staff calculations.,,,,Sustainability Bond,Not Applicable,Not Applicable,Vietnamese Dong,Billion US Dollars,,,,,,,,,,,,,,,,,,,0.009696491
646,World,,WLD,Cumulative Sustainability Bond Issuances by Type of Currency,Refinitiv; Country authorities; IMF staff calculations.,,,,Sustainability Bond,Not Applicable,Not Applicable,Vietnamese Dong,Share,,,,,,,,,,,,,,,,,,,0.000873476
647,World,,WLD,Cumulative Sustainability Linked Bond Issuances by Type of Currency,Refinitiv; Country authorities; IMF staff calculations.,,,,Linked Bond,Not Applicable,Not Applicable,Australian Dollar,Billion US Dollars,,,,,,,,,,,,,,,,,,,1.754027567
648,World,,WLD,Cumulative Sustainability Linked Bond Issuances by Type of Currency,Refinitiv; Country authorities; IMF staff calculations.,,,,Linked Bond,Not Applicable,Not Applicable,Australian Dollar,Share,,,,,,,,,,,,,,,,,,,0.504128665
649,World,,WLD,Cumulative Sustainability Linked Bond Issuances by Type of Currency,Refinitiv; Country authorities; IMF staff calculations.,,,,Linked Bond,Not Applicable,Not Applicable,Brazilian Real,Billion US Dollars,,,,,,,,,,,,,,,,,,,2.345497548
650,World,,WLD,Cumulative Sustainability Linked Bond Issuances by Type of Currency,Refinitiv; Country authorities; IMF staff calculations.,,,,Linked Bond,Not Applicable,Not Applicable,Brazilian Real,Share,,,,,,,,,,,,,,,,,,,0.674124267
651,World,,WLD,Cumulative Sustainability Linked Bond Issuances by Type of Currency,Refinitiv; Country authorities; IMF staff calculations.,,,,Linked Bond,Not Applicable,Not Applicable,British Pound,Billion US Dollars,,,,,,,,,,,,,,,,,,,5.05197216
652,World,,WLD,Cumulative Sustainability Linked Bond Issuances by Type of Currency,Refinitiv; Country authorities; IMF staff calculations.,,,,Linked Bond,Not Applicable,Not Applicable,British Pound,Share,,,,,,,,,,,,,,,,,,,1.451997692
653,World,,WLD,Cumulative Sustainability Linked Bond Issuances by Type of Currency,Refinitiv; Country authorities; IMF staff calculations.,,,,Linked Bond,Not Applicable,Not Applicable,Canadian Dollar,Billion US Dollars,,,,,,,,,,,,,,,,,,,4.289732768
654,World,,WLD,Cumulative Sustainability Linked Bond Issuances by Type of Currency,Refinitiv; Country authorities; IMF staff calculations.,,,,Linked Bond,Not Applicable,Not Applicable,Canadian Dollar,Share,,,,,,,,,,,,,,,,,,,1.232920903
655,World,,WLD,Cumulative Sustainability Linked Bond Issuances by Type of Currency,Refinitiv; Country authorities; IMF staff calculations.,,,,Linked Bond,Not Applicable,Not Applicable,Chilean Peso,Billion US Dollars,,,,,,,,,,,,,,,,,,,3.946141845
656,World,,WLD,Cumulative Sustainability Linked Bond Issuances by Type of Currency,Refinitiv; Country authorities; IMF staff calculations.,,,,Linked Bond,Not Applicable,Not Applicable,Chilean Peso,Share,,,,,,,,,,,,,,,,,,,1.134168731
657,World,,WLD,Cumulative Sustainability Linked Bond Issuances by Type of Currency,Refinitiv; Country authorities; IMF staff calculations.,,,,Linked Bond,Not Applicable,Not Applicable,Chilean Unidad de Fomento,Billion US Dollars,,,,,,,,,,,,,,,,,,,0.980736
658,World,,WLD,Cumulative Sustainability Linked Bond Issuances by Type of Currency,Refinitiv; Country authorities; IMF staff calculations.,,,,Linked Bond,Not Applicable,Not Applicable,Chilean Unidad de Fomento,Share,,,,,,,,,,,,,,,,,,,0.281875348
659,World,,WLD,Cumulative Sustainability Linked Bond Issuances by Type of Currency,Refinitiv; Country authorities; IMF staff calculations.,,,,Linked Bond,Not Applicable,Not Applicable,Chinese Yuan,Billion US Dollars,,,,,,,,,,,,,,,,,,,20.9689881
660,World,,WLD,Cumulative Sustainability Linked Bond Issuances by Type of Currency,Refinitiv; Country authorities; IMF staff calculations.,,,,Linked Bond,Not Applicable,Not Applicable,Chinese Yuan,Share,,,,,,,,,,,,,,,,,,,6.026739928
661,World,,WLD,Cumulative Sustainability Linked Bond Issuances by Type of Currency,Refinitiv; Country authorities; IMF staff calculations.,,,,Linked Bond,Not Applicable,Not Applicable,Colombian Peso,Billion US Dollars,,,,,,,,,,,,,,,,,,,0.012096286
662,World,,WLD,Cumulative Sustainability Linked Bond Issuances by Type of Currency,Refinitiv; Country authorities; IMF staff calculations.,,,,Linked Bond,Not Applicable,Not Applicable,Colombian Peso,Share,,,,,,,,,,,,,,,,,,,0.003476618
663,World,,WLD,Cumulative Sustainability Linked Bond Issuances by Type of Currency,Refinitiv; Country authorities; IMF staff calculations.,,,,Linked Bond,Not Applicable,Not Applicable,Euro,Billion US Dollars,,,,,,,,,,,,,,,,,,,141.3182816
664,World,,WLD,Cumulative Sustainability Linked Bond Issuances by Type of Currency,Refinitiv; Country authorities; IMF staff calculations.,,,,Linked Bond,Not Applicable,Not Applicable,Euro,Share,,,,,,,,,,,,,,,,,,,40.6165775
665,World,,WLD,Cumulative Sustainability Linked Bond Issuances by Type of Currency,Refinitiv; Country authorities; IMF staff calculations.,,,,Linked Bond,Not Applicable,Not Applicable,Japanese Yen,Billion US Dollars,,,,,,,,,,,,,,,,,,,11.13655594
666,World,,WLD,Cumulative Sustainability Linked Bond Issuances by Type of Currency,Refinitiv; Country authorities; IMF staff calculations.,,,,Linked Bond,Not Applicable,Not Applicable,Japanese Yen,Share,,,,,,,,,,,,,,,,,,,3.20078041
667,World,,WLD,Cumulative Sustainability Linked Bond Issuances by Type of Currency,Refinitiv; Country authorities; IMF staff calculations.,,,,Linked Bond,Not Applicable,Not Applicable,Malaysian Ringgit,Billion US Dollars,,,,,,,,,,,,,,,,,,,0.665145485
668,World,,WLD,Cumulative Sustainability Linked Bond Issuances by Type of Currency,Refinitiv; Country authorities; IMF staff calculations.,,,,Linked Bond,Not Applicable,Not Applicable,Malaysian Ringgit,Share,,,,,,,,,,,,,,,,,,,0.19117083
669,World,,WLD,Cumulative Sustainability Linked Bond Issuances by Type of Currency,Refinitiv; Country authorities; IMF staff calculations.,,,,Linked Bond,Not Applicable,Not Applicable,Mexican Peso,Billion US Dollars,,,,,,,,,,,,,,,,,,,6.901008126
670,World,,WLD,Cumulative Sustainability Linked Bond Issuances by Type of Currency,Refinitiv; Country authorities; IMF staff calculations.,,,,Linked Bond,Not Applicable,Not Applicable,Mexican Peso,Share,,,,,,,,,,,,,,,,,,,1.983432916
671,World,,WLD,Cumulative Sustainability Linked Bond Issuances by Type of Currency,Refinitiv; Country authorities; IMF staff calculations.,,,,Linked Bond,Not Applicable,Not Applicable,Mexican Unidad de Inversion,Billion US Dollars,,,,,,,,,,,,,,,,,,,0.209230302
672,World,,WLD,Cumulative Sustainability Linked Bond Issuances by Type of Currency,Refinitiv; Country authorities; IMF staff calculations.,,,,Linked Bond,Not Applicable,Not Applicable,Mexican Unidad de Inversion,Share,,,,,,,,,,,,,,,,,,,0.060135311
673,World,,WLD,Cumulative Sustainability Linked Bond Issuances by Type of Currency,Refinitiv; Country authorities; IMF staff calculations.,,,,Linked Bond,Not Applicable,Not Applicable,New Zealand Dollar,Billion US Dollars,,,,,,,,,,,,,,,,,,,0.057400009
674,World,,WLD,Cumulative Sustainability Linked Bond Issuances by Type of Currency,Refinitiv; Country authorities; IMF staff calculations.,,,,Linked Bond,Not Applicable,Not Applicable,New Zealand Dollar,Share,,,,,,,,,,,,,,,,,,,0.016497454
675,World,,WLD,Cumulative Sustainability Linked Bond Issuances by Type of Currency,Refinitiv; Country authorities; IMF staff calculations.,,,,Linked Bond,Not Applicable,Not Applicable,Norwegian Krone,Billion US Dollars,,,,,,,,,,,,,,,,,,,1.167214237
676,World,,WLD,Cumulative Sustainability Linked Bond Issuances by Type of Currency,Refinitiv; Country authorities; IMF staff calculations.,,,,Linked Bond,Not Applicable,Not Applicable,Norwegian Krone,Share,,,,,,,,,,,,,,,,,,,0.335471441
677,World,,WLD,Cumulative Sustainability Linked Bond Issuances by Type of Currency,Refinitiv; Country authorities; IMF staff calculations.,,,,Linked Bond,Not Applicable,Not Applicable,Philippine Peso,Billion US Dollars,,,,,,,,,,,,,,,,,,,1.074785733
678,World,,WLD,Cumulative Sustainability Linked Bond Issuances by Type of Currency,Refinitiv; Country authorities; IMF staff calculations.,,,,Linked Bond,Not Applicable,Not Applicable,Philippine Peso,Share,,,,,,,,,,,,,,,,,,,0.308906374
679,World,,WLD,Cumulative Sustainability Linked Bond Issuances by Type of Currency,Refinitiv; Country authorities; IMF staff calculations.,,,,Linked Bond,Not Applicable,Not Applicable,Polish Zloty,Billion US Dollars,,,,,,,,,,,,,,,,,,,1.382314431
680,World,,WLD,Cumulative Sustainability Linked Bond Issuances by Type of Currency,Refinitiv; Country authorities; IMF staff calculations.,,,,Linked Bond,Not Applicable,Not Applicable,Polish Zloty,Share,,,,,,,,,,,,,,,,,,,0.397293829
681,World,,WLD,Cumulative Sustainability Linked Bond Issuances by Type of Currency,Refinitiv; Country authorities; IMF staff calculations.,,,,Linked Bond,Not Applicable,Not Applicable,Singapore Dollar,Billion US Dollars,,,,,,,,,,,,,,,,,,,1.927539483
682,World,,WLD,Cumulative Sustainability Linked Bond Issuances by Type of Currency,Refinitiv; Country authorities; IMF staff calculations.,,,,Linked Bond,Not Applicable,Not Applicable,Singapore Dollar,Share,,,,,,,,,,,,,,,,,,,0.553998081
683,World,,WLD,Cumulative Sustainability Linked Bond Issuances by Type of Currency,Refinitiv; Country authorities; IMF staff calculations.,,,,Linked Bond,Not Applicable,Not Applicable,South African Rand,Billion US Dollars,,,,,,,,,,,,,,,,,,,0.303302373
684,World,,WLD,Cumulative Sustainability Linked Bond Issuances by Type of Currency,Refinitiv; Country authorities; IMF staff calculations.,,,,Linked Bond,Not Applicable,Not Applicable,South African Rand,Share,,,,,,,,,,,,,,,,,,,0.087172758
685,World,,WLD,Cumulative Sustainability Linked Bond Issuances by Type of Currency,Refinitiv; Country authorities; IMF staff calculations.,,,,Linked Bond,Not Applicable,Not Applicable,South Korean Won,Billion US Dollars,,,,,,,,,,,,,,,,,,,0.258236048
686,World,,WLD,Cumulative Sustainability Linked Bond Issuances by Type of Currency,Refinitiv; Country authorities; IMF staff calculations.,,,,Linked Bond,Not Applicable,Not Applicable,South Korean Won,Share,,,,,,,,,,,,,,,,,,,0.074220153
687,World,,WLD,Cumulative Sustainability Linked Bond Issuances by Type of Currency,Refinitiv; Country authorities; IMF staff calculations.,,,,Linked Bond,Not Applicable,Not Applicable,Swedish Krona,Billion US Dollars,,,,,,,,,,,,,,,,,,,2.794345681
688,World,,WLD,Cumulative Sustainability Linked Bond Issuances by Type of Currency,Refinitiv; Country authorities; IMF staff calculations.,,,,Linked Bond,Not Applicable,Not Applicable,Swedish Krona,Share,,,,,,,,,,,,,,,,,,,0.80312863
689,World,,WLD,Cumulative Sustainability Linked Bond Issuances by Type of Currency,Refinitiv; Country authorities; IMF staff calculations.,,,,Linked Bond,Not Applicable,Not Applicable,Swiss Franc,Billion US Dollars,,,,,,,,,,,,,,,,,,,1.829594377
690,World,,WLD,Cumulative Sustainability Linked Bond Issuances by Type of Currency,Refinitiv; Country authorities; IMF staff calculations.,,,,Linked Bond,Not Applicable,Not Applicable,Swiss Franc,Share,,,,,,,,,,,,,,,,,,,0.525847477
691,World,,WLD,Cumulative Sustainability Linked Bond Issuances by Type of Currency,Refinitiv; Country authorities; IMF staff calculations.,,,,Linked Bond,Not Applicable,Not Applicable,Taiwanese Dollar,Billion US Dollars,,,,,,,,,,,,,,,,,,,0.241593459
692,World,,WLD,Cumulative Sustainability Linked Bond Issuances by Type of Currency,Refinitiv; Country authorities; IMF staff calculations.,,,,Linked Bond,Not Applicable,Not Applicable,Taiwanese Dollar,Share,,,,,,,,,,,,,,,,,,,0.069436872
693,World,,WLD,Cumulative Sustainability Linked Bond Issuances by Type of Currency,Refinitiv; Country authorities; IMF staff calculations.,,,,Linked Bond,Not Applicable,Not Applicable,Thai Baht,Billion US Dollars,,,,,,,,,,,,,,,,,,,3.795433461
694,World,,WLD,Cumulative Sustainability Linked Bond Issuances by Type of Currency,Refinitiv; Country authorities; IMF staff calculations.,,,,Linked Bond,Not Applicable,Not Applicable,Thai Baht,Share,,,,,,,,,,,,,,,,,,,1.090853325
695,World,,WLD,Cumulative Sustainability Linked Bond Issuances by Type of Currency,Refinitiv; Country authorities; IMF staff calculations.,,,,Linked Bond,Not Applicable,Not Applicable,US Dollar,Billion US Dollars,,,,,,,,,,,,,,,,,,,133.5213469
696,World,,WLD,Cumulative Sustainability Linked Bond Issuances by Type of Currency,Refinitiv; Country authorities; IMF staff calculations.,,,,Linked Bond,Not Applicable,Not Applicable,US Dollar,Share,,,,,,,,,,,,,,,,,,,38.37564448
697,World,,WLD,Green Bond Issuances,Refinitiv; Country authorities; IMF staff calculations.,,,,Green Bonds,Not Applicable,Not Applicable,Not Applicable,Billion US Dollars,,0.627477227,0.448148549,0.887563462,2.868733587,0.809476062,2.336444511,14.45177755,30.15409877,46.99043997,98.15322708,166.5177305,158.4883892,282.1789259,291.4313011,704.290357,597.728719,567.3826088,577.4054317
698,World,,WLD,Green Bond Issuances by Type of Issuer,Refinitiv; Country authorities; IMF staff calculations.,,,,Green Bonds,Banks,Not Applicable,Not Applicable,Billion US Dollars,,,,,,,,0.734592205,1.016493093,7.693038958,30.41027089,27.29023341,44.50397407,44.64335366,38.54222743,94.01743522,150.3129134,152.3902709,99.51869195
699,World,,WLD,Green Bond Issuances by Type of Issuer,Refinitiv; Country authorities; IMF staff calculations.,,,,Green Bonds,International Organization,Not Applicable,Not Applicable,Billion US Dollars,,0.627477227,0.343569012,0.887563462,2.736618778,0.783664542,1.394882314,7.203392693,9.781930191,7.346691465,17.08963281,10.72127879,15.33679886,20.55929029,12.79542494,35.19571417,58.18697058,18.22990218,46.40176224
700,World,,WLD,Green Bond Issuances by Type of Issuer,Refinitiv; Country authorities; IMF staff calculations.,,,,Green Bonds,Local and state Government,Not Applicable,Not Applicable,Billion US Dollars,,,,,,,0.599701466,0.044724718,0.963940825,0.811023272,1.728324106,2.928517913,4.292214374,3.109373438,6.166453839,10.19796401,6.484296914,12.26044264,10.4443626
701,World,,WLD,Green Bond Issuances by Type of Issuer,Refinitiv; Country authorities; IMF staff calculations.,,,,Green Bonds,Nonfinancial corporations,Not Applicable,Not Applicable,Billion US Dollars,,,,,,,0.037,1.994868947,8.994764585,13.09750982,22.94279919,37.63751313,37.81526495,82.62020776,103.2260875,203.5091562,156.486786,139.9744868,148.9851115
702,World,,WLD,Green Bond Issuances by Type of Issuer,Refinitiv; Country authorities; IMF staff calculations.,,,,Green Bonds,Other financial corporations,Not Applicable,Not Applicable,Billion US Dollars,,,,,,,0.276590742,2.608670555,3.424633242,6.522156353,10.67351063,24.52958504,18.30854911,61.11133964,56.02833808,122.2188281,93.22256472,95.425178,120.8810046
703,World,,WLD,Green Bond Issuances by Type of Issuer,Refinitiv; Country authorities; IMF staff calculations.,,,,Green Bonds,Sovereign,Not Applicable,Not Applicable,Billion US Dollars,,,,,,,,,,,0.784346534,36.76788849,21.00002421,27.66129757,29.14057953,173.0451487,73.65214655,90.52876532,89.37331577
704,World,,WLD,Green Bond Issuances by Type of Issuer,Refinitiv; Country authorities; IMF staff calculations.,,,,Green Bonds,State owned entities,Not Applicable,Not Applicable,Billion US Dollars,,,0.104579537,,0.132114809,0.02581152,0.028269989,1.865528435,5.972336831,11.5200201,14.52434292,26.64271375,17.23156368,42.47406352,45.53218984,66.10611056,59.38304083,58.57356295,61.80118306
705,World,,WLD,Green Bond Outstanding Issuances,Refinitiv; Country authorities; IMF staff calculations.,,,,Green Bonds,Not Applicable,Not Applicable,Not Applicable,Billion US Dollars,,0.627477227,1.075625776,1.963189238,4.831922825,5.641398887,7.977843398,20.9881929,49.68325471,95.63338558,190.0045812,348.6146636,500.2539034,770.3452126,1015.534339,1661.812571,2172.233682,2627.121759,3090.241335
706,World,,WLD,Share of Self-Labeled Green Bonds in Issuances,Refinitiv; Country authorities; IMF staff calculations.,,,,,Not Applicable,Not Applicable,Not Applicable,Share,,,50,20,,,4.347826087,10.41666667,3.597122302,4.234527687,15.83011583,22.55965293,21.26537786,24.22680412,28.61660079,31.03603604,36.78947368,33.19126265,29.03558535
707,World,,WLD,Social Bond Issuances,Refinitiv; Country authorities; IMF staff calculations.,,,,Social Bond,Not Applicable,Not Applicable,Not Applicable,Billion US Dollars,2,,0.095198096,0.721791942,0.24903964,0.061421076,2.434903473,0.759216146,1.041172365,3.308921419,2.755638685,11.51420557,14.05794211,20.45445021,177.99039,223.5888702,152.3392177,152.4399074,146.4170349
708,World,,WLD,Social Bond Issuances by Type of Issuer,Refinitiv; Country authorities; IMF staff calculations.,,,,Social Bond,Banks,Not Applicable,Not Applicable,Billion US Dollars,,,,,,,,,,1.356296527,0.104970345,1.067114168,3.85594312,4.897583103,11.06000773,19.72705995,13.54840509,18.88567682,18.80263694
709,World,,WLD,Social Bond Issuances by Type of Issuer,Refinitiv; Country authorities; IMF staff calculations.,,,,Social Bond,International Organization,Not Applicable,Not Applicable,Billion US Dollars,2,,0.095198096,0.721791942,0.24903964,0.061421076,0.054445041,0.759216146,0.541172365,0.021348047,0.55,2.530245016,3.029618279,1.215624548,71.41292513,58.23524386,20.93795322,12.10513328,9.664400469
710,World,,WLD,Social Bond Issuances by Type of Issuer,Refinitiv; Country authorities; IMF staff calculations.,,,,Social Bond,Local and state Government,Not Applicable,Not Applicable,Billion US Dollars,,,,,,,,,,,0.050198178,1.045795378,,0.020915907,2.412296566,0.910172839,1.703271701,4.58329452,3.171466397
711,World,,WLD,Social Bond Issuances by Type of Issuer,Refinitiv; Country authorities; IMF staff calculations.,,,,Social Bond,Nonfinancial corporations,Not Applicable,Not Applicable,Billion US Dollars,,,,,,,1.700010426,,,0.01,,,0.313738613,1.674776589,25.23723614,20.63468594,11.75061632,8.085811158,10.06370616
712,World,,WLD,Social Bond Issuances by Type of Issuer,Refinitiv; Country authorities; IMF staff calculations.,,,,Social Bond,Other financial corporations,Not Applicable,Not Applicable,Billion US Dollars,,,,,,,0.680448006,,0.5,0.2,,1.013279229,1.195912875,3.485548065,12.24896883,13.08873815,11.40327339,11.58904142,23.42518911
713,World,,WLD,Social Bond Issuances by Type of Issuer,Refinitiv; Country authorities; IMF staff calculations.,,,,Social Bond,Sovereign,Not Applicable,Not Applicable,Billion US Dollars,,,,,,,,,,,,,,,5.796127138,18.82232096,4.102084305,9.262416029,7.900840567
714,World,,WLD,Social Bond Issuances by Type of Issuer,Refinitiv; Country authorities; IMF staff calculations.,,,,Social Bond,State owned entities,Not Applicable,Not Applicable,Billion US Dollars,,,,,,,,,,1.721276845,2.050470162,5.857771783,5.66272922,9.160002001,49.8228285,92.17064854,88.89361363,87.9285342,73.38879526
715,World,,WLD,Social Bond Outstanding Issuances,Refinitiv; Country authorities; IMF staff calculations.,,,,Social Bond,Not Applicable,Not Applicable,Not Applicable,Billion US Dollars,2,2,2.095198096,2.816990038,3.066029678,3.032252658,3.467156131,3.885304449,4.926476814,7.838052147,10.31827572,20.73248129,33.2522282,52.37670807,229.8670981,445.5586163,593.4410599,734.7730242,839.663246
716,World,,WLD,Sustainability Bond Issuances,Refinitiv; Country authorities; IMF staff calculations.,,,,Sustainability Bond,Not Applicable,Not Applicable,Not Applicable,Billion US Dollars,,,0.052874803,,,,,0.524548887,1.252889412,2.119138769,5.58943994,17.66308597,41.13064554,80.5807866,174.4674947,233.7957255,177.3260102,170.5470194,205.0538585
717,World,,WLD,Sustainability Bond Issuances by Type of Issuer,Refinitiv; Country authorities; IMF staff calculations.,,,,Sustainability Bond,Banks,Not Applicable,Not Applicable,Billion US Dollars,,,,,,,,,0.625412185,,0.3,1.35,2.341579238,12.09900674,12.7605162,28.14367749,17.78546044,13.67475415,20.36084071
718,World,,WLD,Sustainability Bond Issuances by Type of Issuer,Refinitiv; Country authorities; IMF staff calculations.,,,,Sustainability Bond,International Organization,Not Applicable,Not Applicable,Billion US Dollars,,,,,,,,,,0.1,0.182742502,8.071175349,26.77985788,37.83799187,112.0292698,79.19511205,55.94233496,69.94528325,82.95127504
719,World,,WLD,Sustainability Bond Issuances by Type of Issuer,Refinitiv; Country authorities; IMF staff calculations.,,,,Sustainability Bond,Local and state Government,Not Applicable,Not Applicable,Billion US Dollars,,,0.052874803,,,,,,0.627477227,1.307244223,2.338792723,3.53723876,5.190282464,12.39267524,8.11537214,10.33365995,9.319996378,12.03402769,12.88921622
720,World,,WLD,Sustainability Bond Issuances by Type of Issuer,Refinitiv; Country authorities; IMF staff calculations.,,,,Sustainability Bond,Nonfinancial corporations,Not Applicable,Not Applicable,Billion US Dollars,,,,,,,,,,,0.069957436,0.136164517,1.270171416,5.731517359,13.50639125,30.86628989,19.34382052,20.16461382,22.68117922
721,World,,WLD,Sustainability Bond Issuances by Type of Issuer,Refinitiv; Country authorities; IMF staff calculations.,,,,Sustainability Bond,Other financial corporations,Not Applicable,Not Applicable,Billion US Dollars,,,,,,,,,,0.03144654,1.082298944,0.696463132,0.60453514,5.389166637,9.5063031,42.07265112,27.42042172,13.62840859,26.27186893
722,World,,WLD,Sustainability Bond Issuances by Type of Issuer,Refinitiv; Country authorities; IMF staff calculations.,,,,Sustainability Bond,Sovereign,Not Applicable,Not Applicable,Billion US Dollars,,,,,,,,,,,,,,0.5,8.675735696,14.55784949,24.80509701,21.23324813,21.05817431
723,World,,WLD,Sustainability Bond Issuances by Type of Issuer,Refinitiv; Country authorities; IMF staff calculations.,,,,Sustainability Bond,State owned entities,Not Applicable,Not Applicable,Billion US Dollars,,,,,,,,0.524548887,,0.680448006,1.615648335,3.872044208,4.9442194,6.630428744,9.873906556,28.62648553,22.70887914,19.86668377,18.84130406
724,World,,WLD,Sustainability Bond Outstanding Issuances,Refinitiv; Country authorities; IMF staff calculations.,,,,Sustainability Bond,Not Applicable,Not Applicable,Not Applicable,Billion US Dollars,,,0.052874803,0.052874803,0.052874803,0.052874803,0.052874803,0.57742369,1.830313102,3.949451871,9.538891811,27.20197778,68.33262332,146.0421385,318.1666691,539.8981977,703.3808958,853.1308114,1004.118085
725,World,,WLD,Sustainability Linked Bond Issuances,Refinitiv; Country authorities; IMF staff calculations.,,,,Linked Bond,Not Applicable,Not Applicable,Not Applicable,Billion US Dollars,,,,,,,,,,,,,,5.723806267,10.50974082,127.9431686,93.48069121,65.76634338,44.50876963
726,World,,WLD,Sustainability Linked Bond Issuances by Type of Issuer,Refinitiv; Country authorities; IMF staff calculations.,,,,Linked Bond,Banks,Not Applicable,Not Applicable,Billion US Dollars,,,,,,,,,,,,,,0.112316837,,1.708802814,,,0.962468896
727,World,,WLD,Sustainability Linked Bond Issuances by Type of Issuer,Refinitiv; Country authorities; IMF staff calculations.,,,,Linked Bond,Local and state Government,Not Applicable,Not Applicable,Billion US Dollars,,,,,,,,,,,,,,,,,0.127595338,0.249925606,0.052340932
728,World,,WLD,Sustainability Linked Bond Issuances by Type of Issuer,Refinitiv; Country authorities; IMF staff calculations.,,,,Linked Bond,Nonfinancial corporations,Not Applicable,Not Applicable,Billion US Dollars,,,,,,,,,,,,,,5.61148943,5.141632349,66.06773703,41.79548928,28.43540022,25.86190342
729,World,,WLD,Sustainability Linked Bond Issuances by Type of Issuer,Refinitiv; Country authorities; IMF staff calculations.,,,,Linked Bond,Other financial corporations,Not Applicable,Not Applicable,Billion US Dollars,,,,,,,,,,,,,,,5.368108472,59.56662879,47.35763059,25.23314528,15.87243812
730,World,,WLD,Sustainability Linked Bond Issuances by Type of Issuer,Refinitiv; Country authorities; IMF staff calculations.,,,,Linked Bond,Sovereign,Not Applicable,Not Applicable,Billion US Dollars,,,,,,,,,,,,,,,,,4.199975998,8.84273558,1.759618252
731,World,,WLD,Sustainability Linked Bond Issuances by Type of Issuer,Refinitiv; Country authorities; IMF staff calculations.,,,,Linked Bond,State owned entities,Not Applicable,Not Applicable,Billion US Dollars,,,,,,,,,,,,,,,,0.6,,3.005136691,
732,World,,WLD,Sustainability Linked Bond Outstanding Issuances,Refinitiv; Country authorities; IMF staff calculations.,,,,Linked Bond,Not Applicable,Not Applicable,Not Applicable,Billion US Dollars,,,,,,,,,,,,,,5.723806267,16.23354709,144.0721362,237.002986,302.3433646,344.655242
